hour,day_of_year,irradiance_W_m2,ambient_temp_C,panel_temp_C,humidity_percent,wind_speed_m_s,voltage_V,current_A,condition_encoded
6,92,174.44,22.54,28.12,77.11,4.12,28.442,4.9019,4
6,312,144.89,28.19,32.56,77.7,3.302,28.473,5.9861,0
16,77,386.03,27.2,38.98,54.18,3.643,29.787,15.0,2
3,354,0.0,24.37,25.12,90.7,3.236,28.449,0.1651,2
10,214,837.84,22.16,48.84,38.65,2.887,29.463,15.0,2
6,175,234.31,19.66,27.23,77.39,3.053,30.487,13.5152,2
19,350,0.0,26.45,27.94,90.47,4.629,18.58,0.0241,3
7,353,177.78,29.94,36.34,68.86,1.963,30.947,9.5526,2
20,138,0.0,14.13,13.64,92.31,3.426,30.006,0.0,2
4,147,13.58,13.43,13.63,94.63,1.335,29.676,0.5628,4
22,330,6.8,23.23,25.29,98.36,2.538,28.373,0.0,0
21,337,6.57,26.94,27.06,96.27,2.983,30.36,0.6118,2
9,28,400.48,33.48,46.33,55.42,3.183,29.653,15.0,0
13,30,581.79,30.2,48.21,36.24,3.53,29.593,15.0,2
6,132,248.59,18.28,25.21,78.77,1.978,29.928,6.3129,4
4,360,0.0,23.47,23.04,98.97,0.295,28.148,0.0,4
21,181,5.64,15.81,16.46,98.53,0.956,27.245,0.0,2
10,144,863.68,23.38,50.45,37.04,1.971,31.307,15.0,2
13,20,537.13,29.48,46.43,35.17,1.944,30.449,15.0,2
4,139,37.27,14.62,15.12,94.4,2.743,18.789,1.8107,3
3,254,0.66,18.33,17.69,97.99,2.603,26.881,0.5059,2
17,283,278.5,24.82,32.67,63.78,0.475,30.036,15.0,2
17,205,336.63,20.93,33.02,64.26,1.679,27.834,15.0,2
1,249,0.0,16.41,16.41,94.77,2.738,28.364,0.1425,2
3,348,31.49,26.92,29.07,100.0,1.903,28.373,2.4058,2
5,345,0.0,26.13,27.78,91.52,1.548,28.991,0.6942,2
11,172,1009.86,21.81,53.83,31.84,3.221,32.354,15.0,2
20,140,0.0,12.64,12.9,95.49,4.028,21.313,0.8508,3
12,331,568.89,34.31,51.27,31.51,7.717,31.726,11.8394,4
6,12,103.29,29.45,33.85,77.62,2.809,29.291,6.5473,2
9,267,544.31,28.88,46.31,47.88,3.573,30.209,15.0,2
4,151,27.82,14.01,14.04,91.15,2.591,15.64,0.0,3
18,41,118.25,27.36,33.34,77.69,1.326,28.066,3.3457,4
19,250,1.57,18.95,20.32,89.45,2.758,27.453,0.5802,0
18,335,130.83,31.09,36.97,81.01,0.928,30.194,5.2585,0
11,278,706.49,31.78,53.26,30.75,5.761,30.48,15.0,0
23,299,8.72,20.99,21.72,94.82,2.593,3.867,0.0,1
16,47,330.58,26.91,36.71,57.69,0.944,29.842,12.7304,0
10,140,863.6,22.42,48.74,39.69,2.265,29.313,15.0,0
15,237,659.94,24.5,45.58,46.91,1.13,30.737,14.8123,4
0,103,26.75,15.66,16.88,92.06,1.325,17.452,0.354,3
7,111,322.28,23.34,32.16,67.91,2.802,27.311,15.0,2
6,117,228.27,17.79,24.23,75.43,0.225,27.97,13.9579,2
4,31,3.65,20.35,19.57,92.36,1.017,26.495,0.3032,4
18,14,118.79,28.38,32.8,80.42,4.561,29.024,8.1775,2
1,152,1.86,12.11,11.68,95.59,2.812,28.624,0.4232,0
21,31,1.12,25.32,24.68,94.79,5.909,29.188,0.0,2
23,10,0.0,19.53,20.74,98.51,1.393,28.712,0.0629,2
23,53,0.0,20.48,21.63,91.78,4.182,17.929,0.4956,3
19,245,5.84,21.17,21.21,90.63,3.315,27.845,0.0088,2
14,299,534.36,30.83,47.36,43.31,2.126,29.724,15.0,2
21,98,6.75,18.0,19.96,98.73,5.586,28.961,1.359,2
10,7,461.66,34.19,48.34,40.26,4.291,4.002,15.0,1
19,129,6.72,18.8,18.25,95.73,1.612,30.149,0.0183,4
5,286,0.0,21.98,21.9,88.12,1.092,28.939,0.1695,4
0,328,15.89,22.17,23.36,95.82,3.955,4.143,0.0,1
15,156,739.37,21.09,43.24,43.21,2.393,31.116,15.0,2
21,48,12.0,20.8,22.44,92.31,3.341,27.68,0.3013,4
8,109,482.16,26.27,40.05,57.56,2.469,30.985,15.0,0
14,88,717.78,24.66,47.38,36.54,3.162,31.948,15.0,2
1,281,31.01,19.08,20.48,96.83,4.052,28.45,0.5433,4
13,193,977.17,22.79,52.61,35.69,4.83,29.224,15.0,4
15,77,499.86,27.32,43.46,51.91,1.678,30.54,15.0,2
14,358,435.61,31.1,44.38,44.22,1.631,30.216,15.0,2
0,4,0.0,22.81,22.68,93.45,4.515,28.052,0.1029,2
4,316,0.0,20.55,19.54,96.43,3.056,3.798,0.5855,1
4,138,27.56,16.28,16.47,88.74,2.13,28.441,1.4325,0
3,317,0.0,23.11,23.4,94.57,3.3,30.964,0.2654,2
15,44,443.38,31.17,44.14,45.89,2.927,31.265,15.0,2
0,56,11.37,24.01,26.21,94.0,2.626,29.69,0.5612,0
6,246,188.35,21.64,27.75,75.63,3.219,27.897,12.644,2
20,160,7.84,14.84,15.78,97.41,1.887,29.341,0.0,2
23,307,0.0,17.75,18.74,100.0,1.65,28.813,0.1013,4
8,352,255.4,29.15,38.1,60.62,2.036,30.107,14.0676,2
12,40,631.82,27.99,48.22,36.26,0.385,31.472,15.0,2
3,251,25.44,18.82,18.48,94.68,0.895,29.311,1.2505,2
3,151,0.0,14.09,13.75,99.38,3.991,30.139,0.072,2
17,223,325.02,20.0,31.39,67.36,4.388,19.596,11.6385,3
11,134,945.6,22.96,52.52,32.9,3.219,30.395,15.0,2
23,97,0.7,16.64,16.72,97.28,4.541,27.978,0.3847,4
21,139,3.52,16.24,16.05,99.98,1.489,27.262,1.0772,2
18,353,133.7,27.47,31.45,82.03,1.116,28.63,5.4422,0
22,223,0.0,15.16,16.55,98.1,3.496,29.373,0.0194,2
10,151,882.37,24.72,52.4,36.2,3.465,31.765,15.0,2
16,11,288.91,30.47,39.78,58.87,1.987,28.405,6.9705,4
21,183,0.0,17.34,18.05,95.2,3.257,28.309,0.0081,2
0,89,12.86,18.04,19.13,93.87,2.068,28.294,0.0045,2
15,208,705.38,23.69,46.29,44.55,3.762,31.009,15.0,4
1,66,0.0,17.86,16.81,92.26,2.415,27.778,0.0,2
6,59,143.47,25.38,29.2,74.14,0.952,30.051,5.1248,0
9,123,669.29,24.0,45.83,45.26,1.695,30.56,15.0,2
5,32,5.86,25.87,25.34,90.38,5.871,28.717,0.0826,2
5,31,2.83,28.12,28.71,88.25,1.113,28.881,0.2446,4
0,236,7.91,15.45,15.99,100.0,2.245,29.578,0.5396,2
17,107,323.45,21.25,32.71,63.25,0.457,30.458,15.0,2
23,332,20.36,22.28,22.78,94.57,3.152,17.017,1.4366,3
3,168,0.0,15.59,15.68,91.43,2.125,16.922,0.0468,3
21,126,0.51,15.25,14.03,94.73,2.905,5.445,0.0,1
15,8,389.89,32.24,45.02,53.62,0.37,30.058,9.3967,4
20,289,0.1,23.8,23.66,96.01,1.497,29.427,0.0,2
10,236,764.81,27.19,52.28,36.22,2.832,18.727,15.0,3
19,15,4.67,27.63,27.49,87.73,0.491,28.465,0.2014,0
13,189,1005.23,21.09,52.42,25.56,3.086,30.192,15.0,2
10,219,831.85,25.98,51.56,37.47,2.889,30.796,15.0,4
3,215,14.82,16.19,15.01,98.08,3.243,28.419,0.0,2
8,163,548.86,20.76,37.72,58.0,3.21,28.967,15.0,0
18,188,212.03,17.8,25.3,76.12,2.793,29.285,14.3529,2
17,307,241.5,28.74,35.44,67.7,3.422,29.587,5.9931,4
19,349,2.45,27.73,26.96,87.15,5.398,18.562,0.9702,3
21,323,5.34,24.44,23.94,97.65,3.758,19.158,1.073,3
11,125,957.32,25.79,55.23,30.63,1.234,3.779,15.0,1
4,264,0.0,19.09,19.2,98.62,4.325,29.267,0.0,4
11,330,535.7,34.29,51.03,40.9,1.322,31.076,10.8774,4
3,212,2.67,12.62,13.6,96.56,0.559,28.622,0.0154,0
15,194,728.45,20.97,45.46,44.39,3.348,29.291,15.0,2
18,295,144.07,28.21,32.79,82.56,3.459,5.196,2.7841,1
14,180,904.16,23.0,50.24,35.51,1.953,30.367,15.0,2
5,7,4.86,28.38,27.73,91.97,2.218,29.218,0.0307,2
1,6,11.57,24.39,24.51,92.48,5.947,28.935,0.5521,2
15,235,644.25,25.26,45.54,49.81,4.784,29.98,15.0,4
4,179,0.0,10.77,10.16,96.49,0.762,27.822,0.1862,2
10,114,765.45,21.33,44.78,35.46,3.344,4.032,15.0,1
15,290,493.4,28.46,42.16,45.37,0.119,29.065,15.0,0
18,307,159.49,27.86,32.58,72.63,1.102,28.247,8.8917,2
2,160,5.27,14.13,14.49,92.86,0.997,29.458,1.4005,2
12,192,1019.01,24.31,56.95,32.36,2.487,30.229,15.0,0
1,141,0.0,13.77,13.09,96.88,2.745,29.269,0.3426,2
3,128,13.15,18.27,19.48,93.78,1.474,26.514,0.2089,0
16,165,565.12,20.2,37.21,55.71,4.957,27.709,15.0,2
18,223,213.38,18.91,24.88,77.6,0.835,30.005,13.5341,2
15,74,528.55,27.31,44.4,47.49,5.276,30.423,15.0,0
10,69,630.86,25.6,44.28,40.99,1.994,28.285,14.9189,4
20,248,6.8,18.31,18.29,90.13,1.584,4.918,0.0051,1
14,269,629.53,27.26,47.06,39.97,0.812,28.313,15.0,2
16,219,507.22,21.49,35.65,53.72,3.169,19.338,15.0,3
20,144,1.87,16.69,16.71,93.67,1.264,26.26,0.1723,2
15,61,497.27,27.54,43.57,44.85,3.026,29.415,11.3868,4
23,154,14.91,13.6,15.09,100.0,1.632,30.358,0.2825,4
13,146,990.65,20.73,51.19,35.32,2.292,31.772,15.0,2
10,332,485.83,33.47,49.96,44.83,6.051,30.512,15.0,2
8,15,285.59,32.93,41.79,59.08,2.935,29.408,15.0,2
8,140,533.16,23.81,42.1,51.53,1.467,29.88,15.0,2
12,18,561.91,30.43,47.69,36.31,3.379,28.77,15.0,2
16,194,543.29,21.19,39.8,48.06,5.185,29.641,13.8504,4
8,201,504.86,20.49,37.79,53.51,1.961,5.413,13.8889,1
10,337,467.05,32.87,47.2,39.19,3.62,30.054,15.0,2
23,264,21.9,19.78,20.34,91.26,4.823,30.841,0.7363,2
22,220,5.03,14.84,14.8,97.0,2.878,27.722,0.5803,2
12,1,530.74,32.2,49.27,42.31,2.765,28.407,15.0,2
17,222,337.13,22.4,32.38,72.34,2.26,29.147,8.7757,4
5,305,10.95,25.9,26.11,85.83,0.88,27.5,1.4332,2
15,106,608.94,25.84,45.57,46.91,1.025,32.008,15.0,2
15,134,670.59,21.97,43.06,47.79,3.342,29.82,15.0,2
21,265,0.0,18.95,19.62,93.27,5.996,29.388,0.1755,2
8,76,376.93,24.92,36.61,55.28,2.74,31.151,14.4092,0
5,78,6.6,26.05,26.19,86.51,2.97,28.504,0.2244,2
22,169,0.0,14.9,15.83,93.24,3.91,27.746,0.3199,2
20,46,21.06,25.8,26.34,98.85,2.342,28.311,0.0,2
4,172,0.38,15.21,16.2,95.7,2.268,28.867,0.3763,0
8,67,368.47,29.21,39.88,60.49,0.867,29.879,9.0118,4
9,128,671.91,25.29,46.71,43.76,0.879,28.548,15.0,2
3,325,0.0,23.15,23.32,89.64,3.936,28.767,0.9771,4
13,253,823.08,25.82,51.03,34.02,0.869,28.464,15.0,4
14,201,847.71,22.12,49.85,35.45,2.707,30.409,15.0,2
8,203,537.29,20.69,39.46,54.65,3.252,30.052,15.0,2
5,124,23.21,17.55,17.46,86.83,4.142,26.779,0.0357,0
10,116,797.07,26.9,51.66,34.75,3.763,30.524,15.0,2
11,95,836.28,25.47,51.32,32.98,4.883,31.617,15.0,4
16,170,576.52,20.92,39.78,55.2,2.668,30.8,15.0,0
23,285,0.0,22.4,22.81,98.34,2.496,29.066,0.556,2
2,77,0.0,20.67,22.14,91.1,3.619,29.081,0.0,2
10,47,529.87,29.75,46.79,41.42,0.811,29.823,15.0,2
20,288,26.2,22.03,21.09,96.71,2.759,28.518,0.2997,0
23,286,13.5,18.84,19.21,100.0,1.465,28.192,0.7574,4
16,157,549.2,18.55,35.71,58.6,2.359,30.015,15.0,2
0,21,20.68,24.75,25.39,94.71,1.437,15.196,1.7405,3
18,186,245.23,18.91,26.62,74.92,2.086,30.888,9.4663,0
15,155,727.7,21.36,44.85,47.51,2.569,30.566,15.0,4
17,207,355.57,22.3,32.42,66.04,4.225,30.466,15.0,2
22,82,0.0,20.17,19.53,96.48,0.759,3.718,0.2175,1
11,131,949.58,25.22,54.81,36.5,1.601,31.665,15.0,0
21,282,4.22,22.04,22.52,100.0,1.826,4.69,3.0147,1
22,168,3.63,15.62,15.85,94.31,0.453,27.026,0.0235,4
5,290,0.0,22.1,22.45,92.82,1.681,28.591,0.4356,2
19,56,1.26,24.65,24.92,95.21,2.681,28.854,0.0269,2
23,305,0.0,19.85,19.7,90.92,5.056,29.832,0.0,2
4,99,7.51,19.52,18.03,94.49,4.65,27.477,0.2232,2
9,345,372.16,29.33,40.16,43.7,1.212,31.464,15.0,2
8,326,298.98,31.86,40.95,60.48,2.406,28.71,7.0746,4
4,6,2.12,22.61,21.76,100.0,3.201,4.389,0.7308,1
3,330,9.39,21.34,21.39,97.63,1.386,28.372,0.4348,2
20,341,7.93,23.89,24.9,99.65,6.283,29.682,0.1245,2
20,218,7.98,19.63,19.73,94.82,1.085,17.479,0.6637,3
7,255,280.22,24.04,33.37,64.61,1.293,30.613,15.0,2
22,155,0.0,13.32,13.97,92.52,2.259,29.759,0.0,0
13,267,723.17,27.29,49.79,33.5,1.487,28.958,15.0,0
3,27,13.06,22.82,24.38,95.52,2.376,29.624,0.3929,0
2,208,6.85,14.92,14.66,97.63,1.559,28.997,0.3528,2
15,316,399.45,28.71,42.37,46.45,2.184,29.934,9.2007,4
18,254,209.43,24.1,28.99,78.31,0.289,29.577,12.3951,2
18,317,153.42,26.1,30.79,75.72,1.496,28.759,8.9711,2
19,336,5.72,21.58,22.41,88.43,1.047,29.986,0.0,2
1,241,1.34,17.15,17.57,92.43,2.103,28.86,0.2974,2
10,126,811.42,21.81,47.36,39.1,1.727,32.226,15.0,2
19,218,0.0,17.86,17.73,90.61,0.423,28.612,0.0,2
17,168,379.97,17.07,29.18,66.75,1.96,28.806,15.0,2
2,109,0.0,16.55,15.6,94.69,3.074,28.089,0.0796,2
23,137,21.66,12.14,12.43,98.34,2.691,29.388,0.0878,2
9,195,667.97,21.93,42.79,46.36,3.404,29.898,15.0,2
19,132,5.84,18.48,19.07,88.24,2.008,28.155,0.0517,2
22,79,0.0,18.05,17.62,98.26,3.182,28.588,0.0,4
18,251,156.57,22.75,27.83,74.41,2.601,28.324,9.4859,2
11,312,568.34,30.98,49.53,42.81,1.656,29.752,15.0,2
2,131,0.0,13.96,14.29,96.31,3.23,28.49,0.1158,0
8,69,369.35,24.4,35.2,54.55,6.177,29.005,8.6461,4
11,3,531.98,34.62,50.31,37.17,3.107,29.315,15.0,2
1,318,0.0,20.41,20.18,93.61,3.6,28.557,0.0,2
13,230,905.78,28.97,57.18,32.78,1.234,30.509,15.0,2
5,93,20.0,20.82,20.47,93.95,1.208,28.504,0.6603,0
16,326,285.2,30.06,38.6,58.25,1.019,3.146,9.8991,1
19,96,5.34,22.44,21.74,87.33,2.837,29.54,0.0296,2
9,214,659.07,22.73,44.38,44.24,1.243,27.782,15.0,2
8,40,334.47,29.58,40.51,55.84,2.833,5.12,9.9407,1
5,210,11.68,14.5,14.67,88.42,3.811,29.48,0.7347,2
8,312,284.9,28.1,36.72,55.52,4.033,30.527,15.0,2
5,73,6.53,21.28,20.49,89.58,2.206,27.727,0.0,4
9,131,690.42,25.82,47.31,48.73,3.832,4.981,15.0,1
9,354,322.74,32.35,42.63,49.76,3.919,30.86,7.1125,4
20,143,21.29,13.58,15.22,100.0,3.923,29.217,1.3547,2
16,187,531.56,20.52,37.41,56.89,1.297,30.379,15.0,0
11,324,506.94,31.26,47.31,39.01,1.104,4.589,15.0,1
17,349,207.86,30.64,36.76,69.48,3.795,28.965,8.1555,0
5,17,3.06,27.5,26.65,90.03,3.955,28.736,0.4499,2
6,89,202.39,25.26,31.28,81.91,2.833,28.416,5.3036,4
20,166,6.74,15.93,15.47,94.08,0.694,3.999,0.0,1
6,311,108.07,29.06,32.57,80.84,2.486,28.585,6.8743,2
7,78,289.3,22.64,31.48,67.88,3.916,30.678,7.6792,4
11,313,592.03,35.95,53.5,39.9,0.434,29.453,15.0,0
5,325,0.0,27.66,27.23,84.72,3.011,28.882,0.0226,2
2,9,4.72,22.9,23.21,95.8,2.531,29.924,0.1569,4
13,38,586.44,29.48,48.6,36.74,3.431,27.63,15.0,2
13,196,984.3,23.78,54.87,36.98,1.452,29.372,15.0,2
14,198,849.54,22.54,49.16,37.87,3.304,30.967,15.0,2
12,351,536.33,33.04,48.63,35.68,2.846,4.056,15.0,1
23,145,0.0,15.02,14.1,93.66,0.6,20.42,0.4919,3
8,356,264.63,32.27,40.24,53.29,0.919,28.583,15.0,2
10,39,519.77,30.15,47.32,41.28,1.936,30.468,15.0,2
20,361,1.58,24.75,25.5,92.74,3.855,29.426,0.0016,2
12,242,898.11,26.23,53.99,30.28,1.846,30.086,15.0,0
3,263,0.0,19.58,18.94,95.0,4.732,17.003,1.0721,3
17,312,228.57,28.55,35.84,70.21,1.085,29.035,5.648,4
12,266,715.79,26.24,48.84,40.25,2.029,29.227,15.0,4
2,16,29.82,25.59,26.86,97.97,1.584,29.073,2.09,2
5,21,0.96,25.29,25.98,91.86,1.266,17.714,0.134,3
2,42,0.0,20.03,20.88,93.95,1.873,31.148,0.0966,2
16,72,379.71,28.14,40.84,58.39,2.006,30.059,8.9635,4
9,245,606.72,26.45,44.93,50.22,3.988,28.557,14.8144,4
22,360,12.19,20.9,20.22,89.82,0.885,29.574,0.6503,0
19,73,0.0,23.61,23.85,93.41,2.891,27.852,0.9297,2
14,221,821.61,23.9,48.94,42.12,1.161,30.301,15.0,2
16,77,416.84,27.59,40.46,53.28,3.168,30.04,9.2494,4
10,213,813.57,23.72,47.94,35.36,2.165,29.973,15.0,2
6,233,199.53,18.55,24.54,75.49,3.602,18.13,8.2032,3
15,277,492.7,27.46,43.55,47.73,0.929,5.676,13.6027,1
21,182,0.0,15.39,16.1,98.29,3.378,28.195,0.1012,2
4,183,8.79,12.95,12.99,98.9,5.644,29.249,0.0161,2
22,223,32.31,15.27,15.18,94.09,3.442,28.292,0.7829,4
5,320,0.0,25.75,25.58,88.48,1.271,30.571,0.3175,2
3,303,2.04,22.57,23.06,94.25,4.387,29.34,0.1559,2
3,340,15.43,26.15,26.54,91.4,1.771,29.391,0.0,2
20,248,0.0,18.86,18.2,95.59,2.393,29.48,0.0241,2
9,265,550.33,27.46,44.53,51.14,1.891,15.629,15.0,3
13,307,572.09,30.78,48.39,29.54,2.543,29.295,15.0,0
7,338,205.58,27.89,33.75,67.25,1.212,29.95,12.0448,2
23,140,10.77,10.18,11.69,96.51,3.548,4.205,3.2633,1
18,5,114.95,26.78,32.02,73.94,3.787,29.404,7.7739,2
7,89,293.74,22.96,31.13,65.63,4.205,17.251,11.9056,3
19,345,11.37,29.43,29.64,92.27,1.687,28.41,0.5067,4
19,84,13.95,22.44,20.8,85.65,2.174,18.954,0.2003,3
2,316,0.0,22.4,22.69,93.87,3.698,27.688,0.0596,2
12,233,923.51,24.19,51.75,29.53,7.423,30.58,15.0,2
7,149,381.78,18.54,29.68,67.92,1.889,29.967,15.0,2
5,35,0.0,24.82,25.11,86.93,1.982,28.53,0.2786,2
10,321,471.17,30.34,44.89,42.05,3.486,28.477,15.0,2
8,153,532.28,20.16,36.73,50.55,4.753,30.794,15.0,0
15,127,668.82,26.23,48.03,47.4,0.879,31.716,15.0,2
15,32,394.53,29.79,41.09,52.43,1.08,29.794,9.6977,4
4,133,23.91,15.5,17.42,93.47,3.03,27.771,1.3468,2
20,334,0.0,23.51,23.08,95.13,2.125,29.761,0.1951,4
4,260,15.17,18.73,19.24,95.06,1.819,28.65,0.0,4
21,92,7.11,20.21,19.61,91.8,0.616,28.402,0.164,2
13,100,831.56,26.03,52.12,33.95,1.528,32.249,15.0,2
17,324,211.25,25.19,32.17,69.39,3.362,28.668,5.1246,4
5,355,0.0,28.0,27.79,80.39,2.89,28.021,0.0865,4
10,184,899.56,24.17,53.41,34.19,5.044,30.069,15.0,4
19,129,0.0,17.19,17.67,89.02,3.65,27.886,0.1654,2
17,44,253.51,26.62,34.62,72.42,2.918,17.887,9.0509,3
3,96,13.74,19.61,19.57,95.74,3.479,26.65,0.0,2
8,20,294.66,30.59,40.42,55.78,0.674,19.008,10.9105,3
21,155,1.87,13.69,14.44,93.82,2.322,26.832,0.2385,2
4,126,8.41,17.61,18.39,96.16,1.588,29.252,0.5649,2
14,112,761.03,24.88,48.14,33.95,2.671,29.656,15.0,2
9,267,512.45,27.2,43.6,49.89,2.218,29.888,15.0,2
23,226,0.0,15.49,14.89,91.53,1.123,28.284,0.0352,4
7,254,295.72,25.02,34.06,65.33,1.368,29.07,15.0,2
21,45,0.0,22.98,22.4,91.11,0.729,27.267,0.0112,2
23,282,12.61,20.4,21.06,97.14,0.585,29.413,1.0554,2
10,12,466.45,32.84,47.13,42.48,2.385,29.879,9.9315,4
17,243,297.57,23.49,32.73,63.97,1.8,19.644,9.6264,3
16,99,435.73,23.64,38.51,61.45,2.443,18.538,15.0,3
9,356,369.63,30.86,42.42,46.62,1.572,30.052,15.0,2
3,132,28.86,16.51,16.69,94.65,5.595,27.479,0.699,0
12,212,1014.86,28.12,60.58,26.69,3.865,30.823,15.0,2
3,233,2.6,13.78,15.66,93.08,2.566,29.848,0.086,0
20,65,12.74,19.84,20.54,93.09,2.341,29.086,1.3037,0
1,165,0.0,14.51,14.85,97.32,3.592,13.501,0.7634,3
1,149,0.0,16.09,17.54,95.27,1.04,28.94,0.0,4
9,358,355.4,30.42,42.02,48.94,4.246,30.669,15.0,2
12,262,786.34,26.97,49.87,36.56,3.846,30.496,15.0,2
21,160,19.11,14.55,14.18,99.73,3.567,3.918,0.0764,1
15,6,395.21,32.56,43.67,52.39,2.278,29.146,15.0,2
22,16,0.0,21.7,21.12,96.71,6.305,29.914,0.0113,2
7,134,369.83,19.44,32.17,66.69,3.07,31.587,15.0,2
11,304,621.13,31.77,51.33,37.77,2.924,30.128,15.0,2
6,39,108.02,25.19,28.34,81.16,2.548,15.683,6.0529,3
10,96,697.14,25.99,47.8,40.16,1.317,29.448,15.0,4
4,166,3.15,14.71,14.28,92.21,1.207,18.28,0.0,3
3,300,13.45,22.3,22.06,98.15,3.5,17.788,0.6362,3
18,285,150.89,26.68,31.13,77.19,2.463,29.061,9.4318,2
22,200,0.0,11.75,12.15,92.95,1.956,30.863,0.0583,4
20,200,3.9,13.63,13.0,98.19,5.255,5.508,4.8451,1
2,75,0.0,19.53,19.92,97.77,2.846,30.2,0.1715,2
0,27,15.32,24.0,24.44,94.58,5.178,28.654,0.7311,4
17,313,215.19,30.24,37.17,68.99,1.376,29.483,12.3337,2
7,90,294.45,24.91,34.58,66.14,3.399,28.989,7.27,4
2,140,9.63,16.47,16.93,93.03,1.201,29.664,0.8609,2
17,22,232.13,28.9,36.37,68.39,3.001,28.338,9.8836,0
1,136,9.95,15.96,16.91,96.66,1.305,29.775,0.0825,2
11,345,491.51,33.46,48.5,43.34,1.932,29.147,15.0,0
4,354,0.0,22.65,22.31,93.55,2.12,29.702,0.452,0
1,195,1.17,16.12,14.81,100.0,3.01,28.435,0.0452,2
3,55,16.17,21.05,21.44,95.84,1.941,28.322,0.5864,2
15,240,621.42,24.7,44.27,46.04,0.982,17.492,15.0,3
9,27,394.74,32.01,43.23,48.28,3.157,28.642,15.0,2
16,313,297.09,29.87,39.54,57.79,1.671,31.235,15.0,2
12,360,523.75,32.0,48.31,39.82,1.66,30.04,15.0,0
21,360,12.97,26.35,27.33,93.37,0.727,28.823,0.9817,0
4,19,34.47,23.97,24.07,92.66,1.711,28.805,0.8213,4
9,53,473.39,27.72,42.84,49.56,0.1,27.106,15.0,2
6,344,167.81,28.76,32.54,83.73,2.331,29.136,3.4208,4
21,352,13.51,24.18,26.01,100.0,4.678,28.529,0.2645,2
14,184,897.91,22.75,49.5,37.54,4.547,31.822,15.0,2
16,93,423.54,23.86,37.4,52.98,6.092,29.157,15.0,2
10,119,800.69,26.37,52.58,41.73,2.8,30.561,15.0,2
4,78,5.74,19.84,20.5,91.41,4.055,27.939,0.0329,0
17,255,328.58,24.67,35.51,68.46,2.145,28.375,12.6988,0
5,212,7.53,17.58,18.9,87.61,2.798,27.258,0.1141,2
3,140,0.0,13.39,11.9,95.22,0.928,28.421,0.0652,2
7,295,237.1,31.04,38.84,65.09,0.243,17.785,9.652,3
7,360,172.25,32.3,37.32,73.0,1.547,29.943,4.4204,4
8,203,527.66,24.06,42.75,58.99,1.091,28.592,15.0,2
17,47,254.89,25.66,34.03,67.22,2.682,30.033,10.2024,0
0,50,0.31,23.22,23.21,98.53,3.793,29.76,0.0,2
2,199,15.74,14.52,14.97,98.72,5.394,29.635,0.0931,4
3,275,16.12,23.43,23.41,100.0,1.387,29.969,0.3828,2
21,166,0.07,14.79,14.96,93.04,1.802,28.345,0.0156,2
11,144,989.41,25.06,56.59,33.54,2.607,29.355,15.0,2
13,327,529.86,28.42,44.31,34.83,2.028,3.474,15.0,1
14,122,830.83,26.03,51.82,32.68,1.73,30.505,15.0,2
13,142,946.5,21.1,50.94,34.98,3.997,32.117,15.0,4
7,168,367.89,20.86,32.36,63.01,4.271,29.464,15.0,2
11,116,918.63,23.54,52.67,34.01,6.789,31.462,15.0,2
17,7,181.38,28.73,33.57,67.9,5.608,4.778,8.8061,1
9,164,700.78,22.51,44.54,46.47,2.685,30.755,15.0,4
9,361,386.44,32.57,43.65,51.4,4.013,29.698,15.0,2
8,41,315.11,27.21,37.82,61.99,0.89,30.495,15.0,2
7,53,249.87,26.9,34.75,67.52,3.082,28.126,14.6261,2
3,273,11.93,20.66,21.7,95.25,0.892,28.876,0.6463,2
0,186,8.25,15.12,15.29,92.69,3.442,5.431,0.6045,1
22,94,2.38,17.33,16.92,98.22,2.339,27.438,0.0,4
12,235,874.63,24.98,52.29,33.0,3.799,30.298,15.0,2
13,100,855.25,28.29,55.41,35.67,0.053,29.783,15.0,2
5,114,0.0,19.13,20.48,88.12,0.932,28.431,0.0748,4
12,102,867.38,26.61,54.17,32.75,3.523,4.713,15.0,1
5,269,4.06,21.01,20.07,86.92,2.501,27.575,0.079,2
7,145,381.08,19.45,32.24,64.86,0.587,27.585,15.0,2
9,157,728.38,23.0,44.96,44.8,2.335,6.214,15.0,1
6,154,241.66,15.72,22.55,78.8,2.508,29.322,15.0,2
1,241,3.85,17.35,16.45,93.11,2.034,28.899,0.0,4
17,167,377.69,20.25,31.97,69.64,1.4,30.076,15.0,2
13,188,1042.23,23.96,56.33,30.25,2.997,30.591,15.0,2
14,5,469.59,33.17,47.92,40.34,1.868,28.296,15.0,2
0,199,10.17,16.11,16.29,95.35,0.674,28.333,0.0171,4
13,316,543.87,30.42,47.2,38.1,2.641,29.599,12.1401,4
14,71,618.54,28.85,47.76,39.48,2.859,27.814,15.0,2
10,88,686.17,28.66,49.02,40.81,0.513,30.256,15.0,2
21,45,3.65,21.33,21.94,96.09,3.596,28.858,0.012,4
6,347,124.61,27.54,31.59,79.7,0.354,28.101,7.0649,2
12,324,548.28,33.6,51.6,37.6,1.688,29.642,15.0,2
19,335,8.74,25.42,25.5,87.87,0.744,27.8,0.0,4
8,217,490.11,21.53,36.82,54.25,4.569,29.087,15.0,2
14,347,445.67,30.39,43.92,39.37,2.042,29.417,15.0,2
12,14,558.61,30.18,45.79,34.92,3.803,19.449,15.0,3
7,212,353.08,19.29,30.29,66.46,2.059,29.384,15.0,2
16,249,462.32,24.67,38.01,59.0,3.403,30.213,15.0,2
21,59,0.0,21.11,20.93,91.26,1.402,17.565,0.4584,3
18,286,166.86,23.56,28.29,77.24,0.482,29.4,10.4414,2
20,64,0.0,18.4,17.2,96.23,2.652,28.301,0.0618,2
2,163,0.55,10.52,10.22,92.5,2.708,28.864,0.0,4
15,131,694.07,21.95,43.19,46.32,2.497,30.692,15.0,4
3,154,0.0,15.85,15.98,95.74,0.916,29.55,0.0052,2
2,220,4.79,14.04,13.51,95.93,2.128,28.98,0.0017,2
7,92,278.09,23.91,32.68,67.73,3.39,15.9,13.151,3
21,158,8.44,14.85,14.53,96.63,3.905,29.814,0.025,2
6,130,246.74,21.4,29.58,78.19,1.396,28.738,14.4495,2
17,329,189.97,29.2,35.49,65.16,4.209,31.611,7.9071,0
11,261,785.04,28.27,53.43,30.23,5.089,29.875,15.0,2
1,241,7.19,15.59,14.44,93.56,2.84,29.143,0.0,2
5,208,19.83,19.66,21.11,87.62,0.588,30.381,1.0136,2
15,81,558.04,24.55,40.73,43.99,1.389,28.043,15.0,2
16,142,545.68,22.3,39.93,54.48,1.385,27.807,15.0,2
12,2,547.86,32.11,50.19,35.21,4.697,31.87,12.1495,4
5,355,3.12,26.18,25.27,97.25,1.546,17.79,0.0,3
7,298,226.42,27.46,34.33,70.36,5.334,28.066,5.6406,4
18,144,261.27,19.67,27.93,84.2,1.528,29.318,6.3326,4
0,191,0.0,13.68,13.42,94.01,2.658,31.257,0.0151,2
8,125,531.22,23.33,39.94,57.45,4.564,29.683,15.0,2
7,348,180.11,28.48,33.9,64.59,1.274,26.714,7.6607,0
8,16,295.29,28.22,37.94,58.7,3.94,28.89,15.0,2
4,267,13.11,18.95,21.47,92.44,2.728,27.584,1.7116,2
14,192,918.57,21.75,49.87,34.74,2.771,30.936,15.0,0
3,130,2.07,15.04,15.41,97.14,4.745,28.011,0.0,2
8,37,305.22,30.1,40.66,59.46,2.375,29.656,7.0194,4
15,145,687.66,20.8,41.62,48.42,1.324,17.412,15.0,3
13,241,835.18,26.68,53.67,35.74,1.715,30.346,15.0,2
15,65,500.65,30.45,44.86,52.43,3.706,29.941,15.0,0
12,326,558.97,32.89,50.6,36.65,1.865,31.753,15.0,2
1,19,6.18,25.83,26.34,94.89,2.627,28.082,0.4104,2
13,73,704.57,30.15,51.93,37.18,1.601,30.502,15.0,2
5,221,0.0,16.59,17.42,87.78,1.947,30.257,0.211,2
23,251,0.0,14.67,14.9,99.98,5.37,29.144,0.0226,2
10,359,457.72,31.9,46.39,40.74,1.035,29.75,10.8783,4
7,293,199.73,27.47,35.31,62.82,0.383,28.563,8.8766,0
17,48,214.29,28.56,34.31,68.16,1.426,29.78,12.3721,2
16,356,270.13,31.39,40.62,63.36,2.499,28.611,15.0,2
17,85,307.43,23.78,33.96,69.25,4.404,29.604,15.0,2
5,137,0.0,20.36,19.86,89.35,5.834,28.483,0.4636,2
23,257,3.34,17.45,17.69,91.04,2.848,29.007,0.4562,4
10,29,490.46,31.2,46.33,46.29,4.643,30.864,15.0,2
14,288,578.79,26.99,43.5,44.21,1.465,29.802,15.0,2
4,343,8.72,22.25,22.18,99.76,1.66,27.081,0.2089,4
19,347,7.85,26.87,25.95,89.84,1.77,28.178,0.4582,2
3,37,6.64,21.33,21.69,99.29,2.51,27.806,0.1227,2
7,128,350.52,22.16,32.5,71.05,2.392,28.116,15.0,2
7,241,293.46,23.37,32.9,68.15,1.273,28.846,12.0333,0
23,258,10.03,16.61,17.31,90.74,2.016,29.707,0.0068,4
9,63,508.85,28.6,44.47,48.69,1.291,5.799,15.0,1
19,152,5.62,18.05,17.76,89.56,3.706,28.324,0.5253,2
20,228,29.34,17.17,18.05,92.91,3.516,27.089,2.4299,2
8,306,308.7,29.8,39.93,57.94,1.93,16.681,13.175,3
5,33,0.0,26.25,27.94,88.9,1.081,30.528,0.5198,0
7,246,309.8,20.08,28.94,66.68,2.162,28.755,15.0,2
3,93,0.0,17.55,18.67,97.55,2.958,28.409,0.45,4
14,154,900.33,24.22,51.91,32.47,3.202,30.914,15.0,0
13,334,523.17,30.98,48.44,38.41,2.498,19.746,15.0,3
5,72,13.74,24.33,24.65,85.52,1.877,28.329,0.0,2
19,300,0.0,26.1,24.94,87.27,1.009,28.75,0.0354,2
18,196,278.6,18.2,25.82,79.01,2.52,4.509,7.4757,1
15,296,439.42,28.99,43.83,52.75,1.894,29.949,10.4079,4
4,333,0.0,24.38,22.95,94.84,0.462,28.135,0.0,2
23,290,0.0,19.94,19.42,94.95,3.941,29.128,0.0,0
19,25,0.0,26.67,26.92,84.61,1.315,28.043,0.0529,0
19,66,15.0,21.98,22.43,89.25,1.456,27.615,0.0194,2
19,193,11.27,19.65,20.39,91.48,1.872,29.066,0.9399,2
8,216,513.29,19.41,35.48,51.5,3.176,5.343,15.0,1
0,98,0.0,17.72,17.64,99.11,1.59,27.443,0.0,2
10,131,845.19,24.6,51.17,39.49,2.055,4.679,15.0,1
22,108,16.54,16.15,16.21,96.98,1.356,29.776,0.0592,2
21,240,0.5,15.85,16.29,95.78,3.674,27.947,0.0531,2
19,77,16.41,21.63,21.99,91.33,0.974,29.043,1.3328,2
21,82,0.0,18.68,18.55,96.12,2.29,17.204,0.3131,3
17,35,213.84,28.13,36.07,64.57,2.913,28.831,12.5323,2
20,310,0.0,26.9,26.75,95.04,2.316,4.982,0.0,1
3,117,4.41,14.86,14.46,97.22,1.277,30.948,0.601,2
1,233,4.5,16.45,17.31,91.17,3.752,27.679,0.5506,2
1,352,0.0,23.96,24.22,95.01,2.257,29.081,0.5906,4
1,54,0.0,20.98,21.17,94.04,2.33,18.056,0.4756,3
18,253,172.36,22.88,28.05,79.66,2.851,29.127,9.9056,2
1,301,4.9,26.22,26.16,93.12,1.955,28.879,0.2426,4
13,223,917.57,25.57,54.65,29.92,4.138,32.304,15.0,4
22,209,21.05,15.71,17.07,92.53,3.661,31.567,0.6287,4
1,277,12.1,20.06,20.52,94.49,0.106,28.583,0.902,4
13,119,927.34,23.54,51.89,35.36,0.847,31.075,15.0,0
11,274,681.85,28.68,49.34,38.71,0.333,31.844,15.0,2
19,145,0.0,15.97,16.21,88.23,2.578,15.719,1.0214,3
19,79,1.23,20.98,21.97,86.72,4.362,30.605,0.3335,2
23,60,0.0,20.37,20.14,97.77,2.265,29.339,0.0,2
17,193,366.83,20.42,32.13,63.02,5.414,30.366,15.0,2
21,244,5.01,17.04,15.59,92.09,3.582,30.035,1.0591,4
16,29,265.75,30.69,39.46,59.35,2.16,19.118,9.5513,3
22,180,8.67,14.55,13.47,94.84,1.693,28.567,0.0408,0
3,239,18.03,16.78,16.42,94.65,3.028,17.034,0.7211,3
23,108,0.0,13.67,13.28,94.01,4.582,14.468,0.2216,3
3,220,0.0,14.51,16.52,95.5,4.782,27.771,0.0945,0
10,17,485.27,31.39,47.41,46.89,2.332,30.345,15.0,2
20,175,0.0,14.87,16.5,96.18,1.954,28.555,0.0,2
11,30,527.34,34.14,49.74,42.15,3.554,29.356,11.7819,4
15,291,458.06,30.99,45.72,54.08,3.623,5.516,15.0,1
18,26,146.25,29.91,34.71,78.65,1.694,27.421,6.1281,0
16,48,334.45,30.21,40.59,62.35,4.874,31.284,15.0,2
20,201,4.16,15.25,14.99,90.9,1.441,28.788,1.09,2
18,126,228.19,22.34,28.7,79.63,1.535,4.11,10.4366,1
17,10,212.58,28.46,34.51,70.6,2.889,29.727,11.4397,2
20,27,6.21,22.86,22.67,90.59,2.847,4.947,0.0,1
5,167,0.0,17.39,17.3,87.16,0.362,29.286,0.565,2
20,93,13.89,18.31,18.28,96.68,1.226,16.223,0.0863,3
7,322,233.98,29.39,35.45,63.52,1.22,29.792,12.8374,2
18,231,247.45,22.68,31.49,77.84,4.076,29.777,13.9742,2
23,196,15.34,13.49,14.16,100.0,3.613,27.091,0.0227,4
7,302,216.62,27.86,34.41,64.94,1.67,28.694,12.45,2
13,239,844.26,25.83,51.28,29.1,1.36,28.99,15.0,2
1,34,0.0,22.88,22.98,95.71,1.465,28.747,0.7387,2
3,114,13.62,16.45,15.74,95.72,1.003,30.367,0.0,2
20,148,0.0,16.99,17.92,94.08,1.627,28.1,0.8676,4
2,229,21.59,18.33,18.57,92.68,2.824,27.923,0.6979,2
1,161,11.44,15.84,16.66,100.0,4.208,20.065,0.3281,3
4,345,0.0,24.34,23.04,93.34,3.673,28.653,0.1044,2
20,116,11.86,18.8,17.98,92.34,2.572,26.937,0.6283,2
9,180,718.88,23.96,45.94,48.32,0.529,30.396,15.0,2
16,110,439.13,20.42,33.88,56.17,3.787,29.475,15.0,0
0,264,0.0,18.57,18.46,94.31,1.228,28.765,0.0,0
0,289,0.0,21.32,21.53,95.32,0.982,27.836,0.006,4
6,230,229.75,21.94,29.91,72.79,1.019,19.366,8.6431,3
21,302,0.0,23.82,23.48,91.81,4.197,29.188,0.1225,2
10,146,881.37,21.27,48.92,38.38,1.241,31.021,15.0,4
6,205,215.95,19.64,27.16,78.95,3.106,29.842,12.6551,2
17,241,338.75,21.93,32.05,64.85,4.067,28.864,15.0,2
14,168,875.31,22.04,50.51,38.22,2.893,30.062,15.0,2
3,154,0.0,15.38,15.59,89.32,0.415,28.934,0.0307,4
19,330,33.91,28.1,27.59,82.98,4.669,29.411,1.4912,2
4,297,29.07,22.56,24.84,93.15,2.83,30.848,0.4875,2
20,150,23.82,16.14,15.14,95.64,1.764,29.522,0.5859,0
17,131,359.08,21.64,32.57,63.03,4.87,29.868,14.1522,0
3,186,36.72,14.77,16.86,98.18,1.905,28.529,1.3576,2
23,219,0.0,14.56,14.54,96.96,1.122,28.46,0.0461,0
12,257,785.52,29.03,54.19,27.51,0.809,20.566,15.0,3
2,211,3.45,13.73,13.86,93.98,3.161,17.038,0.0333,3
0,62,8.39,20.52,19.72,94.14,2.887,27.176,0.4251,2
15,23,402.88,31.58,44.16,49.7,3.56,27.11,15.0,2
13,354,538.55,33.56,48.93,38.91,4.662,29.341,15.0,2
4,14,0.0,26.34,27.13,95.1,3.992,28.192,0.0,2
21,219,14.08,14.92,15.8,95.37,2.265,28.313,0.1936,0
21,299,6.86,21.61,21.73,98.77,2.893,28.587,0.0552,4
15,79,540.22,26.33,43.21,45.86,7.017,30.162,15.0,2
23,75,0.0,14.69,14.63,95.85,6.39,29.081,0.0,2
8,78,373.89,25.96,38.3,57.19,0.857,4.389,14.8328,1
17,220,358.23,20.28,31.54,62.63,1.989,30.106,15.0,2
23,116,7.64,14.66,14.64,91.88,1.013,28.717,0.6413,2
2,167,8.43,12.23,12.98,95.45,3.39,28.075,1.1355,2
13,150,1026.42,23.97,57.53,33.47,3.54,3.587,15.0,1
1,169,0.0,14.24,14.27,92.16,3.453,18.162,0.0384,3
8,228,506.6,23.61,39.56,49.84,1.97,29.278,15.0,0
1,166,20.15,13.0,11.87,96.97,6.323,27.92,0.9314,2
14,12,449.46,33.24,47.56,46.18,0.682,17.651,15.0,3
0,184,33.84,14.6,16.52,94.9,1.9,28.635,1.9823,2
10,252,710.22,26.16,47.41,41.2,1.105,30.102,15.0,0
16,51,338.63,30.34,41.29,53.04,1.7,30.477,15.0,2
14,191,878.22,20.01,47.35,39.92,4.162,30.255,15.0,2
20,95,2.96,19.76,20.53,95.45,1.298,20.468,0.5263,3
3,155,7.43,14.68,16.24,98.16,3.847,29.053,0.4199,0
5,113,0.0,18.69,18.22,89.69,2.25,29.113,0.0,2
17,312,232.64,28.81,34.92,68.05,2.786,29.394,13.0199,2
10,59,624.79,29.5,47.85,38.98,1.253,31.104,13.7274,4
5,197,0.0,15.22,14.74,87.7,3.449,28.485,0.0,0
8,293,340.75,27.92,37.61,63.82,2.232,27.979,8.6261,4
14,14,438.96,29.82,44.01,39.4,6.792,16.811,15.0,3
4,202,15.11,15.78,16.43,99.85,4.278,30.204,0.0,4
6,288,141.67,24.57,28.29,86.04,3.165,29.644,9.476,2
3,33,8.48,24.56,25.25,97.54,5.001,28.15,0.0,4
9,240,647.42,27.85,48.42,44.31,0.957,27.802,15.0,4
12,246,846.29,26.36,53.51,32.57,3.713,3.638,15.0,1
8,290,345.63,24.98,36.19,57.33,4.356,29.813,8.9718,4
2,344,0.4,25.16,24.57,95.24,2.772,30.538,0.0,2
13,145,943.4,24.21,54.04,37.88,0.731,31.926,15.0,2
20,150,0.0,18.19,17.75,100.0,3.345,29.5,0.2344,4
18,123,216.75,20.92,28.13,79.19,6.402,29.572,13.3584,2
10,229,795.13,22.59,48.83,36.22,2.653,31.221,15.0,4
6,356,126.86,25.38,29.22,74.06,3.254,29.79,7.9376,2
23,229,1.62,14.76,13.94,96.08,4.019,29.799,0.1026,4
4,228,22.02,15.28,15.01,95.24,2.156,29.616,0.0,0
8,7,237.29,27.96,34.55,60.84,2.734,28.696,15.0,2
2,269,4.48,18.21,18.02,95.68,0.606,28.967,0.1484,0
11,219,946.48,23.78,53.03,33.41,1.977,30.334,15.0,2
22,317,5.57,24.24,24.95,89.39,1.142,16.405,0.0523,3
5,321,0.0,25.32,24.48,88.65,4.906,30.773,0.0,4
10,351,445.68,33.99,46.74,45.54,2.178,28.869,10.6283,4
16,54,318.36,25.83,36.66,57.43,1.317,27.908,15.0,2
23,344,10.35,22.7,22.08,92.77,2.165,28.373,0.0452,4
22,136,13.15,16.28,16.12,91.34,3.479,30.729,0.3641,4
23,4,2.91,22.12,22.96,98.98,2.377,29.28,0.0,2
1,239,0.0,15.39,14.19,95.36,2.372,30.466,0.353,4
10,253,726.58,28.3,51.51,36.22,2.044,31.473,15.0,2
0,323,14.95,22.23,21.5,95.7,5.407,28.075,0.579,2
17,338,198.54,31.82,37.75,67.32,2.87,29.662,10.6008,2
1,137,0.76,15.69,14.22,94.42,1.308,28.558,0.0,2
20,253,36.21,19.94,21.22,99.77,2.436,29.624,0.9372,2
16,100,454.11,25.18,38.77,57.9,1.82,29.32,15.0,0
3,103,0.0,17.04,17.17,88.15,1.196,28.885,0.0735,2
14,191,879.58,19.76,46.35,38.96,2.151,30.13,15.0,2
1,79,6.73,19.22,19.62,89.86,2.704,29.525,1.2207,2
15,207,689.65,21.69,42.86,42.97,2.664,30.773,15.0,4
10,140,868.78,21.08,47.6,40.81,2.337,30.652,15.0,4
13,11,526.2,32.01,49.37,38.73,2.833,28.979,15.0,0
10,94,711.04,26.66,49.31,36.27,3.097,28.875,15.0,4
4,262,0.0,18.49,18.76,95.24,2.193,30.489,0.1082,4
12,283,718.87,27.69,49.2,36.13,3.499,31.444,15.0,2
3,280,18.7,21.04,22.85,93.38,0.386,17.703,1.1634,3
8,186,558.71,24.44,42.11,53.08,2.244,29.483,13.0831,4
5,104,13.69,19.37,19.41,88.4,1.475,16.469,0.1949,3
11,328,516.39,31.29,47.49,33.16,1.958,30.515,11.5405,4
10,14,497.68,29.55,44.68,42.41,3.215,30.754,15.0,2
16,341,283.72,31.69,40.4,63.13,3.75,29.071,15.0,2
19,116,37.82,20.22,19.76,86.73,1.084,28.335,0.8156,4
3,362,0.0,26.19,27.07,96.0,2.002,29.3,0.0,2
6,199,267.28,18.82,27.8,74.63,1.26,28.964,9.957,0
4,15,0.0,23.99,25.62,90.3,2.887,29.009,0.0,4
6,188,245.34,18.3,25.08,79.79,3.07,28.998,10.3954,0
20,299,11.93,21.2,21.21,91.58,4.232,27.902,1.3301,2
13,94,823.69,27.03,52.13,29.74,4.535,20.813,15.0,3
7,150,347.88,20.1,32.37,64.22,2.6,28.747,15.0,2
0,47,0.0,20.11,21.59,99.77,2.504,28.599,0.0454,2
5,34,0.0,26.33,27.23,83.72,2.767,27.847,0.0197,4
15,204,696.19,21.55,41.39,47.84,0.828,28.191,15.0,4
21,281,0.78,18.74,18.01,95.98,1.642,26.932,0.2045,4
0,30,1.77,23.46,23.87,94.35,1.614,26.999,0.5546,2
2,140,1.36,13.72,14.62,98.95,3.4,28.862,0.0,0
1,95,4.69,17.52,17.98,94.65,4.768,27.22,0.0431,2
16,159,549.74,20.18,37.3,53.93,2.117,29.927,12.8087,4
7,132,347.51,23.98,34.21,67.01,1.476,29.959,15.0,2
18,101,235.09,21.6,28.86,78.23,6.2,29.454,9.7721,0
4,204,27.45,13.37,13.56,98.47,1.522,28.45,1.8096,0
16,295,336.85,30.19,41.3,61.2,4.097,28.398,15.0,2
21,330,10.66,25.49,26.22,93.43,1.748,28.038,0.3736,0
12,207,993.11,24.06,56.76,25.9,1.454,32.121,15.0,2
19,151,0.0,14.76,15.43,86.72,6.451,28.874,0.0,2
10,72,629.06,29.1,49.07,42.97,2.8,31.109,15.0,2
7,107,305.91,23.18,32.9,63.41,2.14,26.896,15.0,2
13,222,936.35,24.95,53.13,34.31,1.139,29.803,15.0,4
11,49,636.86,28.75,48.97,28.64,0.731,30.055,15.0,0
21,134,13.58,13.04,13.84,96.58,1.432,29.763,0.3325,4
12,15,568.85,31.3,50.26,39.84,4.567,29.022,15.0,0
5,318,0.87,28.37,27.52,85.81,3.078,20.641,0.5517,3
23,148,7.69,14.25,14.99,100.0,5.369,29.453,0.4894,4
13,156,987.44,25.2,55.88,32.44,5.363,30.993,15.0,2
3,242,1.59,16.94,16.2,94.31,0.945,29.389,0.0,2
6,124,240.24,20.26,27.81,83.74,1.81,29.133,14.1591,2
19,138,31.69,17.22,17.35,86.86,0.23,27.129,2.4556,2
3,237,26.27,12.64,14.47,89.18,1.203,15.68,0.0,3
17,33,207.22,29.14,35.42,67.35,2.688,3.514,13.1519,1
8,245,413.01,23.84,37.34,58.35,1.685,29.299,15.0,0
21,77,0.0,20.17,20.23,91.76,4.873,29.242,0.0,0
5,199,0.0,17.57,17.05,89.26,3.118,30.111,0.9194,2
2,95,0.0,15.74,15.92,94.66,2.206,27.583,0.0,0
8,300,324.41,26.55,36.25,54.5,2.351,28.669,15.0,2
11,92,813.53,26.08,50.53,33.83,3.854,30.548,15.0,4
22,128,0.0,13.85,14.52,97.12,0.698,27.958,0.5036,0
15,68,500.49,25.95,42.82,48.07,1.448,30.594,15.0,2
15,251,588.73,24.54,43.83,53.8,2.992,30.598,15.0,2
22,237,8.67,18.65,18.27,100.0,3.732,27.891,0.0104,2
16,286,347.48,29.07,39.97,59.84,3.639,29.062,13.7697,0
1,13,18.98,25.34,25.82,91.02,1.635,29.453,1.3931,2
3,14,0.0,23.52,23.03,96.38,3.416,3.033,0.0156,1
13,365,507.78,31.19,47.33,40.28,0.711,16.504,15.0,3
11,283,662.82,29.83,50.66,36.77,1.426,16.78,15.0,3
22,43,19.1,22.17,23.25,95.62,3.743,28.244,0.4178,4
6,272,149.17,23.37,29.02,75.42,2.07,29.603,5.1824,0
0,312,31.51,24.94,25.92,95.38,0.668,28.049,2.4268,2
15,71,541.77,29.42,44.95,50.49,3.617,29.624,15.0,2
23,30,0.0,20.34,21.7,93.99,1.744,29.966,0.0,0
14,309,505.07,30.65,46.8,39.3,0.677,29.453,15.0,2
13,264,752.38,24.37,47.63,33.23,3.076,16.1,15.0,3
9,305,411.76,28.05,40.58,48.19,5.799,29.369,15.0,2
9,128,669.35,26.41,48.13,46.93,2.822,29.368,15.0,4
16,12,315.14,31.1,40.72,57.79,3.085,27.751,15.0,2
11,149,963.64,23.24,52.11,32.57,1.057,30.734,15.0,2
13,107,879.81,27.14,55.1,34.15,3.887,32.085,15.0,2
10,183,887.27,20.57,47.89,36.74,2.99,30.142,15.0,2
8,133,537.39,23.58,39.92,54.6,1.132,3.979,15.0,1
1,337,8.35,21.9,21.65,92.59,4.195,28.469,0.0,4
16,264,390.91,24.45,36.87,56.01,2.702,28.993,15.0,2
23,156,4.01,10.45,9.88,93.58,5.1,29.7,0.4758,4
10,360,458.07,32.55,48.17,45.72,1.307,31.675,15.0,2
3,197,0.0,15.05,15.02,90.26,1.404,28.174,0.0,4
13,351,475.53,35.33,50.41,37.87,2.413,29.509,15.0,2
10,253,676.8,26.47,48.64,42.17,1.189,29.121,15.0,2
21,100,3.72,19.65,19.95,93.68,2.339,28.806,0.0,2
6,179,257.04,20.45,28.39,72.4,1.91,27.151,11.7169,0
12,62,697.68,29.8,50.72,32.51,1.815,29.557,15.0,4
20,133,0.0,17.82,18.67,98.61,0.705,30.25,0.0795,0
11,194,1001.44,19.53,49.96,29.33,5.142,32.121,15.0,2
23,214,12.75,14.33,15.58,98.35,2.004,29.388,2.0162,2
10,69,619.39,28.84,48.86,42.0,4.26,19.585,15.0,3
8,42,345.28,31.25,42.26,53.93,2.12,28.503,15.0,2
1,134,0.0,15.87,15.56,93.47,3.165,16.587,0.0,3
3,90,9.42,17.1,16.75,98.46,2.458,30.558,0.0027,2
17,322,191.75,29.46,35.03,69.09,1.22,26.861,12.7551,2
11,94,807.18,23.19,47.32,33.45,2.771,16.727,15.0,3
3,184,0.0,13.93,13.29,95.8,2.77,28.024,0.2651,2
6,36,155.98,28.35,32.81,82.05,1.522,28.493,9.4728,2
2,162,13.52,16.06,15.08,95.84,1.43,30.302,0.2165,0
23,69,0.0,19.72,20.12,99.11,5.737,29.741,0.0031,4
9,49,455.43,31.61,46.2,44.22,0.4,17.496,15.0,3
8,83,413.25,25.69,37.76,58.72,1.845,30.701,9.4242,4
10,20,449.34,32.34,46.92,44.65,2.778,30.958,15.0,2
2,76,10.7,22.59,22.28,95.02,2.702,30.234,0.9894,2
10,11,474.23,29.9,44.19,41.92,0.345,28.799,11.1188,4
12,307,615.63,33.22,52.4,36.15,2.79,28.91,15.0,2
2,1,6.03,24.9,24.94,95.56,1.276,16.149,0.0137,3
8,297,299.21,27.87,38.46,59.26,0.659,29.422,15.0,2
7,254,315.5,21.56,32.19,71.31,4.348,30.337,15.0,2
16,6,282.53,33.67,43.5,56.67,2.187,29.147,15.0,2
17,4,226.82,29.97,37.07,66.33,0.641,29.322,13.0253,2
16,96,442.84,25.42,39.32,55.08,2.443,28.622,15.0,2
11,98,856.72,25.58,51.96,29.88,0.951,31.009,15.0,2
2,42,1.28,22.12,24.45,99.98,5.88,26.479,0.112,2
5,88,2.83,22.34,21.87,89.2,1.731,19.952,0.3195,3
3,304,23.29,22.16,22.9,94.66,1.505,29.962,0.8115,2
2,269,0.0,13.66,12.55,91.72,3.62,28.508,0.3207,2
18,153,271.97,20.04,28.52,73.79,2.507,29.36,7.0912,4
23,20,12.22,23.05,23.24,94.17,4.077,27.097,0.0233,0
9,298,462.96,29.27,43.78,49.64,1.675,28.371,15.0,2
18,10,130.93,29.13,32.13,81.34,4.403,26.729,3.971,4
11,341,507.14,34.32,49.33,42.61,2.394,16.198,15.0,3
11,26,555.03,30.0,48.19,35.83,2.386,31.44,15.0,2
4,83,0.0,18.53,19.81,93.71,2.851,27.998,0.0,2
17,306,240.83,26.77,33.22,71.05,3.761,29.153,13.8866,2
2,110,2.47,17.08,17.53,99.6,1.87,29.182,0.0,0
5,234,6.94,18.41,18.45,86.19,2.223,29.753,0.0,2
9,292,460.27,26.89,41.01,54.13,4.239,30.968,15.0,2
5,228,0.0,19.51,18.87,87.74,2.016,29.131,0.0674,2
9,36,449.08,28.48,42.33,46.37,0.069,30.287,15.0,2
22,197,0.0,15.26,14.77,88.47,2.062,27.671,0.0,2
12,167,1046.73,22.08,53.02,24.36,3.619,30.926,15.0,2
19,365,7.7,27.62,26.59,89.04,2.296,28.836,0.1328,4
14,235,776.2,25.49,50.05,36.83,1.513,31.111,15.0,2
2,57,0.0,21.48,23.32,95.49,0.584,28.801,0.0,0
7,160,361.01,18.88,31.39,61.28,1.39,29.011,15.0,2
3,3,0.0,25.82,25.41,92.88,3.749,29.75,0.3138,0
6,245,193.94,19.9,26.81,73.36,1.353,29.829,11.9853,2
15,213,682.55,22.48,42.33,35.77,1.598,31.05,15.0,2
10,114,779.69,25.97,50.54,38.73,3.284,4.764,15.0,1
4,94,13.05,19.33,19.88,93.92,4.52,28.2,0.0,4
9,115,657.67,23.01,42.58,49.46,2.862,29.604,15.0,2
3,329,4.74,23.0,23.43,96.14,1.98,29.927,1.2886,2
1,137,1.79,14.57,15.24,89.99,6.169,27.653,0.3306,2
11,156,1002.14,23.64,55.48,28.4,3.754,29.355,15.0,2
7,51,237.41,28.37,35.76,67.2,6.908,29.035,13.5979,2
16,46,347.07,25.52,36.23,55.33,2.042,30.409,7.9745,4
1,42,1.45,22.17,21.32,95.53,1.967,27.085,1.1468,2
23,118,24.48,14.67,15.35,97.64,3.306,28.375,0.0809,4
4,274,11.36,21.11,22.66,96.33,0.7,27.674,1.3665,2
1,192,3.03,13.64,14.03,96.76,5.222,28.641,0.0251,4
6,116,201.52,18.52,24.27,83.24,1.534,30.27,12.4771,2
20,223,28.28,18.61,18.77,96.19,1.533,28.672,0.1369,0
11,302,618.52,28.73,48.46,35.76,3.855,29.765,14.1735,4
6,184,269.24,19.48,26.59,77.16,1.749,29.13,15.0,2
14,72,633.8,27.97,47.35,43.37,1.954,29.05,15.0,2
1,293,0.0,23.55,22.94,91.7,1.713,29.455,0.0,4
6,144,222.77,18.6,24.12,77.6,4.651,3.28,12.364,1
17,347,184.53,29.48,36.08,69.27,0.267,20.188,6.6924,3
23,257,29.88,17.58,17.27,97.76,3.85,28.719,1.1747,2
8,76,428.63,27.11,39.94,63.66,2.623,28.616,10.8234,4
21,120,22.4,15.98,16.38,94.39,1.915,28.043,0.9075,2
2,199,1.43,14.13,14.43,96.17,2.03,28.901,0.8862,2
6,278,150.38,24.32,28.93,78.31,1.308,28.63,9.5349,2
18,307,144.59,27.83,31.58,82.08,2.113,29.946,5.464,0
7,333,188.26,28.71,34.58,64.94,3.322,30.207,11.4052,2
6,25,124.59,26.55,31.06,83.98,3.154,16.677,5.9232,3
0,361,6.49,25.22,26.04,99.22,2.042,27.184,0.2189,0
7,191,361.24,20.5,33.18,58.94,1.668,30.75,15.0,2
7,291,237.39,26.58,33.31,67.01,1.83,29.902,5.9288,4
11,230,879.33,27.34,54.57,36.3,3.789,30.529,15.0,4
21,135,7.45,15.77,15.48,89.23,1.221,17.0,0.0238,3
4,183,2.83,14.14,13.55,100.0,1.603,30.104,0.0891,2
11,288,660.64,30.78,51.77,37.4,3.174,29.497,15.0,2
3,202,47.78,15.5,16.18,91.63,2.566,30.539,2.3901,2
17,296,222.18,28.43,34.74,62.23,1.06,29.067,8.8273,0
13,312,568.22,34.91,52.2,33.72,1.072,29.777,15.0,0
18,181,249.61,18.15,25.68,75.09,2.673,5.956,7.4684,1
3,131,0.0,16.68,16.05,96.24,2.985,27.781,0.5225,2
13,17,521.34,37.04,53.93,33.58,1.383,30.163,15.0,2
9,171,722.55,21.94,45.72,42.69,1.86,30.297,15.0,0
16,129,529.12,20.82,35.98,58.45,4.735,30.833,15.0,2
22,53,4.87,20.82,20.34,98.6,2.152,14.937,0.7776,3
11,193,960.46,22.41,52.85,34.08,0.769,30.379,15.0,2
14,309,502.23,33.09,49.67,44.96,3.094,30.397,15.0,2
7,278,279.05,27.21,36.06,71.47,4.165,29.297,6.7383,4
20,272,13.0,20.31,20.34,97.22,5.182,28.206,0.0383,0
14,9,478.59,33.35,48.42,40.93,2.238,28.644,11.4728,4
21,331,2.1,22.65,23.06,90.41,4.365,29.278,0.9888,2
0,362,2.71,24.86,25.19,93.37,1.573,29.915,0.0286,2
2,95,5.68,17.54,17.17,91.54,0.735,28.111,0.0234,4
10,109,760.65,24.94,48.41,42.02,1.829,29.027,15.0,2
0,304,13.52,25.04,26.72,100.0,3.375,28.923,0.0963,2
12,228,948.44,24.85,55.03,30.91,1.303,30.583,15.0,4
13,118,909.67,24.96,53.85,29.73,0.456,18.118,15.0,3
17,187,382.5,21.34,34.68,68.79,3.235,29.13,9.4903,4
14,365,435.71,32.12,46.6,43.55,2.499,29.277,15.0,2
12,306,597.41,31.6,50.74,34.23,2.788,30.536,15.0,2
13,131,940.16,22.88,52.8,36.87,4.183,30.164,15.0,2
0,63,10.82,21.49,22.54,100.0,3.993,29.776,0.0252,2
10,85,703.88,28.12,50.42,41.65,3.056,29.077,15.0,0
17,128,344.51,20.56,32.01,68.73,0.837,30.038,14.1378,0
13,135,973.78,26.94,58.61,26.33,0.983,29.962,15.0,2
5,60,0.0,23.78,23.7,92.47,0.464,6.039,0.3403,1
17,73,258.55,27.11,35.42,57.17,3.58,18.886,8.6014,3
10,323,475.44,32.14,45.7,42.16,0.359,28.282,15.0,2
20,14,0.0,24.62,25.5,98.58,2.175,27.422,0.3888,2
16,208,523.1,22.18,40.12,57.92,3.668,29.422,13.0317,4
0,158,13.32,9.49,9.59,97.38,1.483,28.442,0.8742,2
14,210,836.18,23.93,49.48,32.5,1.826,28.166,15.0,2
8,320,275.31,30.28,40.18,61.52,4.451,18.099,11.7289,3
10,8,448.45,30.79,44.78,41.1,3.449,29.717,15.0,2
6,160,203.81,18.84,25.35,71.95,0.489,15.987,8.5854,3
0,305,31.83,23.04,24.34,94.82,0.879,28.301,0.7868,0
2,253,8.05,20.76,21.62,86.98,2.014,28.949,0.0199,2
6,182,236.46,17.65,25.21,78.03,0.973,29.176,14.6564,2
6,70,163.74,22.7,28.3,76.98,0.776,28.445,9.9382,2
18,85,224.96,25.04,32.08,74.96,1.665,27.743,6.3731,4
0,228,0.0,15.43,16.06,100.0,4.353,27.331,0.0594,2
10,136,868.1,23.61,50.6,37.27,4.486,31.519,15.0,0
22,236,9.4,12.96,13.97,93.46,2.298,31.346,0.8198,0
4,131,4.06,14.16,15.15,95.46,4.737,17.692,0.0333,3
4,31,22.47,22.43,22.6,96.28,1.549,18.973,0.3649,3
6,2,97.63,27.07,29.95,80.85,2.196,28.362,5.8658,2
22,105,0.0,15.27,14.87,97.39,2.346,29.71,0.0015,0
9,226,641.0,24.07,44.5,46.48,1.824,29.202,15.0,2
12,351,517.74,34.22,49.71,34.64,2.215,30.265,15.0,0
15,231,613.62,25.6,43.86,51.01,2.551,30.102,15.0,2
12,109,925.1,26.57,55.82,30.84,2.217,30.322,15.0,2
15,94,594.27,21.98,38.77,49.05,4.573,31.762,15.0,0
16,99,470.82,23.68,38.2,51.8,1.597,31.405,15.0,2
4,23,0.0,23.92,23.87,91.9,2.676,28.077,0.0,2
10,138,835.54,25.12,50.88,37.84,2.028,31.338,15.0,2
19,78,16.36,22.98,22.66,93.42,4.24,27.796,0.5593,2
21,91,4.41,18.37,18.66,95.2,1.246,29.447,0.0,0
17,131,352.68,21.37,32.53,61.69,2.745,30.809,15.0,2
23,108,11.06,13.81,13.82,91.94,3.907,29.201,0.8323,2
15,220,659.87,23.23,45.71,41.79,3.477,28.286,15.0,4
3,179,3.15,16.07,14.99,96.59,3.114,28.189,0.0,2
17,240,335.11,26.19,37.02,64.14,1.614,17.911,12.3963,3
15,27,386.02,26.76,40.31,51.28,4.397,4.605,12.736,1
20,254,0.94,19.28,19.68,99.91,0.478,26.961,0.1735,4
23,269,0.0,18.34,18.56,94.36,2.802,27.482,0.0,2
2,54,0.0,20.67,20.3,96.68,2.935,29.725,0.1736,0
16,335,279.88,29.07,38.08,64.11,3.33,29.261,6.4952,4
21,222,13.47,15.53,14.2,98.79,3.709,28.398,0.3273,4
17,152,383.31,20.21,31.19,69.71,2.067,28.78,15.0,2
9,353,370.23,29.53,41.03,51.19,4.044,30.483,15.0,2
12,292,670.31,29.31,51.49,31.06,2.647,18.51,15.0,3
8,152,514.86,21.6,37.5,56.77,1.198,28.994,15.0,2
21,264,0.0,17.42,17.75,95.11,1.302,29.25,0.0,2
19,302,10.09,26.16,26.38,87.96,3.094,28.303,0.2602,4
1,235,17.24,18.58,19.37,94.36,3.792,4.7,0.0717,1
11,235,887.98,24.03,52.68,38.34,4.65,31.86,15.0,2
14,167,898.6,22.03,51.28,33.39,1.684,30.901,15.0,2
7,290,270.13,24.82,33.1,69.85,3.767,29.157,15.0,2
5,100,25.03,17.4,17.84,94.57,1.722,16.775,1.1803,3
22,170,0.0,12.03,11.3,97.21,3.409,29.02,0.0,2
6,360,97.39,28.32,32.02,80.32,5.796,27.931,7.3309,2
12,203,993.8,22.31,53.89,33.17,2.566,16.501,15.0,3
12,218,955.99,25.52,55.76,31.81,1.646,29.643,15.0,2
14,170,884.64,24.3,50.24,33.97,0.982,29.912,15.0,2
12,68,762.9,31.67,53.76,32.76,4.051,32.184,15.0,2
16,14,296.35,28.5,38.55,55.03,0.753,28.884,15.0,2
19,229,15.98,19.98,19.24,87.67,3.853,29.086,1.0431,2
1,120,0.0,14.35,13.59,95.75,3.358,28.538,0.2159,2
5,241,14.08,20.21,20.24,87.72,1.833,28.493,0.0373,4
8,158,531.61,22.73,38.82,57.32,2.041,13.557,15.0,3
5,226,0.73,22.5,21.32,83.66,4.612,27.775,0.0659,2
18,225,237.76,20.13,26.7,78.59,1.69,29.321,15.0,2
17,166,355.21,19.85,31.43,67.75,0.542,14.889,15.0,3
7,236,323.86,25.1,35.89,61.59,4.577,29.411,8.4535,4
7,120,345.12,23.11,33.97,64.88,2.958,4.076,12.3218,1
1,362,0.0,23.46,24.35,94.96,3.848,26.002,0.0,4
16,313,348.11,30.49,41.66,56.17,1.045,29.251,15.0,2
20,42,3.4,24.24,25.17,96.37,3.556,29.595,0.0,2
19,224,0.0,18.06,18.3,90.31,4.811,27.808,0.2227,2
6,87,185.47,22.91,28.61,81.72,2.937,27.951,10.9483,2
6,201,246.01,18.96,26.68,84.79,2.563,30.17,14.3135,2
14,167,911.97,24.43,53.73,36.51,2.068,29.834,15.0,4
13,277,661.13,27.13,47.94,38.9,2.349,30.775,15.0,4
9,65,481.15,29.83,46.44,41.42,4.206,29.179,11.3865,4
10,238,754.71,25.32,49.99,37.52,4.674,29.736,15.0,2
10,157,887.77,20.61,49.18,37.62,1.223,31.354,15.0,2
6,234,219.51,22.25,29.32,73.66,4.003,28.606,13.1116,2
7,211,352.07,21.74,32.65,66.76,2.919,28.362,15.0,2
20,134,0.0,14.5,16.06,96.21,1.557,29.823,0.2404,2
16,157,525.12,20.45,36.23,52.41,3.098,29.699,15.0,0
16,69,391.44,23.67,35.92,52.71,1.961,31.043,15.0,2
19,23,20.54,26.89,26.82,90.72,2.467,28.769,0.3754,4
23,360,7.98,25.26,25.82,96.51,2.032,29.446,0.084,0
21,137,22.37,16.94,16.6,89.9,0.829,28.592,1.7992,2
7,193,386.7,20.91,31.9,64.58,0.973,28.378,15.0,2
16,190,539.46,23.22,40.44,53.89,0.982,29.164,15.0,0
21,189,6.56,15.85,16.64,93.8,1.978,28.278,0.0,2
2,185,0.0,15.78,17.04,95.87,0.793,28.586,0.6179,4
19,53,1.41,22.14,22.4,88.53,2.814,29.413,0.0,4
1,67,12.73,20.07,20.22,91.66,2.576,28.903,1.283,2
7,269,284.88,24.34,32.35,64.09,1.343,29.733,6.4153,4
14,222,803.58,26.67,50.94,40.97,1.648,30.906,15.0,4
3,308,0.0,22.12,21.95,98.4,1.685,28.133,0.1095,2
8,295,356.13,27.87,39.48,59.63,2.08,28.522,15.0,2
18,48,159.01,24.94,30.37,73.68,4.906,28.49,10.1084,2
10,143,902.74,22.04,49.15,38.38,2.022,30.259,15.0,2
15,26,384.03,31.09,42.7,51.14,0.278,29.284,9.5298,4
23,270,11.67,17.09,16.4,93.12,4.981,30.093,0.0437,0
7,156,327.68,21.65,32.31,69.46,2.053,29.578,15.0,2
11,322,540.65,31.94,48.37,36.04,0.438,29.717,15.0,0
12,94,833.22,25.26,50.47,38.27,2.492,31.106,15.0,2
9,124,650.03,25.34,45.72,44.86,3.445,28.588,15.0,2
10,284,594.23,29.06,46.59,41.0,4.073,27.912,14.6887,4
12,209,999.9,22.24,54.52,28.68,2.031,19.722,15.0,3
7,241,321.75,24.82,35.32,62.31,2.582,29.378,15.0,2
4,272,0.0,18.69,19.2,96.78,1.605,30.095,0.0182,4
20,280,3.52,20.76,21.31,92.08,4.158,26.924,0.7022,2
9,347,359.63,30.61,41.88,54.03,0.979,28.17,15.0,2
7,165,390.05,21.21,33.57,65.38,2.671,29.265,15.0,0
16,57,340.48,28.96,39.64,50.52,4.209,29.513,15.0,2
8,292,346.77,24.89,35.33,52.69,2.132,29.845,15.0,2
10,344,451.55,32.24,48.4,44.08,1.339,30.129,11.4552,4
15,343,372.46,30.47,43.27,47.67,1.753,30.855,8.4753,4
23,29,46.16,21.58,22.27,96.23,0.824,27.095,3.8437,2
13,120,901.31,25.96,53.88,29.47,2.938,21.397,15.0,3
0,135,0.0,14.62,14.23,98.61,1.179,30.343,0.0,2
1,356,6.22,25.98,25.75,91.94,3.629,16.028,0.3025,3
6,8,114.79,28.46,32.0,78.31,0.658,17.966,4.9716,3
20,112,20.53,17.24,17.34,96.62,5.02,29.4,0.5511,2
17,19,177.85,28.27,33.64,63.64,4.051,30.653,4.7217,4
10,245,730.16,26.08,49.4,43.63,4.216,30.411,15.0,2
7,207,325.87,18.64,29.09,57.6,0.476,28.861,15.0,2
6,254,194.01,23.03,29.34,71.88,4.197,27.803,4.822,4
17,134,351.35,21.88,32.46,64.58,1.537,30.693,14.1378,0
7,4,209.54,30.46,36.01,69.34,2.431,29.124,11.4336,2
15,298,466.35,29.23,41.67,40.88,2.443,28.5,15.0,0
22,66,0.0,18.12,17.21,98.06,2.667,28.175,0.6669,4
4,196,38.48,13.77,14.29,94.25,3.203,29.253,0.297,4
12,196,1047.65,24.08,56.75,27.48,0.959,31.147,15.0,0
15,294,453.4,28.47,42.8,49.86,1.256,3.803,15.0,1
14,297,590.96,29.98,46.14,35.26,4.361,29.474,12.9962,4
12,104,904.71,29.25,56.65,33.11,1.274,30.039,15.0,2
0,307,0.0,23.24,23.35,91.03,3.167,27.881,0.4424,2
10,304,549.37,29.11,47.12,38.9,2.163,31.322,15.0,2
20,123,13.16,16.06,16.11,100.0,1.096,28.605,0.3595,2
0,2,0.0,22.92,23.34,91.15,1.265,17.834,0.7832,3
20,145,0.0,15.35,15.34,99.35,0.399,28.564,1.1222,2
19,133,19.02,19.38,19.36,86.67,3.645,29.753,0.3635,2
14,118,775.67,22.58,46.67,34.54,2.009,32.42,15.0,0
22,265,31.15,19.53,18.96,94.09,2.889,30.255,0.205,2
15,122,643.98,26.36,47.14,42.12,2.276,30.758,15.0,0
6,46,191.02,23.69,29.81,77.56,1.123,30.586,4.0411,4
2,313,0.0,24.26,24.48,94.44,5.44,27.834,0.0,4
1,147,0.0,12.76,12.5,93.29,2.034,21.036,0.6094,3
7,266,290.18,23.79,33.37,66.2,3.053,17.317,11.0501,3
18,171,229.78,14.84,21.57,73.24,2.479,29.457,9.3274,0
2,76,0.0,20.46,21.01,92.13,2.553,28.797,1.0818,2
5,222,0.0,22.07,21.99,93.08,1.03,16.66,0.1245,3
5,187,0.0,20.34,20.17,92.31,4.697,29.468,0.2385,2
19,118,0.0,17.45,18.95,92.27,3.698,29.387,0.2788,4
18,291,150.9,25.39,30.67,78.32,1.8,28.663,4.0041,4
4,60,9.04,18.8,20.06,100.0,2.596,28.268,0.4678,2
0,313,8.95,20.21,20.22,88.86,4.616,30.404,0.0221,4
0,207,0.0,14.56,14.67,95.11,3.32,29.54,0.0,2
23,142,6.54,11.36,11.21,96.72,1.279,27.828,0.2707,2
20,217,6.37,16.31,17.29,94.18,1.114,14.678,0.0,3
23,3,8.47,23.92,23.72,95.7,3.592,30.521,0.1338,0
22,164,46.83,15.78,15.59,95.82,1.766,29.147,1.4925,2
19,359,0.0,27.88,28.45,89.13,4.681,28.032,0.0732,2
17,24,216.92,29.55,36.38,67.88,1.39,30.918,8.3359,0
1,336,0.0,24.77,25.05,96.62,3.04,29.196,0.0187,0
1,249,4.31,17.27,17.8,96.8,2.063,28.879,0.0184,2
1,116,25.97,16.66,17.23,95.6,3.504,28.64,0.4564,2
10,170,875.54,20.99,49.4,35.61,1.182,31.175,15.0,0
19,38,12.01,25.75,25.53,94.63,0.967,27.845,0.3924,2
15,213,664.9,22.57,43.54,46.78,6.652,31.154,15.0,2
6,334,117.29,26.08,30.0,77.89,3.551,29.245,4.0341,0
23,140,0.0,14.19,15.44,94.1,2.109,27.646,0.0051,2
21,51,0.0,19.61,19.99,92.64,2.966,28.269,0.0547,2
3,153,42.95,14.27,14.81,95.72,6.157,19.607,1.7629,3
15,331,368.43,32.11,44.79,50.26,5.61,29.128,15.0,2
7,323,205.38,26.95,35.4,64.59,5.155,28.537,12.8012,2
2,43,17.36,22.02,22.09,90.43,1.476,29.938,1.0946,4
12,24,565.42,32.61,51.11,37.79,4.239,18.034,15.0,3
6,165,217.05,18.12,24.45,78.94,1.817,27.673,10.0326,0
17,248,307.62,23.79,34.6,63.86,6.716,28.223,15.0,2
7,214,351.57,18.76,30.15,64.27,2.61,16.116,14.2133,3
7,142,345.43,21.18,32.7,67.99,5.07,28.307,15.0,2
11,80,758.76,31.44,54.35,38.11,1.681,28.114,15.0,2
21,236,37.11,16.84,17.98,95.16,0.891,28.587,1.2581,4
9,110,612.1,22.77,42.06,41.58,3.035,30.525,15.0,2
10,134,834.63,23.35,48.85,34.91,0.837,5.429,15.0,1
15,144,741.28,23.67,46.73,45.47,5.145,31.844,15.0,4
13,122,902.01,25.29,54.18,30.55,3.416,30.281,15.0,2
22,161,7.17,14.96,16.82,94.14,3.585,29.679,1.2694,2
14,235,769.49,23.81,48.43,36.66,2.715,17.983,15.0,3
4,339,7.48,22.43,22.57,88.14,2.591,27.027,0.0,2
21,272,8.13,19.36,19.14,91.18,2.608,28.541,0.3951,2
22,309,16.09,21.47,22.02,89.36,2.924,28.072,0.0051,2
4,358,0.0,25.8,25.58,98.63,4.451,28.252,0.2425,2
15,69,504.55,27.04,43.7,42.71,2.489,29.942,15.0,2
0,41,11.29,22.49,23.45,96.96,2.384,29.7,0.0041,2
22,22,7.44,23.84,23.18,95.84,5.01,28.125,0.0055,2
7,239,316.99,23.07,32.83,65.66,5.409,29.695,15.0,2
1,141,0.0,14.06,13.41,99.85,2.501,28.321,0.0,2
15,259,574.17,26.09,44.26,48.94,2.295,5.114,15.0,1
8,112,487.32,23.43,38.31,53.49,1.888,28.396,15.0,2
18,304,167.85,26.98,31.94,76.87,1.312,29.076,4.2009,4
20,175,5.12,14.46,14.46,93.33,1.875,29.236,0.3725,2
17,122,355.96,21.13,32.14,65.12,1.642,29.971,15.0,2
23,88,0.0,14.7,14.98,96.18,3.011,20.883,0.2857,3
18,235,226.03,19.99,26.82,79.93,3.213,28.993,13.2138,2
20,26,18.99,25.69,26.77,97.8,4.042,16.497,0.8985,3
5,140,1.59,17.28,17.71,91.83,2.636,29.108,0.0,2
13,211,969.96,25.04,54.64,28.75,0.522,29.982,15.0,4
9,275,479.44,29.45,44.81,47.36,1.88,29.502,15.0,2
4,43,8.41,24.32,24.27,95.2,1.558,28.911,0.1507,2
19,10,15.94,26.46,25.89,91.06,0.572,28.846,0.8837,4
9,360,351.18,31.29,43.79,49.55,2.594,30.599,15.0,2
17,150,375.34,18.45,29.78,71.73,3.188,3.58,15.0,1
8,72,401.22,24.06,37.12,52.21,1.15,29.593,15.0,2
1,110,0.0,15.67,15.96,94.62,3.418,28.185,0.0208,2
20,154,0.0,15.55,14.39,91.67,1.597,30.742,0.08,2
10,144,849.15,24.37,49.75,38.87,3.754,29.627,15.0,4
0,303,0.0,23.09,23.82,95.51,4.37,28.177,0.0736,2
14,344,453.92,33.46,45.48,43.5,1.105,30.226,15.0,2
11,241,827.52,25.81,50.41,29.91,1.295,32.281,15.0,2
23,81,3.27,15.81,15.32,94.83,1.004,29.312,0.5243,2
3,349,0.0,24.14,24.28,93.33,3.971,18.496,0.0,3
19,284,0.0,25.1,25.48,88.76,3.107,3.643,0.03,1
4,351,1.92,23.58,24.26,92.21,3.401,28.096,0.7129,2
17,137,352.82,18.74,30.16,67.05,2.326,29.438,15.0,2
20,293,33.57,24.06,24.01,95.84,4.333,15.106,0.8809,3
17,328,201.95,30.24,38.01,62.71,5.14,30.013,11.3959,2
22,309,3.23,20.56,20.53,92.92,7.407,29.187,0.1282,4
12,49,654.42,29.36,48.4,33.36,3.785,29.407,15.0,2
16,215,530.25,24.44,41.13,53.77,2.899,31.195,15.0,2
11,210,957.51,23.1,52.49,29.39,0.999,29.829,15.0,2
6,46,145.42,25.94,30.22,80.97,3.299,28.425,6.4749,0
22,357,0.03,23.83,23.37,99.43,0.908,30.1,0.0,2
23,226,0.0,16.54,15.48,100.0,1.894,29.471,0.6581,4
18,331,125.57,24.01,28.46,73.11,1.515,29.362,6.2009,0
3,108,0.0,16.32,15.64,97.92,2.731,27.392,0.0143,4
9,62,498.36,30.88,45.77,48.9,1.583,29.394,15.0,2
18,187,215.34,16.56,22.38,80.08,1.379,28.561,13.857,2
5,104,5.42,20.63,19.65,89.59,4.519,28.926,0.4157,2
9,156,722.27,21.17,44.95,46.9,2.534,29.811,15.0,2
11,141,940.38,23.18,53.12,32.67,3.265,31.431,15.0,2
15,130,673.82,22.85,45.34,46.99,3.119,6.999,15.0,1
0,266,13.12,16.45,16.94,93.15,2.14,29.059,0.0309,0
13,310,563.58,32.99,49.37,34.14,2.012,30.591,15.0,0
13,224,906.11,25.69,54.03,31.84,2.867,29.729,15.0,2
21,29,2.44,24.77,25.6,92.34,1.858,28.597,0.0057,0
14,98,721.89,27.29,50.05,34.3,1.147,29.366,15.0,2
15,231,615.26,26.22,46.3,42.52,7.136,30.168,15.0,2
14,307,519.37,31.54,47.29,39.61,3.632,30.696,15.0,0
22,61,0.0,20.94,19.73,100.0,3.097,28.182,0.1746,0
17,203,355.75,20.63,32.0,63.37,0.168,31.632,13.9657,0
11,102,804.22,28.69,53.39,30.27,4.622,31.478,15.0,4
8,305,296.39,27.83,36.84,53.56,2.243,26.458,15.0,2
10,8,447.01,30.57,45.27,43.03,3.178,4.496,15.0,1
23,50,0.0,17.79,17.1,95.63,2.358,2.91,0.0,1
0,336,9.05,22.12,22.41,94.11,3.839,26.211,0.9987,0
9,84,565.84,26.15,44.12,43.24,2.555,30.313,15.0,0
5,335,8.36,27.15,27.52,87.17,1.652,30.102,0.4166,2
21,266,10.25,20.34,20.37,95.11,3.006,29.222,0.7889,2
10,146,871.63,24.78,51.72,39.6,3.779,31.7,15.0,4
20,311,0.51,22.66,23.16,92.25,4.405,28.122,0.0,2
15,242,587.33,28.07,46.99,50.46,0.932,30.267,15.0,0
17,243,307.53,23.3,33.25,61.1,4.317,30.465,15.0,2
19,242,0.0,18.02,18.75,90.3,3.773,28.39,0.6427,4
12,362,563.19,31.45,49.31,36.72,2.105,19.647,15.0,3
22,299,3.08,19.03,19.86,91.93,2.777,29.366,0.3568,0
22,143,7.92,13.1,13.27,97.42,1.837,29.266,0.0073,4
23,317,13.91,20.77,22.01,93.25,3.112,28.791,0.8781,2
23,185,33.22,12.17,13.86,93.08,3.104,16.629,2.7956,3
14,117,782.78,26.16,50.97,39.44,4.692,29.426,15.0,2
7,179,380.06,16.74,30.12,61.56,4.501,29.025,15.0,2
7,348,182.58,29.08,34.72,70.51,1.942,17.594,6.3168,3
9,194,688.46,22.18,44.44,48.84,2.86,28.969,15.0,4
2,81,8.5,18.62,18.03,89.96,4.597,30.017,0.0,4
12,246,833.42,26.86,53.71,33.03,2.236,31.404,15.0,2
19,12,28.44,25.98,26.56,86.08,3.406,27.597,1.7975,0
11,294,640.37,28.03,46.89,36.41,3.513,29.251,15.0,2
21,100,15.34,19.56,19.12,92.71,2.8,17.213,0.9478,3
14,211,829.98,26.79,52.82,37.29,2.284,30.391,15.0,2
19,244,0.0,21.17,20.37,89.22,2.725,28.794,0.2974,2
12,28,576.02,30.55,48.5,33.84,3.573,29.403,15.0,2
4,214,2.09,13.25,13.63,95.99,1.974,26.71,0.0291,4
18,105,184.2,22.06,28.24,75.26,2.989,28.599,11.4692,2
22,226,34.12,15.16,16.45,94.09,4.253,16.519,0.9946,3
10,243,745.21,26.39,49.01,36.76,0.526,19.532,15.0,3
23,19,33.59,21.28,23.17,97.63,6.573,5.851,0.0923,1
10,93,722.57,26.32,47.68,39.06,1.902,30.423,15.0,2
4,235,0.0,17.18,17.37,95.75,3.351,29.263,0.017,0
5,191,0.0,14.18,15.18,85.97,1.308,27.538,0.3867,2
1,82,5.79,18.92,21.03,94.6,4.2,29.374,0.0,0
13,261,717.09,27.35,50.68,31.94,3.125,29.742,15.0,2
6,108,234.36,20.61,28.16,80.3,1.397,5.069,8.7441,1
0,278,3.75,20.83,20.84,95.75,5.2,29.106,0.0,4
12,318,573.01,34.89,53.58,33.1,2.319,30.006,13.0412,4
13,310,569.89,27.81,45.74,39.34,4.351,29.326,15.0,2
9,294,464.88,29.32,43.99,45.45,3.076,30.068,15.0,2
1,94,2.59,18.24,18.86,89.93,2.832,27.259,0.0989,0
5,79,7.07,22.43,23.34,84.58,2.161,28.739,0.6737,2
11,279,695.33,26.78,47.89,30.89,3.352,29.766,15.0,2
4,270,0.0,19.44,20.25,97.24,0.431,29.371,0.9485,2
21,240,1.19,20.08,20.96,94.0,4.358,27.554,0.1481,2
16,345,310.03,32.03,41.38,55.91,0.726,16.332,12.3462,3
19,187,19.22,16.31,17.8,92.45,2.544,30.003,1.1114,0
13,257,801.32,25.73,51.06,29.57,5.18,18.001,15.0,3
19,239,0.0,20.46,22.07,93.97,0.227,29.384,0.0417,2
12,53,691.09,31.48,53.22,35.75,2.989,30.599,15.0,2
3,159,0.0,15.09,16.12,96.25,4.624,28.287,0.0,2
14,284,588.64,29.2,47.1,40.02,1.778,30.574,15.0,2
8,67,393.2,29.1,41.49,57.1,1.304,20.552,12.6129,3
0,38,10.08,20.59,21.02,100.0,2.35,29.921,0.3194,0
13,214,916.31,24.14,52.78,33.66,2.131,3.874,15.0,1
15,246,615.32,26.12,44.35,44.98,3.702,28.255,15.0,4
12,75,734.54,26.84,51.26,32.46,3.299,31.478,15.0,2
3,99,21.11,18.36,18.6,93.8,2.938,31.198,0.9243,2
3,299,0.0,20.82,21.88,98.42,1.593,29.109,0.0176,4
15,54,469.03,29.54,44.49,44.1,1.353,28.544,15.0,0
12,152,1029.67,23.28,55.2,31.64,1.218,29.316,15.0,2
13,74,699.91,29.2,51.58,38.58,4.655,29.538,15.0,0
2,99,5.77,16.28,17.36,99.12,0.979,28.407,0.2096,2
13,229,886.88,25.91,53.94,33.77,4.669,31.313,15.0,4
5,363,15.96,25.3,25.83,93.96,1.445,15.787,0.9401,3
0,192,0.0,15.5,15.47,94.62,3.967,28.366,0.2745,2
10,335,482.25,32.18,47.93,48.5,3.007,30.809,15.0,2
3,48,0.0,22.32,21.56,96.28,2.22,17.34,0.6432,3
6,186,257.4,17.81,25.56,74.55,3.51,28.493,6.8675,4
1,240,3.3,16.48,16.31,91.24,2.675,27.397,0.0,2
13,278,699.88,30.96,53.36,37.95,2.052,30.623,15.0,2
16,240,449.55,26.0,40.38,55.82,4.138,29.131,15.0,2
21,110,5.06,17.61,17.19,94.25,2.98,26.988,0.0393,2
3,40,0.0,23.32,23.66,100.0,2.126,27.531,0.0511,2
4,84,3.49,16.81,15.65,96.58,2.778,29.176,0.0475,4
0,26,0.0,23.51,22.94,95.54,4.948,27.973,0.217,0
6,252,180.2,20.69,27.3,78.39,3.122,30.89,10.0188,2
7,264,270.71,23.94,31.59,68.19,1.296,29.362,15.0,2
21,188,0.76,12.46,10.85,90.65,1.574,29.232,0.0918,2
18,261,181.42,19.01,23.73,82.28,3.071,28.45,11.2256,2
7,187,412.83,20.34,32.35,62.35,2.021,29.735,15.0,2
1,16,0.0,26.26,26.21,94.46,2.055,28.335,0.2412,4
2,148,8.03,16.08,16.24,93.05,4.192,29.163,0.0416,2
22,108,0.0,16.31,17.45,93.77,4.097,28.8,0.1129,2
10,109,742.52,26.43,50.52,34.66,1.628,32.166,15.0,2
22,86,38.17,15.86,17.28,92.76,3.152,29.653,0.8636,0
15,9,382.64,33.07,44.4,51.94,4.942,19.061,12.6484,3
12,74,750.27,28.86,52.66,31.98,2.071,30.793,15.0,4
22,326,0.19,22.96,24.07,95.54,0.351,2.858,0.0,1
15,224,669.31,24.96,45.94,52.3,3.046,5.003,15.0,1
7,291,252.52,26.86,33.25,69.66,3.18,28.639,10.3087,0
8,233,478.18,23.34,37.5,51.4,1.707,29.204,15.0,2
9,157,737.83,21.63,43.71,40.96,3.19,16.138,15.0,3
16,132,522.13,20.6,36.5,52.38,1.861,32.229,15.0,0
23,104,6.93,12.29,11.36,88.22,1.719,27.612,0.6708,0
0,295,20.45,22.61,22.61,93.97,1.482,17.049,1.0134,3
18,108,218.11,21.29,28.84,77.85,3.112,28.385,13.8472,2
18,355,123.73,28.18,32.24,81.58,3.014,17.136,5.0572,3
3,224,0.25,15.58,16.07,93.04,3.411,29.432,0.8498,4
16,118,509.02,22.63,36.82,56.99,1.88,29.028,15.0,2
12,51,659.93,31.22,50.97,39.53,2.729,29.412,15.0,0
19,161,12.9,17.58,18.58,88.37,2.891,28.545,0.6683,4
14,338,464.14,33.06,47.55,43.63,0.86,29.218,11.5876,4
2,292,18.57,21.17,20.81,91.07,4.067,28.791,0.393,4
1,9,0.0,23.13,23.95,99.5,0.99,30.124,0.065,2
5,39,8.08,25.12,26.02,90.33,3.922,19.017,0.9151,3
3,362,0.0,24.39,25.26,99.35,1.434,27.399,1.0861,2
2,261,6.05,20.6,21.04,93.1,4.055,4.077,1.1397,1
2,99,24.31,17.86,18.57,98.32,3.146,29.635,0.2748,2
5,148,0.0,18.88,18.6,87.86,1.182,28.55,0.1017,2
5,132,15.97,17.08,16.69,93.13,3.906,18.359,0.5036,3
5,189,10.13,17.89,17.81,86.04,1.754,28.887,0.0884,2
15,262,520.65,25.41,43.41,45.42,2.413,29.676,15.0,0
19,271,8.05,23.04,24.12,90.16,0.921,29.268,0.3838,2
12,4,531.08,32.78,49.52,34.58,3.142,29.704,15.0,2
14,335,443.73,33.19,46.64,42.13,3.325,30.253,15.0,2
21,286,11.91,20.91,22.27,94.71,3.252,4.297,0.0,1
6,235,202.34,22.63,28.55,77.7,2.739,29.099,12.1176,2
18,106,226.88,21.81,26.87,71.79,3.901,28.493,13.4407,2
19,263,0.0,20.95,20.25,91.65,4.302,28.982,0.0474,0
21,293,32.51,24.2,23.94,90.96,2.658,3.302,8.9553,1
7,152,370.57,20.62,32.61,61.45,3.837,29.311,9.7562,4
8,242,480.96,27.34,40.85,59.22,1.488,29.305,15.0,2
23,123,0.0,13.67,13.24,100.0,2.879,16.729,0.0576,3
9,42,427.87,28.32,41.01,42.35,2.018,29.831,15.0,0
18,263,195.23,23.0,29.97,73.47,1.361,28.253,8.0702,0
23,214,31.55,14.59,15.29,97.43,3.696,29.769,0.3532,4
16,354,259.15,28.07,36.66,57.83,3.884,29.081,14.1369,2
14,202,857.88,22.24,49.35,36.43,2.445,31.217,15.0,2
16,350,277.02,28.28,37.85,56.0,4.591,29.337,15.0,2
4,55,17.44,21.62,22.41,99.04,3.309,28.447,0.4777,2
12,83,795.78,27.7,53.07,37.22,2.967,32.518,15.0,0
2,254,0.0,18.47,18.04,90.99,3.552,29.941,0.0282,0
15,195,693.78,21.83,43.39,47.05,3.355,29.911,15.0,2
6,120,218.79,17.96,25.23,74.72,3.92,30.143,4.8037,4
20,176,2.9,17.24,17.76,95.79,4.108,29.413,0.0,2
14,49,585.49,29.23,47.05,43.28,4.756,31.901,12.6199,4
20,68,0.0,21.02,21.85,99.06,1.82,28.931,0.1993,2
7,266,275.84,25.86,34.61,63.8,0.783,28.903,15.0,2
17,289,242.31,28.76,36.73,69.7,0.753,29.539,8.2794,0
14,291,570.3,31.84,49.94,39.03,1.553,30.452,15.0,2
9,310,413.59,28.09,42.36,51.73,2.35,30.521,15.0,0
20,93,0.34,20.21,19.48,90.01,3.157,2.983,7.2338,1
12,329,559.19,32.87,49.67,37.85,1.222,30.829,15.0,0
2,130,0.0,12.85,13.33,94.63,4.707,29.654,0.161,2
14,345,432.16,32.5,44.83,40.86,1.883,29.083,15.0,2
22,316,4.3,20.17,20.12,96.56,2.691,28.772,0.4326,4
5,334,0.0,26.33,26.24,93.13,0.281,30.687,0.0,2
10,292,542.35,29.94,48.24,40.19,0.457,30.388,13.0621,4
10,238,754.9,25.54,49.32,33.75,1.355,30.83,15.0,4
16,86,408.95,26.65,39.33,55.58,1.43,16.181,15.0,3
20,193,14.96,16.96,17.82,99.81,2.364,29.585,0.6476,2
5,17,0.0,26.18,25.68,93.31,0.832,28.757,0.3327,2
2,32,0.0,22.75,23.07,97.38,4.625,28.679,0.0278,0
19,351,2.85,24.14,23.27,88.01,2.979,27.761,1.0018,2
12,356,513.61,34.54,50.59,39.81,4.25,28.794,12.2215,4
10,282,608.59,27.25,45.84,41.82,4.733,29.202,14.621,4
15,195,701.11,22.42,43.93,44.9,3.692,30.817,15.0,2
20,93,7.26,17.0,16.72,99.21,2.89,29.52,0.0,2
13,40,582.86,30.55,49.36,40.35,2.134,29.479,15.0,0
6,117,209.51,19.1,25.75,73.43,3.096,14.075,10.8744,3
23,343,0.0,20.54,19.78,96.13,1.709,29.071,0.0822,2
19,272,9.8,21.8,22.35,90.86,2.385,28.379,0.0929,2
8,175,524.02,21.52,41.26,54.63,2.713,29.173,15.0,0
0,112,4.48,16.4,15.97,94.15,3.686,28.049,0.0,4
4,85,3.63,18.92,19.37,97.77,2.665,27.631,0.0,4
19,125,3.9,18.23,17.99,92.82,1.747,27.725,0.0,0
22,343,7.07,22.73,22.35,92.4,1.802,27.52,0.0561,4
18,24,141.96,27.09,31.31,82.34,2.176,28.606,8.2204,2
19,331,14.44,26.1,27.22,89.61,1.288,29.531,0.0507,4
5,258,0.0,19.99,19.95,88.55,1.912,28.163,0.0,2
20,12,1.47,25.17,23.6,95.53,3.559,28.402,0.0,2
10,296,566.85,33.04,50.45,41.2,5.576,30.348,15.0,2
7,113,327.58,24.61,35.01,62.58,4.877,29.63,12.9931,0
8,141,504.47,19.59,34.91,53.22,4.32,30.291,15.0,2
3,285,20.29,21.57,21.92,98.95,2.706,28.752,0.0,2
2,175,24.83,13.34,13.96,91.98,3.138,28.306,1.3852,2
4,58,20.36,22.25,22.53,95.27,3.981,29.553,0.0,4
9,93,598.56,24.96,45.16,49.1,2.777,18.887,15.0,3
21,218,24.95,14.4,15.33,93.08,3.05,28.733,0.7284,2
3,166,14.3,13.69,14.35,95.17,1.269,29.474,0.0,2
23,351,22.05,21.09,21.12,92.53,1.174,29.537,0.9648,2
2,23,25.98,21.67,21.44,92.77,6.037,27.093,0.8333,0
23,173,6.21,13.8,13.69,97.88,1.33,28.915,0.565,0
0,125,0.0,15.31,14.99,94.79,1.047,28.769,0.2916,2
14,122,812.19,21.56,47.63,37.86,1.548,30.041,15.0,2
19,300,0.0,24.38,23.86,92.45,2.932,29.906,0.2754,4
16,97,453.88,24.04,37.41,58.56,2.02,19.384,15.0,3
15,248,604.46,26.37,46.07,39.64,3.951,30.509,15.0,2
16,321,300.16,26.21,36.05,58.3,3.85,4.993,11.5122,1
17,79,246.57,25.25,32.5,64.29,3.153,31.187,14.6268,2
21,24,0.0,18.7,18.81,94.16,1.306,28.745,0.0,4
20,219,5.02,16.57,16.7,93.61,3.756,28.877,0.5379,2
2,124,0.45,13.81,13.39,96.01,1.701,17.963,0.0521,3
14,91,699.06,28.25,51.28,36.76,7.363,30.886,15.0,2
16,311,305.41,30.06,39.16,57.19,1.552,18.126,11.9795,3
23,219,0.0,14.1,14.86,92.22,1.517,29.01,0.0,2
15,136,687.62,21.61,44.4,46.39,1.833,31.119,15.0,4
4,190,30.27,11.38,10.83,97.29,2.095,29.293,1.069,2
19,155,31.98,17.88,20.21,91.37,2.557,29.473,1.5283,2
23,63,0.0,18.07,19.26,98.42,0.707,15.122,0.0233,3
8,363,260.02,30.25,39.22,55.88,2.08,30.136,15.0,2
12,85,801.42,27.29,52.53,29.95,2.493,29.693,15.0,0
23,277,0.0,20.23,20.1,97.02,3.031,31.209,0.3817,2
16,88,414.76,22.82,36.3,60.79,0.892,31.07,14.81,0
1,257,2.14,17.28,18.29,93.92,1.085,15.398,0.0214,3
6,224,241.73,20.77,28.32,74.66,0.542,19.692,9.2896,3
7,257,273.87,23.5,32.02,67.35,1.852,29.589,15.0,2
6,343,139.88,29.41,32.99,76.12,1.154,27.485,5.9561,0
10,209,842.33,23.13,51.14,35.32,1.168,29.84,15.0,4
16,1,280.59,29.23,39.05,63.1,3.636,29.511,11.2172,0
23,32,10.97,21.14,21.44,96.34,0.538,29.691,1.5316,2
18,255,210.17,22.73,28.8,75.9,2.743,28.654,5.0354,4
23,199,0.0,12.66,11.96,93.4,2.202,28.755,0.0367,2
16,163,570.31,19.72,36.9,53.75,0.165,19.784,15.0,3
8,72,411.37,25.2,37.5,61.25,3.671,29.742,15.0,2
11,114,871.72,25.06,52.36,37.24,0.949,31.429,15.0,4
7,71,260.86,24.6,33.48,66.43,2.046,27.649,11.1154,0
7,222,298.24,21.6,29.68,62.67,2.355,28.096,15.0,2
22,168,0.0,13.23,12.55,97.04,1.22,28.953,0.4209,2
19,253,0.0,20.7,20.76,90.61,3.18,28.859,0.169,4
6,291,135.88,26.47,30.41,70.71,3.184,28.88,7.8391,2
20,116,1.69,15.68,17.53,95.45,2.364,29.577,0.3919,2
14,25,491.4,31.73,46.19,43.14,4.319,29.871,15.0,2
13,149,985.29,22.04,53.21,34.84,1.835,31.825,15.0,4
18,298,140.27,26.36,31.29,73.58,1.905,28.5,3.594,4
8,286,331.82,27.41,37.95,57.39,4.548,29.702,12.8971,0
20,218,12.47,16.4,16.58,98.89,1.705,26.696,1.1755,2
23,293,17.52,20.54,22.32,90.31,3.324,28.134,0.0,4
13,18,546.82,33.24,49.95,36.62,3.581,30.782,15.0,2
14,63,604.48,28.73,47.03,41.31,3.157,30.116,14.3513,4
20,88,0.0,19.61,19.66,92.54,3.6,28.139,0.0,0
16,150,514.27,19.91,36.79,51.23,2.828,29.66,15.0,0
1,358,0.0,23.06,21.9,88.76,2.931,29.796,0.2063,2
21,283,0.0,21.48,22.53,92.67,3.765,28.444,0.0583,2
7,74,292.8,20.3,29.6,64.56,1.985,30.448,15.0,2
15,177,713.2,21.62,44.4,45.7,3.689,29.628,15.0,0
8,86,418.38,27.3,40.28,55.31,2.894,30.974,15.0,2
0,40,0.0,19.36,18.94,96.01,2.342,27.274,0.0,2
13,259,785.17,27.85,52.59,32.03,3.499,29.477,15.0,2
14,31,509.64,33.27,48.67,42.0,2.479,31.336,15.0,2
19,228,2.32,19.79,19.43,88.92,2.019,27.859,0.0105,2
22,349,15.61,25.09,23.96,95.59,2.928,29.075,0.935,0
2,80,21.98,20.29,21.62,94.58,1.928,29.088,0.2041,4
18,1,130.93,28.86,34.01,82.16,4.661,28.343,8.5942,2
19,182,6.95,15.85,15.73,82.36,0.685,14.135,0.7542,3
18,252,170.77,19.85,26.82,71.44,2.575,29.675,10.4492,2
13,318,548.91,30.48,46.68,37.66,2.151,17.464,15.0,3
14,71,626.5,27.3,45.24,39.52,5.482,30.931,15.0,0
13,262,732.72,25.64,47.78,40.51,2.858,31.972,15.0,2
13,145,968.35,24.93,55.36,34.36,2.864,30.743,15.0,2
12,142,1016.53,23.27,55.36,24.25,2.289,29.964,15.0,0
15,150,718.23,21.02,42.43,48.74,3.147,29.549,15.0,4
23,39,6.69,22.14,22.68,94.46,2.771,26.939,0.0005,0
4,207,6.09,15.27,15.99,97.85,2.562,29.391,0.1751,2
21,244,12.74,17.37,16.55,96.78,4.007,29.06,0.0095,0
21,327,18.91,23.74,23.98,96.48,4.422,28.442,0.3284,0
8,3,276.1,30.4,37.18,55.54,0.747,29.768,15.0,2
12,23,575.61,30.01,47.3,40.66,1.863,31.01,15.0,2
18,151,253.52,19.72,27.93,74.24,0.639,30.154,14.5987,2
2,315,0.0,23.91,24.39,93.3,1.038,28.721,0.3514,4
16,338,311.48,28.57,39.01,54.43,4.162,29.962,6.4916,4
15,144,717.12,24.95,46.65,41.77,3.289,29.139,15.0,0
22,211,0.0,13.52,13.52,95.09,3.845,3.741,0.0,1
7,147,376.82,19.13,31.12,65.72,5.552,28.728,15.0,0
8,201,548.83,24.84,41.23,52.54,0.745,27.413,15.0,0
9,64,479.93,29.19,43.95,52.69,0.364,30.486,15.0,2
2,356,1.08,24.74,23.75,96.71,1.395,27.882,0.0,4
8,308,339.39,25.64,35.91,55.24,0.689,29.052,15.0,2
8,258,425.38,27.21,40.8,57.22,1.342,29.836,10.1258,4
19,44,13.19,26.99,27.42,86.88,3.24,28.04,1.5613,2
8,282,346.97,26.17,39.3,55.43,4.457,30.122,15.0,2
18,304,140.13,24.8,28.96,76.17,5.533,29.529,8.5817,2
20,65,0.0,23.5,23.52,92.64,1.866,15.405,0.89,3
18,81,187.87,22.71,29.05,77.99,4.658,27.83,4.4888,4
8,272,383.05,26.06,38.19,54.69,2.049,27.602,15.0,2
7,262,291.76,24.39,33.23,67.13,2.956,29.632,15.0,2
9,250,556.4,25.94,45.65,47.32,3.385,30.122,13.7148,4
15,62,487.19,27.41,41.65,50.04,1.689,30.295,11.2723,4
9,250,627.33,26.27,44.68,43.45,2.646,30.765,14.4199,4
23,321,9.52,20.09,20.54,90.98,2.312,29.42,0.2998,2
23,244,10.9,13.94,13.06,93.44,4.236,16.015,0.0362,3
20,270,21.18,23.23,23.32,96.08,2.156,28.2,0.3249,2
3,257,20.12,20.32,20.33,92.87,0.407,28.013,0.0,2
5,175,7.71,16.66,16.01,92.2,1.939,17.226,0.018,3
2,190,45.7,13.57,15.52,96.68,2.765,29.514,0.977,4
14,42,536.18,29.71,47.17,43.55,1.426,31.265,11.9872,4
13,309,596.12,30.68,50.39,37.04,4.312,28.474,14.169,4
16,155,527.19,19.22,35.75,53.91,5.286,29.623,13.6961,4
16,271,389.1,27.13,40.55,55.75,2.94,30.559,15.0,2
12,125,941.49,22.23,51.32,32.27,1.74,29.74,15.0,2
15,183,744.83,19.45,43.16,44.26,3.302,3.777,15.0,1
8,273,367.35,25.35,37.24,57.5,4.458,30.815,15.0,2
21,51,15.04,22.51,23.22,96.03,0.772,29.844,1.5843,2
3,237,10.59,16.28,16.27,94.73,1.258,30.354,0.2084,2
11,252,804.98,25.05,51.11,35.2,3.519,29.269,15.0,4
8,337,291.04,30.14,39.64,54.4,2.397,30.155,10.5752,0
22,241,15.98,18.53,19.75,93.08,3.049,27.955,0.0,4
21,153,0.0,12.88,13.43,98.27,2.595,17.955,0.0,3
21,54,3.43,20.85,21.24,93.84,3.149,15.29,0.4347,3
7,40,223.05,27.48,35.63,69.03,2.432,28.125,13.2415,2
4,129,0.0,14.9,14.84,90.79,0.711,28.967,0.2314,4
11,361,488.45,35.11,50.53,40.89,2.809,29.128,11.3506,4
6,252,182.84,21.64,27.34,78.63,2.431,18.262,7.0752,3
18,114,220.01,22.95,30.19,77.15,1.724,16.762,8.4865,3
4,194,8.21,13.5,13.99,86.67,0.973,28.121,0.9203,2
11,297,638.06,31.86,52.8,38.06,4.59,31.028,15.0,2
18,164,272.78,16.84,25.17,75.19,3.391,29.55,15.0,2
7,309,217.1,24.46,31.79,66.11,1.442,28.8,13.294,2
10,331,465.07,31.55,45.66,42.96,4.74,29.377,15.0,2
21,28,32.61,22.27,23.13,89.47,1.306,27.182,0.1674,0
7,182,397.42,18.84,30.43,62.51,0.451,28.177,15.0,2
8,293,375.6,28.2,38.86,59.72,1.816,29.387,9.0108,4
9,266,501.22,26.13,42.22,41.76,1.69,30.798,11.6181,4
19,133,0.0,19.61,19.38,92.34,3.721,29.944,0.0,2
23,205,0.0,12.6,12.37,97.65,3.75,29.519,0.1348,0
13,327,558.9,34.46,50.52,37.11,0.93,29.571,15.0,0
2,49,6.8,20.41,20.07,96.34,2.734,27.975,0.0173,4
14,288,572.75,31.32,49.3,41.85,3.097,30.4,13.1429,4
14,348,443.64,32.42,45.62,38.75,1.379,30.616,10.9277,4
0,206,23.53,15.61,16.13,92.32,2.267,5.806,0.3106,1
0,234,0.0,19.75,19.74,98.4,0.961,29.104,0.2818,4
23,25,44.95,23.69,25.48,93.39,3.07,26.515,1.6589,4
11,333,517.03,33.09,49.75,39.68,1.302,27.3,13.3807,4
12,333,518.15,31.01,45.93,36.66,2.46,31.335,12.0642,4
19,241,12.88,19.46,20.83,87.66,2.792,2.833,0.0,1
17,117,333.81,21.14,31.68,65.49,2.864,28.891,15.0,2
11,70,705.86,29.83,52.53,32.55,2.163,30.564,15.0,4
1,2,1.29,24.05,23.18,96.32,1.623,29.327,0.0,4
4,97,3.84,16.49,15.45,94.92,2.791,28.627,0.2742,4
8,358,250.34,32.08,41.02,53.91,1.87,29.767,14.7025,2
13,308,558.23,32.87,51.42,39.39,1.459,30.329,15.0,2
7,183,366.74,20.75,33.0,60.81,1.293,30.088,15.0,2
18,312,121.65,25.72,30.92,77.92,2.422,29.828,2.3781,4
14,145,855.88,25.07,51.4,36.34,1.408,31.202,15.0,4
16,358,267.61,30.47,39.47,55.7,2.12,30.545,15.0,2
11,66,708.31,32.54,54.23,31.67,0.933,3.915,15.0,1
23,267,11.32,15.68,15.43,87.92,2.538,27.843,1.065,2
21,13,0.0,25.91,26.94,97.47,1.241,28.628,0.0232,0
11,112,883.32,25.11,52.14,29.72,2.469,19.591,15.0,3
1,141,6.83,14.04,13.21,89.05,1.308,28.194,0.0871,0
3,171,11.62,12.95,13.3,96.46,1.843,28.843,0.2469,2
7,157,369.76,20.08,31.51,62.95,1.689,29.022,15.0,0
23,306,8.32,19.78,19.54,96.21,3.35,29.48,0.0,4
9,183,707.15,19.07,41.04,43.47,3.818,21.459,15.0,3
16,265,418.34,26.43,39.91,53.96,3.087,29.593,15.0,2
18,242,218.63,21.63,27.8,77.19,5.509,30.126,8.9602,0
17,131,389.01,19.19,31.34,62.74,2.793,29.759,8.9911,4
20,307,17.97,25.04,25.94,100.0,3.058,28.088,1.1986,2
3,16,22.86,23.86,24.6,96.72,3.596,29.684,0.3459,2
21,290,8.03,23.06,22.6,98.82,0.499,27.28,0.572,2
4,205,22.77,14.02,14.21,100.0,5.743,27.269,0.0,4
16,340,287.37,31.36,40.3,62.11,3.708,3.926,8.0643,1
6,20,119.48,25.68,29.44,81.45,5.24,30.506,7.0331,2
20,291,0.0,22.33,22.62,97.12,1.442,29.082,0.0,2
17,94,308.45,22.15,32.14,67.29,0.936,18.054,12.6349,3
15,314,406.62,31.89,43.89,48.03,2.413,29.709,15.0,2
3,81,18.67,18.8,18.12,89.35,3.759,29.595,0.9639,2
22,328,44.02,20.37,21.3,95.3,3.286,29.004,1.8286,2
18,70,162.51,25.75,31.64,78.01,3.419,27.922,4.3256,4
15,129,663.65,21.1,42.18,44.63,1.13,3.05,15.0,1
15,162,737.28,20.49,43.49,45.44,2.715,30.455,15.0,2
5,186,4.63,16.93,16.83,90.41,2.532,29.397,0.1927,0
21,103,9.6,15.35,14.54,97.1,0.857,27.59,0.4068,4
22,64,0.0,19.08,18.69,97.02,1.615,29.672,0.0,4
18,337,127.3,27.68,32.38,78.58,2.206,29.378,3.3244,4
17,8,178.89,30.19,35.97,63.52,0.776,30.037,5.1489,4
23,10,0.0,20.11,19.59,97.87,3.458,29.511,0.0,4
5,252,21.06,21.03,21.82,88.42,2.297,29.475,0.9331,2
6,104,204.67,22.32,26.85,77.94,0.827,4.488,8.2589,1
7,52,212.52,25.35,32.47,67.17,4.601,29.865,5.3123,4
16,319,313.12,30.63,40.28,56.74,0.969,29.878,7.1923,4
0,177,0.0,15.54,15.26,93.32,2.063,5.197,0.0,1
23,38,0.0,21.35,21.33,99.71,3.829,28.148,0.1387,0
9,114,613.91,27.08,47.45,45.8,0.398,29.971,14.9378,4
3,339,3.19,22.51,22.5,96.24,4.636,28.535,0.1978,2
12,79,800.51,31.21,55.6,33.96,2.922,30.121,15.0,2
11,175,1003.47,23.33,54.34,35.2,4.581,28.789,15.0,2
19,305,0.0,27.08,25.8,87.28,2.138,29.441,0.2408,0
12,117,948.38,24.99,55.71,28.6,0.91,29.908,15.0,2
3,82,17.6,22.15,22.29,92.61,2.343,29.625,0.1257,2
0,76,55.7,18.02,19.04,97.16,0.308,18.2,0.9704,3
2,251,14.84,17.06,17.1,100.0,0.991,29.752,0.1326,2
9,193,707.11,24.26,45.14,43.37,2.039,30.022,15.0,2
23,104,0.0,15.57,15.03,91.76,1.536,28.682,0.0204,0
4,215,1.06,17.51,17.59,92.59,2.867,29.342,0.0167,0
10,346,433.39,35.81,50.65,47.02,1.504,29.86,15.0,2
19,310,0.0,27.91,27.94,84.41,2.483,27.044,0.0375,2
1,1,14.0,23.86,23.16,96.12,4.247,29.27,0.6849,2
18,239,224.96,21.62,27.55,78.71,1.944,27.294,9.4736,0
12,71,733.77,30.95,53.61,30.63,0.432,17.351,15.0,3
18,96,180.08,20.62,26.88,77.87,4.948,17.443,7.0479,3
8,263,391.89,27.82,41.07,57.11,2.227,29.847,15.0,2
22,265,0.0,22.13,22.6,93.84,0.13,30.108,0.8379,0
18,29,147.93,26.68,31.59,75.61,3.58,19.923,5.3705,3
16,58,333.81,27.88,36.79,60.57,0.976,28.31,15.0,2
5,173,12.1,17.19,18.16,85.65,4.758,30.699,0.652,4
15,10,346.07,30.02,40.86,55.43,3.52,20.625,11.3294,3
15,303,426.59,29.75,42.34,47.99,0.559,28.633,15.0,2
6,160,260.31,17.02,25.21,77.85,1.587,31.317,14.8826,2
5,154,0.0,17.07,18.24,81.7,2.627,28.505,0.2684,2
6,331,126.77,26.16,30.41,78.87,2.253,29.003,5.0392,0
18,120,204.64,20.8,27.59,77.64,0.984,28.951,12.8837,2
21,184,0.0,16.35,14.77,95.75,2.511,28.247,0.0,0
23,112,0.0,13.27,13.31,94.22,3.955,29.74,0.0717,2
17,343,212.16,28.02,33.75,67.21,1.286,30.461,11.7762,2
15,211,685.4,24.38,46.07,44.51,0.895,15.227,15.0,3
1,15,5.78,23.04,21.96,89.94,4.633,31.22,0.0117,4
3,6,8.58,23.35,23.03,91.83,3.002,4.713,0.0,1
5,170,36.59,15.27,16.89,85.17,0.967,29.027,1.0935,4
17,211,360.92,19.81,30.71,63.09,2.226,29.356,9.9219,4
23,141,6.61,13.98,14.8,92.93,0.939,27.939,0.0,2
4,222,6.23,18.17,18.43,98.96,7.217,3.731,0.5563,1
17,134,372.8,23.66,34.81,65.2,2.102,18.186,14.7948,3
5,295,20.95,28.13,28.47,92.12,1.617,30.278,1.2656,2
13,221,920.04,27.31,56.68,31.89,1.905,31.116,15.0,2
2,264,0.64,17.96,18.58,93.2,3.508,28.463,0.1429,0
16,155,539.61,20.02,37.19,54.81,2.628,30.451,13.0467,4
14,101,748.68,24.13,48.16,36.14,3.364,30.219,15.0,0
6,274,148.24,24.21,27.86,82.65,1.558,28.214,9.426,2
7,244,291.97,24.35,33.15,68.26,0.827,29.079,11.5885,0
19,178,0.0,16.19,17.08,93.12,2.104,26.44,1.6273,2
7,29,199.63,27.65,33.45,68.12,1.581,30.001,11.8725,2
10,243,745.08,27.12,51.37,37.5,4.155,29.593,15.0,0
11,309,573.28,32.26,50.95,40.02,3.34,30.722,15.0,2
21,233,0.0,16.91,16.4,91.67,2.457,16.798,0.0,3
13,230,895.2,26.08,53.86,33.08,1.631,30.205,15.0,2
9,322,381.06,30.0,41.93,44.43,4.295,30.191,15.0,2
18,91,169.3,23.47,29.17,77.22,3.008,28.664,6.9136,0
0,155,6.23,12.77,12.87,88.62,3.349,15.432,0.0,3
12,153,1047.62,24.75,56.81,26.23,2.088,29.259,15.0,2
23,128,12.1,15.46,15.54,99.58,2.856,27.659,0.0,0
5,242,0.0,21.46,20.99,86.05,4.159,18.032,0.3854,3
21,144,7.43,14.65,13.45,96.19,0.593,27.622,0.0,2
12,188,1042.81,22.17,54.69,26.59,1.968,33.162,15.0,2
7,139,341.68,18.89,29.68,68.52,0.151,28.928,15.0,2
20,291,40.07,19.42,20.97,93.13,2.537,29.416,1.5455,2
10,206,867.16,23.22,50.11,36.17,0.93,31.543,15.0,0
23,32,0.0,22.73,21.97,100.0,3.242,30.369,0.1934,0
9,333,368.89,33.11,46.04,53.89,2.994,28.955,15.0,2
17,115,359.71,21.87,33.78,64.81,1.248,30.195,9.04,4
18,230,207.24,19.69,26.88,74.2,5.038,28.97,8.8494,0
17,18,201.02,27.77,34.31,74.7,0.969,29.956,7.8611,0
3,337,0.94,23.86,22.99,98.44,3.621,26.908,0.0101,0
18,6,119.01,30.76,34.9,78.76,2.762,29.231,5.2291,0
18,52,137.07,26.23,30.75,79.49,6.168,26.164,9.1468,2
10,206,848.94,20.59,48.23,37.35,3.01,29.522,15.0,2
20,322,0.11,23.67,22.37,100.0,3.286,29.696,0.0607,4
12,7,513.88,32.3,49.49,40.23,1.912,29.69,15.0,0
21,332,0.0,26.37,27.47,93.74,3.303,27.784,0.3004,4
1,14,0.0,24.91,26.06,97.82,2.546,29.042,0.2695,2
13,71,734.34,28.48,53.09,34.28,3.505,30.857,15.0,0
7,275,255.1,24.12,31.89,66.96,2.114,30.637,9.311,0
19,234,24.66,21.26,21.55,88.93,5.495,27.651,0.3699,2
19,215,7.9,15.82,16.47,93.44,0.451,25.256,0.0,4
4,162,26.6,15.04,15.07,97.94,2.653,29.258,0.4036,2
22,241,0.0,17.81,18.47,91.68,4.679,28.906,0.0,2
9,250,573.34,25.74,43.42,53.04,3.418,29.479,15.0,2
0,329,8.77,21.77,23.3,96.43,0.85,27.066,0.9549,4
15,314,392.83,31.04,44.2,50.42,2.558,30.059,15.0,2
0,193,0.0,11.92,13.7,96.69,4.338,27.648,0.0,2
15,337,339.18,30.69,41.44,50.01,2.543,29.334,8.0309,4
12,153,1021.63,23.92,58.01,22.44,3.72,28.879,15.0,0
18,189,235.36,18.8,25.88,73.12,2.667,29.883,6.0218,4
14,50,545.03,29.42,46.34,44.92,3.092,28.146,15.0,2
19,9,0.0,26.15,23.94,88.66,1.651,27.769,0.0283,2
4,155,0.0,15.43,16.78,93.44,3.621,29.214,0.3256,4
3,81,7.4,16.58,17.7,93.79,0.538,29.192,0.0032,4
4,47,18.75,23.05,23.22,91.29,1.627,27.428,0.4311,2
5,217,15.24,16.33,16.4,89.05,0.544,4.061,1.8727,1
12,117,961.84,27.3,57.69,29.32,1.622,19.19,15.0,3
1,143,0.0,15.38,15.94,94.23,1.414,29.245,0.2422,4
13,258,765.82,27.48,51.05,36.49,1.977,28.043,15.0,4
6,336,97.78,28.73,31.63,79.07,2.128,28.764,7.0757,2
10,29,493.7,31.67,47.11,45.35,0.811,30.431,10.9404,4
15,232,649.98,26.0,46.88,46.21,4.898,32.363,15.0,2
8,356,261.96,31.86,39.04,60.74,3.809,29.783,6.3069,4
7,31,226.18,26.13,32.47,60.87,3.149,30.13,5.7157,4
21,89,18.14,20.81,20.74,97.54,1.195,27.007,1.3245,2
9,346,389.39,33.81,46.18,43.1,1.043,29.804,15.0,2
11,242,863.07,26.2,52.08,38.46,1.267,5.686,15.0,1
8,112,463.99,22.69,37.31,58.04,2.889,29.622,15.0,2
2,110,11.86,18.7,21.01,97.19,0.708,29.251,0.8172,0
2,269,0.0,21.03,22.68,99.63,3.519,29.064,0.0254,0
0,12,6.16,23.16,23.68,98.41,4.836,3.296,0.0162,1
2,179,5.6,14.06,14.21,88.18,1.974,29.215,0.1598,2
17,187,392.05,20.31,32.76,66.25,1.06,27.128,15.0,0
17,188,363.37,19.42,31.47,60.99,5.479,28.053,15.0,2
3,79,19.92,17.04,17.55,90.33,1.095,27.931,0.0,4
23,362,0.0,24.44,24.4,97.37,1.333,30.284,0.2265,4
7,14,199.0,31.37,36.33,72.31,2.529,28.094,5.3551,4
11,33,574.87,32.28,49.62,37.76,1.511,28.98,15.0,2
15,238,654.67,23.69,43.47,45.96,3.2,30.787,15.0,0
7,263,264.15,22.77,30.29,66.29,2.147,28.073,11.2192,0
12,359,548.08,35.38,51.15,39.32,1.822,29.25,15.0,2
3,97,0.0,16.28,14.96,86.92,1.807,27.059,0.0065,2
17,354,170.8,30.6,35.93,73.18,2.183,28.94,10.3931,2
5,279,9.89,21.64,21.44,93.72,1.387,28.553,0.7978,2
20,13,1.91,23.15,24.06,95.21,1.621,28.302,0.3144,2
15,126,705.49,23.38,46.3,42.38,1.538,30.6,15.0,2
10,314,475.97,30.86,46.28,40.04,1.81,30.096,15.0,0
15,343,341.48,31.07,41.15,50.8,0.943,29.778,15.0,2
11,324,517.02,29.45,45.45,40.05,1.727,31.303,15.0,2
3,193,5.96,17.18,16.73,94.0,3.819,15.566,0.016,3
7,10,192.63,29.14,34.77,66.87,6.017,30.284,10.4905,2
5,153,0.0,16.96,16.03,86.83,3.584,27.478,0.0384,2
16,292,338.81,26.56,36.72,53.01,0.461,27.834,15.0,2
22,74,7.31,22.55,21.75,95.15,2.967,28.026,0.3766,0
21,96,0.0,19.96,20.61,95.71,1.848,28.756,0.403,4
6,257,191.84,22.82,27.9,74.31,1.834,28.403,11.9433,2
23,101,0.0,15.91,16.88,94.23,3.573,28.619,0.0485,2
3,246,0.0,15.82,16.85,97.4,1.87,29.192,0.0167,2
16,88,413.1,23.66,37.13,58.97,3.848,30.727,15.0,0
23,295,0.0,20.54,20.56,94.5,1.648,27.89,0.0423,2
21,365,3.1,25.95,26.56,92.74,2.328,26.565,0.0,2
0,353,1.73,25.09,25.2,100.0,3.579,28.761,0.0,2
1,192,10.11,12.5,12.5,100.0,3.355,26.697,0.1415,2
2,333,10.25,24.2,23.94,93.95,3.359,28.047,0.0,2
19,3,0.0,29.34,29.73,94.25,2.705,28.46,0.145,2
19,271,5.6,23.22,22.7,86.73,1.829,27.783,0.3079,2
16,92,425.45,24.04,37.74,57.77,4.943,30.712,15.0,2
15,263,520.58,23.57,40.29,49.36,1.413,30.125,15.0,2
16,328,279.94,31.17,40.46,62.51,2.481,30.61,15.0,2
20,342,0.84,24.7,24.39,93.93,1.751,28.164,0.3695,4
3,324,0.0,24.55,26.09,96.34,1.031,28.693,0.4462,2
15,294,447.48,31.61,45.15,49.73,3.236,29.901,10.6808,4
17,315,202.56,29.89,35.8,66.53,5.851,29.948,11.4328,2
22,237,0.04,15.83,15.75,100.0,1.248,28.166,0.0,4
1,151,0.0,11.69,12.61,94.72,3.822,29.088,0.279,2
21,319,0.0,23.58,25.18,92.84,1.722,5.711,0.9028,1
14,72,645.54,27.82,48.78,44.27,1.14,28.897,15.0,4
3,327,0.0,23.91,22.91,93.96,2.119,28.279,0.1392,2
9,42,442.86,28.93,44.54,51.11,4.729,29.13,11.3986,4
5,263,15.53,21.28,22.27,86.92,4.715,28.812,0.6324,2
5,96,8.74,19.26,19.43,87.58,3.033,28.474,0.0211,2
3,185,12.97,14.5,14.58,95.58,3.908,28.97,0.0156,4
1,60,0.0,19.74,21.52,92.07,2.909,27.779,0.4101,4
16,177,560.6,20.21,38.63,55.36,0.632,28.646,14.1307,4
17,190,394.04,21.3,33.68,70.07,1.246,29.606,15.0,2
15,186,720.18,23.8,45.37,45.82,4.878,30.867,15.0,2
1,229,4.45,15.9,15.84,91.07,1.547,29.041,0.0371,2
0,346,0.0,24.79,26.14,93.86,2.774,16.505,0.192,3
9,27,380.93,29.9,41.16,48.59,5.404,30.986,15.0,2
16,217,489.25,20.61,35.44,55.27,1.833,30.291,15.0,0
23,234,5.14,15.39,15.62,96.77,2.347,30.944,0.8398,2
2,297,0.0,23.03,22.68,100.0,1.584,28.191,0.0031,4
18,322,122.88,25.05,28.17,82.31,3.173,28.084,7.3458,2
6,100,202.72,24.3,30.84,71.21,1.271,27.939,12.3179,2
11,46,612.78,27.09,46.29,40.28,1.899,29.152,15.0,0
3,59,0.0,20.91,21.12,98.85,1.924,28.552,0.0115,4
16,296,319.07,31.24,42.96,57.67,2.895,29.059,15.0,2
4,108,18.51,16.76,16.76,93.79,2.611,29.486,0.7169,2
16,257,413.08,24.31,37.6,54.3,3.306,28.618,15.0,2
5,181,21.84,16.76,16.46,88.96,1.226,28.594,0.145,0
1,298,24.85,21.45,21.89,98.56,3.473,29.358,1.4095,2
13,81,722.21,30.62,53.4,37.28,2.792,30.148,15.0,2
5,10,28.12,26.74,27.68,89.02,1.323,27.878,1.2788,0
11,246,800.19,23.58,47.46,41.51,0.19,31.933,15.0,4
19,327,0.0,26.1,25.56,91.26,2.012,28.997,0.383,4
6,336,136.13,29.76,34.19,78.95,1.229,18.461,5.0763,3
7,60,216.17,29.77,37.56,65.01,1.237,15.097,11.1137,3
9,113,645.47,26.47,46.28,54.12,1.856,28.596,15.0,4
22,25,0.05,24.23,24.98,92.59,2.193,4.361,0.0,1
8,232,482.21,22.65,38.18,59.36,2.992,30.201,15.0,2
17,279,265.48,26.62,34.83,67.98,2.151,29.735,14.7859,2
21,102,22.28,18.61,18.99,94.28,2.53,30.05,1.6242,2
17,17,214.73,29.28,35.64,65.68,2.594,29.347,5.2713,4
17,27,210.1,28.06,33.5,67.98,3.642,28.691,8.4186,0
14,206,843.89,25.87,52.61,34.58,1.801,31.971,15.0,0
4,228,1.89,15.46,15.88,92.02,3.817,18.994,0.103,3
4,90,19.43,17.2,18.24,98.48,5.454,29.41,1.394,2
11,199,997.74,25.09,56.79,30.7,1.649,29.4,15.0,2
8,178,538.36,21.06,36.41,56.06,0.982,30.16,13.1851,4
4,139,0.0,15.29,16.5,94.26,5.353,29.348,0.0,4
4,120,3.05,15.0,14.6,95.06,4.657,29.212,0.337,4
3,322,0.0,23.6,24.5,95.25,2.252,28.365,0.0,0
9,89,570.79,24.63,42.67,42.67,2.199,29.553,15.0,0
20,287,5.05,24.45,24.26,90.7,2.558,28.702,0.3353,2
1,149,9.62,12.74,13.2,90.32,4.253,31.601,0.068,4
5,267,0.0,22.14,21.67,87.51,1.324,29.597,0.1264,4
4,285,1.14,20.85,21.14,90.5,3.509,29.765,0.0,4
22,218,12.89,17.53,17.91,96.03,0.574,29.429,0.4485,2
13,204,968.18,22.94,52.54,35.12,5.439,31.894,15.0,0
8,193,555.41,21.53,38.52,54.91,0.53,17.77,15.0,3
17,103,306.02,23.01,32.13,64.8,5.955,28.743,12.6634,0
18,15,133.11,25.57,30.51,69.96,3.294,29.075,7.9281,2
14,345,441.75,31.4,46.03,44.58,3.093,29.452,15.0,2
23,141,0.0,13.11,13.04,98.39,4.129,28.779,0.1198,2
21,359,9.96,26.42,25.9,99.46,3.464,29.84,0.1478,4
1,235,2.6,17.25,15.64,92.07,2.274,29.753,0.277,2
4,96,8.17,17.51,17.79,97.22,1.746,27.357,0.0915,2
23,298,0.0,20.89,21.42,98.49,1.661,29.934,0.5091,0
14,274,622.3,26.85,46.28,36.26,2.477,29.977,15.0,2
6,234,231.79,22.03,30.69,85.23,3.409,29.182,10.2062,0
3,13,20.64,24.6,24.89,100.0,4.322,29.245,1.005,2
11,277,679.64,29.93,51.32,34.92,2.325,31.366,15.0,4
9,104,624.12,28.18,48.01,47.43,4.382,30.288,15.0,0
16,255,406.34,25.64,38.7,62.2,1.388,30.346,15.0,2
6,155,249.69,18.69,25.46,75.26,4.78,28.594,15.0,2
22,68,0.0,18.23,18.5,94.16,1.756,28.656,0.0,2
19,281,0.0,23.95,23.89,92.21,1.252,5.016,0.1007,1
15,342,382.52,29.88,41.9,51.98,0.901,14.766,15.0,3
0,347,25.91,24.52,25.53,93.69,1.162,28.034,1.1413,2
5,154,7.58,17.57,17.96,92.01,1.795,29.62,0.0,2
17,251,301.34,22.86,31.96,73.77,2.233,30.472,15.0,2
1,339,12.33,23.48,23.96,96.96,4.047,19.696,0.4007,3
15,108,626.65,28.33,49.09,43.24,0.797,31.583,15.0,2
20,5,33.53,24.62,26.37,92.69,2.099,28.547,2.0281,2
22,355,25.31,25.0,24.61,90.91,4.783,4.766,0.0,1
3,122,41.34,13.11,14.54,91.83,2.1,27.809,2.2396,2
7,173,387.72,18.91,30.97,70.28,5.266,28.961,10.105,4
18,137,255.31,18.87,26.24,77.8,2.511,27.994,15.0,2
1,160,0.0,11.65,12.1,96.76,4.047,28.007,0.3318,0
14,12,474.06,32.4,46.43,38.77,1.784,29.604,11.161,4
1,55,3.3,20.71,20.48,97.18,3.457,28.811,0.033,0
1,321,8.86,24.42,25.21,94.09,2.922,19.346,0.0,3
23,8,8.82,23.86,23.03,95.4,4.009,27.241,0.0411,2
5,325,17.94,25.61,26.45,85.42,3.4,30.414,0.9616,2
5,281,26.44,23.3,23.12,91.57,2.63,28.101,1.0303,4
2,230,1.17,16.25,15.69,92.86,4.83,17.327,0.3324,3
13,225,890.59,25.87,54.74,30.31,1.474,30.707,15.0,2
22,274,0.0,17.26,17.61,95.76,2.547,29.129,0.0418,0
5,92,0.0,21.47,20.27,86.93,3.143,28.755,0.0197,2
1,325,0.0,24.17,25.04,92.31,3.268,26.861,0.5908,0
0,202,0.0,13.53,13.81,96.37,3.318,28.289,0.4569,2
2,152,4.99,15.15,14.9,95.16,2.95,29.01,0.0155,0
9,164,710.26,19.73,41.15,44.25,2.738,20.061,15.0,3
12,13,545.96,33.05,52.07,36.37,2.237,31.434,15.0,2
0,188,4.6,13.63,13.78,94.58,4.324,27.645,0.0235,4
12,62,674.65,33.19,55.16,33.11,2.288,17.63,15.0,3
6,323,151.5,30.51,34.33,74.69,0.688,29.424,5.9216,0
14,106,758.26,26.13,50.79,43.85,2.806,30.557,15.0,2
15,338,383.82,31.64,43.42,50.44,4.823,29.972,15.0,2
7,137,359.66,20.44,32.56,68.28,1.398,28.996,15.0,2
6,276,166.47,22.94,29.06,76.71,0.438,3.932,10.4862,1
2,359,10.21,24.51,25.03,95.81,2.039,29.568,0.0,2
1,271,24.59,19.69,20.1,91.41,1.253,28.438,1.28,4
14,188,878.42,24.52,51.69,38.03,2.075,30.184,15.0,2
3,13,0.0,24.6,24.83,94.52,2.53,29.324,0.0152,2
23,353,0.0,24.65,25.0,96.14,0.685,30.699,0.0224,2
14,253,713.57,28.47,50.14,43.14,1.803,21.383,15.0,3
20,350,9.86,26.48,27.13,95.49,2.384,26.723,0.0354,2
2,359,1.78,23.46,23.85,96.27,4.129,30.796,0.0,4
3,283,5.66,21.96,21.61,97.03,2.34,27.796,0.3891,2
23,28,0.0,19.59,19.27,100.0,1.549,16.873,0.1738,3
1,286,0.0,21.46,21.56,89.66,1.015,28.502,0.4334,2
1,292,8.89,21.07,21.19,94.11,2.649,3.036,2.7236,1
4,220,0.0,15.94,14.71,95.19,4.608,16.384,0.3698,3
10,178,893.47,20.8,49.38,39.79,0.846,30.654,15.0,0
21,41,0.0,21.51,22.89,92.96,2.168,14.01,0.7487,3
19,272,0.0,22.25,23.75,89.62,5.979,29.045,0.6138,0
1,336,30.4,23.09,23.12,93.03,1.843,18.347,1.0493,3
14,13,430.46,31.9,44.81,43.3,3.778,30.245,15.0,2
8,226,497.9,22.75,38.02,51.89,3.355,17.053,15.0,3
12,316,587.07,32.6,51.24,36.18,4.674,29.475,15.0,2
0,107,18.94,16.6,16.59,92.7,5.267,29.098,0.8687,2
2,20,32.78,25.42,25.85,91.64,5.014,29.407,1.1493,2
12,8,541.18,31.49,48.73,32.53,3.148,30.834,15.0,2
22,337,0.0,23.31,23.05,98.06,2.103,28.708,0.0374,4
21,193,9.65,14.52,14.76,94.58,1.874,27.096,0.0365,4
1,342,0.0,22.61,23.39,96.22,4.28,29.338,0.0238,2
13,191,990.49,25.1,58.04,31.52,1.741,30.285,15.0,2
20,22,0.0,26.04,25.34,91.41,4.13,17.016,0.0,3
19,227,0.0,19.77,19.44,84.62,3.436,29.857,0.0512,0
4,179,10.95,17.98,18.48,96.47,1.205,26.523,0.2897,2
4,330,0.0,24.72,24.6,97.94,2.483,30.773,0.0976,2
20,122,7.83,19.09,19.99,100.0,1.41,29.458,0.0,4
4,17,0.0,25.39,25.46,94.05,2.712,17.418,0.5345,3
14,8,470.22,30.57,46.32,46.81,5.299,31.753,15.0,2
18,332,105.02,27.39,29.53,80.48,3.267,29.549,5.8679,2
8,364,276.87,30.43,39.53,60.95,2.488,28.339,7.4963,4
16,278,363.23,26.86,37.7,54.22,2.87,31.104,8.8819,4
15,115,662.29,21.82,43.02,43.96,2.713,29.399,15.0,4
3,23,1.85,22.52,23.86,95.24,2.274,4.612,5.1612,1
2,86,34.51,16.94,18.44,93.99,0.719,28.934,0.4253,4
6,238,230.83,21.91,28.8,77.51,2.054,29.297,13.1803,2
20,284,0.68,21.53,22.11,99.5,1.905,29.38,0.246,2
4,160,3.54,16.2,16.37,97.31,1.833,27.465,0.8332,2
9,117,647.75,24.12,44.24,48.03,5.003,30.211,15.0,2
7,275,277.55,25.07,34.38,65.74,5.257,28.443,15.0,2
22,190,30.97,14.39,15.45,94.41,3.481,30.812,1.9703,2
16,101,440.09,23.38,36.06,60.24,2.929,27.591,15.0,2
3,211,8.81,15.09,15.69,100.0,1.564,28.414,1.1675,2
10,143,843.93,24.06,48.72,40.82,1.09,28.719,15.0,0
1,240,6.81,17.49,16.66,94.47,0.964,28.02,0.3724,0
13,330,490.4,32.69,49.28,36.63,4.813,30.525,15.0,2
12,336,551.87,32.7,49.51,32.78,1.767,30.792,15.0,2
21,5,2.29,23.25,23.95,97.22,1.831,29.499,0.2257,4
0,12,4.25,20.39,22.19,100.0,2.433,28.198,0.1239,2
22,270,0.0,18.72,17.94,93.7,1.246,28.054,0.0,4
16,170,568.68,18.81,35.25,56.75,0.989,29.476,13.2156,4
5,97,0.0,20.96,20.12,82.6,1.438,28.859,0.0,2
2,93,0.0,18.56,16.82,96.21,1.375,29.544,0.0,4
15,95,600.4,27.26,45.46,44.95,1.607,19.187,15.0,3
10,282,596.43,29.85,48.54,43.18,2.404,30.32,15.0,2
8,347,275.17,32.2,39.7,55.42,1.992,30.452,15.0,2
4,108,0.0,16.28,16.37,97.83,2.497,28.905,0.0,2
22,3,0.0,21.98,22.35,92.45,3.353,29.012,0.2266,2
14,303,525.2,31.87,47.37,41.31,2.715,31.058,11.5433,4
22,65,31.24,19.16,20.02,100.0,2.197,5.001,3.2344,1
18,209,250.05,17.63,25.61,78.18,3.121,28.891,7.1782,4
1,210,39.31,18.76,19.73,92.03,4.535,29.45,2.929,2
15,356,346.96,31.31,41.12,51.39,1.356,17.699,14.1511,3
11,121,921.29,24.6,52.89,29.88,3.306,29.75,15.0,2
2,346,2.29,23.76,23.94,95.49,1.648,27.548,0.0749,4
15,266,524.31,27.1,43.5,42.54,5.425,30.471,15.0,2
2,214,0.0,17.19,18.29,95.1,3.426,27.633,0.0199,4
5,263,1.9,19.46,20.79,91.03,0.469,28.965,0.2785,2
1,114,9.36,15.11,15.51,97.41,0.646,29.363,0.6424,2
14,36,520.62,31.41,47.71,42.97,5.006,29.446,15.0,2
18,113,203.85,20.75,27.51,74.45,4.652,28.358,8.7877,0
13,170,1013.48,23.01,54.76,30.82,2.704,31.377,15.0,4
8,274,368.74,27.61,40.05,56.54,2.891,30.228,15.0,2
14,354,438.95,32.82,46.82,42.96,0.56,29.117,15.0,0
8,194,551.88,19.96,37.86,54.46,1.807,28.558,15.0,2
9,256,575.09,24.87,43.02,51.88,3.506,30.51,15.0,2
7,265,294.47,24.32,33.94,64.61,4.475,29.711,11.3561,0
11,338,532.9,32.46,48.83,38.45,3.963,29.848,15.0,2
3,150,6.66,14.19,14.31,89.36,2.317,27.808,0.0671,2
21,16,3.99,24.1,24.21,95.13,0.708,28.012,0.0,0
7,108,328.52,21.82,30.96,64.6,5.317,29.663,13.2247,0
14,164,876.09,22.96,49.54,40.05,3.634,30.06,15.0,4
19,202,9.69,18.79,19.68,89.17,1.283,16.1,0.6522,3
9,137,694.33,22.56,44.3,43.91,3.169,30.422,15.0,0
18,219,239.29,19.25,26.98,78.33,3.749,30.782,14.2328,2
12,18,566.82,33.93,50.07,42.03,2.906,29.93,15.0,2
12,354,522.45,34.31,51.26,38.72,6.164,29.591,15.0,2
12,59,687.1,30.67,50.24,34.77,1.196,30.074,15.0,2
23,58,30.27,20.92,22.12,95.51,0.823,29.592,1.7894,2
10,63,561.7,30.69,48.79,43.13,3.722,32.053,15.0,2
21,274,8.21,20.36,20.28,95.3,1.615,27.69,0.0,2
23,9,0.28,22.87,23.84,94.03,3.651,29.352,0.0113,2
19,95,0.0,20.66,20.86,87.58,3.071,4.056,0.0,1
18,336,128.6,29.82,32.99,81.5,2.915,28.596,3.1597,4
2,313,0.0,23.5,23.72,93.99,2.032,27.112,0.3501,0
0,254,5.49,17.52,17.94,88.45,2.233,28.337,0.3401,2
18,206,229.25,18.35,26.53,77.77,2.217,29.671,9.4239,0
7,9,194.31,31.98,38.34,61.64,1.28,27.984,5.5456,4
20,43,0.0,24.79,25.43,98.46,2.452,28.919,0.0,0
0,286,6.58,19.89,21.81,91.3,3.424,30.167,0.5847,0
0,35,0.0,21.99,22.25,90.34,1.276,17.9,0.0934,3
12,359,526.42,30.73,46.38,34.38,5.839,29.565,15.0,0
2,118,14.21,16.12,17.14,97.37,2.762,29.322,0.0035,4
1,56,10.47,22.66,23.28,96.61,1.862,29.889,0.3025,4
14,304,520.89,30.5,47.02,40.56,1.824,17.909,15.0,3
23,74,38.17,20.85,21.72,97.94,0.482,4.332,1.0919,1
1,249,1.85,17.54,18.53,93.95,2.486,28.782,0.481,2
17,76,254.75,24.6,33.73,66.38,1.436,28.322,15.0,2
17,115,355.68,25.71,36.65,67.6,2.447,28.416,13.9788,0
19,105,0.0,22.49,21.59,84.64,2.29,29.13,0.9172,2
10,334,465.64,33.48,47.2,43.96,1.571,28.961,15.0,2
21,156,12.58,12.51,12.15,90.37,3.641,27.836,0.4722,0
8,257,426.98,25.57,38.27,59.07,3.568,31.041,15.0,2
17,251,292.29,25.64,33.25,65.68,4.219,28.206,6.9588,4
0,139,0.0,18.12,18.09,98.42,3.116,29.565,0.1128,0
17,52,233.63,25.68,31.91,69.02,3.735,29.033,6.0958,4
12,359,545.54,35.04,52.15,35.47,2.507,29.462,15.0,0
22,292,1.58,21.49,22.8,100.0,3.673,28.276,0.0386,2
10,302,523.61,31.16,48.8,41.95,1.087,29.583,15.0,2
12,26,564.05,31.03,48.07,33.96,5.593,19.467,15.0,3
16,296,334.49,26.99,37.9,56.21,2.558,29.988,7.5165,4
15,64,505.32,27.55,42.89,52.6,3.873,17.393,15.0,3
18,132,262.82,18.77,27.31,74.98,2.237,27.628,15.0,2
13,364,527.36,32.85,48.94,35.63,4.139,29.855,12.251,4
19,132,28.06,19.59,21.08,83.01,4.122,29.16,0.0065,2
11,312,543.58,30.02,47.24,38.93,4.248,28.438,15.0,0
19,228,5.87,18.06,18.47,90.29,2.636,28.461,0.1161,2
0,240,0.0,18.57,18.3,95.53,3.519,29.339,0.0437,0
12,75,740.14,29.56,51.64,34.83,1.651,30.198,15.0,0
15,253,596.61,25.78,44.1,49.24,2.316,28.889,15.0,2
19,239,2.78,19.45,19.94,87.97,4.274,4.998,1.028,1
1,9,6.4,21.77,21.27,96.14,1.061,28.031,0.0,2
0,41,0.0,22.11,21.19,93.75,3.144,30.468,0.0,0
10,305,534.98,30.6,47.03,46.61,3.891,28.494,15.0,2
12,365,578.22,32.43,51.35,37.05,4.891,16.118,15.0,3
15,14,437.26,31.36,44.98,52.19,1.716,29.771,10.5272,4
2,267,0.0,17.88,18.41,90.23,2.724,28.321,0.5898,0
0,182,25.78,11.48,12.63,96.16,1.902,14.195,0.9746,3
11,342,498.61,35.89,51.73,41.35,1.454,30.459,15.0,2
2,160,1.16,13.37,14.54,94.88,2.171,29.18,0.9086,2
9,98,569.58,25.37,43.9,48.55,2.178,30.108,15.0,2
22,38,0.0,20.24,19.81,95.45,3.751,28.953,0.34,2
8,339,302.37,33.37,42.82,52.63,3.716,27.114,8.0429,4
17,249,321.03,24.41,33.6,65.22,3.04,27.773,8.5644,4
2,34,23.6,23.76,25.17,94.13,6.046,29.708,0.799,0
14,301,518.99,32.2,48.55,40.94,3.273,31.123,15.0,2
23,237,12.88,14.38,14.05,99.78,2.572,27.606,0.5049,2
16,13,284.53,30.96,40.37,55.16,1.678,28.951,15.0,2
16,283,392.45,26.72,39.54,50.88,2.44,29.141,15.0,2
21,319,0.0,26.21,26.77,94.74,2.453,29.021,0.037,4
23,165,5.02,14.67,13.48,95.63,2.042,29.713,0.8091,0
21,46,5.86,22.33,22.28,93.73,1.292,28.911,0.0,2
1,100,3.63,17.41,17.15,89.6,1.849,29.54,0.0344,4
11,55,651.2,29.57,51.15,38.93,4.674,29.402,15.0,0
22,20,0.0,25.18,24.3,94.96,3.457,27.913,0.2545,2
1,253,0.0,19.26,20.12,88.93,3.238,30.012,0.0,4
19,120,16.28,15.3,15.76,91.54,4.946,20.164,1.2513,3
22,97,0.0,17.48,17.21,98.48,3.234,3.527,3.1442,1
11,132,943.04,24.5,54.63,33.77,1.785,29.932,15.0,0
22,232,0.58,18.39,18.02,95.75,1.978,28.223,0.0,2
13,324,540.82,32.58,49.8,44.43,4.839,29.363,15.0,0
23,3,0.0,21.61,22.17,94.85,2.576,28.964,1.3994,2
7,339,193.71,32.19,39.15,65.73,3.281,30.029,11.7883,2
14,307,514.36,31.25,48.15,42.76,2.578,30.684,15.0,2
9,104,605.73,23.99,42.66,43.24,1.87,29.595,15.0,2
5,343,13.79,25.99,27.15,89.39,6.143,27.51,0.28,4
22,266,24.87,16.04,17.59,93.97,3.272,4.255,2.8233,1
13,75,683.13,27.84,49.71,33.07,1.767,31.475,15.0,2
15,142,702.1,24.74,46.52,41.54,2.056,30.102,15.0,4
13,204,945.92,24.28,52.88,28.49,0.633,31.983,15.0,4
6,343,131.66,28.1,33.01,76.51,7.794,28.251,8.7914,2
3,317,0.0,21.2,21.35,91.59,2.113,28.283,0.1401,0
4,115,0.0,16.21,16.15,94.05,1.124,29.633,0.1949,2
23,259,0.0,16.83,16.44,95.12,2.983,29.363,0.3187,2
19,155,2.45,18.68,17.23,90.6,4.381,15.32,0.0,3
0,109,41.94,16.76,19.38,96.23,3.109,29.828,1.3459,0
6,353,96.58,26.34,29.35,77.98,4.589,27.547,3.6666,0
22,19,11.28,24.83,23.01,91.52,3.801,27.329,0.3946,2
1,43,12.92,20.2,19.59,100.0,3.977,3.751,1.627,1
23,296,7.17,17.91,17.22,94.45,0.788,27.684,0.5334,4
18,313,150.97,26.88,30.83,77.59,3.698,3.256,9.0337,1
4,268,0.0,19.94,19.86,93.92,4.446,28.389,0.274,2
0,145,0.0,15.98,16.09,95.38,4.287,29.134,0.0291,2
15,173,728.42,22.13,45.57,50.16,3.813,31.93,15.0,4
10,365,451.96,34.75,50.01,40.39,3.318,29.946,15.0,2
17,303,218.38,26.8,34.27,70.6,2.224,31.74,4.5557,4
19,217,0.0,16.83,15.79,88.5,0.098,4.694,0.0234,1
8,95,410.29,25.2,38.3,54.33,3.976,29.314,15.0,2
8,221,518.5,21.99,37.84,57.07,2.207,29.677,13.1953,4
6,33,123.48,25.32,29.62,78.31,0.51,29.995,7.5501,2
7,198,398.59,22.48,34.53,66.74,0.887,28.704,15.0,2
4,28,4.07,21.75,22.79,96.67,2.283,27.483,0.3845,0
14,278,605.26,31.13,49.48,42.58,2.908,4.169,15.0,1
17,201,351.31,20.08,30.9,64.07,4.154,28.368,9.8632,4
16,190,528.99,22.62,40.2,61.33,3.089,5.117,15.0,1
16,253,439.72,24.84,39.39,58.75,3.76,30.483,15.0,2
20,180,3.92,14.53,14.18,97.39,3.002,15.912,0.1221,3
15,345,354.8,31.04,42.95,48.86,3.839,29.489,15.0,2
6,268,193.99,23.93,30.4,79.56,2.227,28.31,11.8975,2
15,82,547.1,24.08,41.67,42.85,5.111,5.097,15.0,1
22,225,0.0,17.19,17.03,91.63,5.866,30.912,0.0855,4
13,109,897.29,24.12,53.32,29.02,2.708,31.409,15.0,0
14,104,746.85,24.83,50.11,36.41,2.479,32.695,15.0,4
5,5,38.43,28.52,28.67,89.32,2.976,29.638,1.866,2
11,220,906.1,24.72,52.81,32.56,3.21,31.765,15.0,2
22,18,0.0,23.19,23.34,96.15,1.643,27.541,0.0584,0
10,79,674.78,26.81,49.14,42.48,2.33,28.103,15.0,2
15,300,413.67,26.84,39.18,49.4,1.686,30.712,15.0,0
3,210,14.79,11.78,13.19,94.3,1.019,28.866,0.0,2
7,143,354.18,22.3,32.89,62.62,1.845,28.243,15.0,2
9,273,506.41,27.02,43.53,52.29,4.995,29.356,15.0,2
0,319,0.0,23.99,23.93,98.04,1.4,29.147,0.0,4
1,62,11.34,21.22,21.37,95.71,1.158,16.572,1.3781,3
8,275,396.18,25.41,36.45,56.41,1.991,16.169,15.0,3
4,307,0.0,23.19,23.74,95.52,4.939,28.208,0.0507,2
15,125,699.54,23.25,43.91,46.03,2.261,30.865,15.0,4
4,236,0.0,18.09,17.32,95.7,3.745,28.727,0.0512,2
11,169,1000.2,23.06,54.11,32.13,0.944,30.146,15.0,2
7,308,214.58,27.63,35.23,66.05,3.135,28.713,12.6103,2
13,340,510.05,34.44,51.35,41.43,1.725,30.552,15.0,2
5,32,7.89,27.29,27.18,87.59,1.445,3.299,0.0449,1
4,25,14.59,24.38,23.5,96.39,1.804,17.708,0.828,3
15,14,378.95,28.98,38.95,46.1,4.9,18.453,13.7712,3
23,173,0.0,10.23,8.15,89.95,4.198,28.525,0.3163,2
10,270,634.78,26.44,45.9,40.31,5.835,28.671,15.0,2
13,126,917.57,24.34,52.56,29.02,2.774,32.576,15.0,0
0,139,0.0,13.41,14.93,96.36,3.828,27.55,0.0042,0
4,34,23.79,22.34,21.84,93.0,1.881,30.966,1.0326,2
14,323,508.96,30.24,46.11,43.62,2.18,30.501,15.0,2
0,155,13.84,14.99,15.72,94.28,6.301,28.629,1.2311,2
13,74,702.52,30.39,51.5,37.14,1.291,30.538,15.0,2
19,235,0.0,21.72,20.81,96.36,3.914,30.419,0.0,2
15,139,717.71,23.8,44.45,42.25,0.95,30.66,15.0,2
10,12,445.61,33.04,47.34,44.32,1.512,6.075,12.8727,1
10,283,595.84,28.7,48.58,39.67,3.424,29.733,15.0,0
19,347,12.83,23.2,22.9,85.28,0.828,27.075,0.6238,2
15,260,554.15,26.19,42.91,48.55,1.379,29.716,15.0,2
13,196,982.01,26.32,56.36,27.86,1.541,31.033,15.0,2
6,74,184.88,23.46,28.71,75.71,0.793,31.268,9.8468,2
14,226,833.36,24.99,50.17,33.78,2.617,28.825,15.0,2
15,117,634.51,20.8,39.54,53.89,4.622,29.825,15.0,2
8,288,333.76,25.63,36.2,61.39,7.07,28.847,15.0,2
7,223,359.82,22.2,33.5,69.62,5.171,30.828,15.0,2
5,58,16.22,25.42,27.31,87.81,4.591,28.867,1.0573,2
8,120,494.49,24.37,40.15,60.21,4.016,30.994,15.0,2
22,291,9.83,20.69,20.89,92.34,2.122,28.199,0.2143,2
20,212,17.24,18.76,17.73,89.88,1.893,28.073,0.511,4
18,305,127.74,28.27,32.18,72.09,0.969,28.149,5.7726,0
19,187,0.0,17.17,18.46,91.29,2.18,27.213,0.0,4
17,163,368.29,20.26,33.44,64.89,2.6,29.665,15.0,2
23,332,5.69,21.83,22.88,99.03,1.228,28.939,0.2932,4
19,116,22.69,16.97,17.81,89.49,1.893,28.942,1.2781,2
0,292,0.0,21.54,22.07,96.97,3.125,28.662,0.059,2
15,153,699.19,21.76,44.52,45.36,2.37,29.483,15.0,2
10,2,492.74,34.9,49.01,36.65,4.743,27.598,15.0,0
14,85,665.68,26.96,49.15,41.81,2.134,30.052,15.0,0
5,236,0.0,21.01,21.24,88.63,3.501,28.372,0.6808,2
14,145,843.49,21.91,48.99,34.99,4.842,31.701,15.0,4
16,247,471.26,25.68,39.66,57.71,2.805,30.298,11.5023,4
16,68,382.0,28.11,39.71,57.28,6.091,30.541,14.9037,0
16,240,471.75,24.16,40.46,59.61,3.71,30.899,15.0,2
11,99,812.75,29.12,54.33,33.9,1.846,31.093,15.0,4
3,290,0.37,20.37,20.83,92.33,2.285,4.041,1.8448,1
23,82,0.0,15.74,15.31,94.87,2.677,29.43,0.1598,2
11,113,880.32,25.44,52.53,35.19,2.98,32.244,15.0,0
6,357,169.29,30.5,36.23,76.68,3.798,4.402,8.4337,1
10,67,614.16,28.07,48.11,43.29,2.025,29.151,14.839,4
0,211,33.31,16.01,17.21,91.8,4.349,29.883,3.0829,2
14,72,630.49,27.72,46.85,42.24,2.052,29.347,15.0,0
12,83,826.5,29.74,55.27,30.4,5.262,30.199,15.0,2
15,77,524.57,26.14,42.76,44.25,2.159,30.764,15.0,2
10,47,572.32,30.73,49.96,43.56,0.834,20.372,15.0,3
2,232,0.0,16.99,16.54,91.83,1.598,17.91,0.2001,3
20,136,0.0,17.49,17.3,99.62,4.975,27.305,0.057,4
17,142,387.42,22.54,34.33,63.35,3.481,27.735,15.0,2
9,198,714.7,20.75,43.3,51.14,1.27,30.449,15.0,2
10,139,866.45,22.79,49.28,36.51,3.488,30.206,15.0,4
8,218,498.16,22.73,38.04,51.37,3.896,30.979,12.0484,4
10,330,450.35,33.05,47.67,39.05,1.831,30.256,9.8192,4
6,53,157.03,27.02,32.91,75.03,2.33,29.321,7.49,0
13,257,820.22,24.98,49.76,34.25,2.544,30.047,15.0,0
18,17,126.6,27.26,31.86,82.09,2.742,17.953,5.0067,3
15,117,653.19,23.63,44.68,41.01,2.277,29.645,15.0,4
7,276,247.67,23.91,32.63,69.52,3.379,17.559,10.0029,3
12,255,829.72,27.84,52.95,36.57,2.696,29.92,15.0,2
20,159,0.0,15.0,14.48,94.88,4.21,28.443,0.0,4
1,41,28.58,23.47,25.08,95.45,3.354,29.85,2.01,2
8,23,303.59,32.56,42.43,58.52,1.146,31.395,10.6289,0
2,210,17.55,14.37,16.34,93.95,3.939,29.081,1.0993,2
10,54,563.73,26.67,43.9,38.24,4.047,16.632,15.0,3
3,325,4.5,25.2,24.11,99.59,1.442,14.36,0.0494,3
6,224,208.47,22.33,28.74,73.85,1.898,29.507,12.3152,2
6,73,177.26,22.99,29.53,80.03,2.79,29.247,4.547,4
11,277,717.21,28.83,51.75,43.74,1.385,29.342,15.0,0
13,116,904.28,23.52,51.62,39.2,3.289,30.422,15.0,2
10,217,827.13,24.28,50.17,36.68,2.108,31.498,15.0,2
1,30,0.0,21.51,22.14,93.72,4.111,30.72,0.0546,2
0,239,0.0,15.58,14.44,99.28,3.963,30.276,0.0,2
3,35,13.91,24.25,24.18,91.39,2.482,28.966,0.3626,4
6,333,138.69,27.76,32.54,73.35,0.241,29.618,7.9275,2
18,277,152.05,24.01,28.19,73.48,2.55,28.752,10.1814,2
23,119,10.84,12.87,13.47,95.04,4.822,28.32,0.0,0
1,217,0.43,17.09,17.47,94.87,4.813,30.383,0.522,2
19,352,8.45,26.91,27.29,91.88,2.29,29.957,0.0142,2
2,152,0.0,16.4,16.56,97.79,1.998,28.175,0.4442,0
8,167,541.79,21.48,39.39,52.59,1.82,29.695,15.0,2
0,2,3.03,21.49,20.73,93.12,2.597,28.432,0.0,2
9,365,369.38,32.9,44.25,45.88,3.214,18.479,12.9891,3
7,45,232.13,29.14,37.89,70.02,4.113,29.075,13.3269,2
21,201,10.27,15.0,14.39,93.73,0.922,16.982,0.0115,3
1,159,13.1,13.81,14.59,95.11,2.63,26.403,1.2057,2
5,108,6.98,18.73,19.62,90.32,0.404,27.59,0.0,2
23,104,2.04,13.72,14.14,91.44,1.455,30.99,0.2274,2
14,329,436.91,29.79,42.64,42.81,1.644,29.409,11.0748,4
12,323,566.18,33.95,51.44,34.1,1.516,30.52,15.0,2
7,240,319.8,24.52,33.95,66.7,1.183,5.263,10.031,1
2,183,0.0,15.26,14.52,99.34,1.698,28.441,0.199,4
16,246,473.41,24.34,39.36,54.09,3.506,31.7,15.0,2
2,161,13.41,13.02,13.74,92.81,1.72,30.854,0.6236,2
23,71,16.38,19.6,18.86,96.0,3.85,29.246,0.0525,2
22,296,0.0,20.77,21.17,96.39,3.4,16.276,0.032,3
14,173,874.71,24.33,51.4,31.71,1.039,30.43,15.0,4
22,258,0.0,19.56,18.25,92.3,5.363,29.868,0.2858,0
1,229,6.62,19.5,21.19,95.05,2.29,3.787,2.7,1
21,208,2.9,14.54,14.0,95.46,0.669,28.636,0.421,4
11,15,527.27,31.02,47.88,38.7,2.154,30.724,15.0,2
17,36,227.11,30.14,37.42,69.59,4.813,28.535,5.9368,4
3,215,6.88,16.19,17.21,95.35,4.724,27.491,0.5717,2
21,77,0.0,20.25,18.39,95.17,0.971,29.274,0.0039,4
14,307,524.28,33.38,48.31,40.51,4.101,29.851,15.0,2
23,305,0.0,20.17,21.0,96.97,3.98,18.007,0.6005,3
1,308,3.93,24.43,23.45,97.08,2.345,28.248,0.0,4
2,290,10.58,24.31,23.93,94.85,5.061,27.948,0.5748,2
13,196,1014.91,21.71,52.76,33.85,0.727,32.005,15.0,2
19,224,0.0,19.19,18.28,86.98,1.583,28.854,0.5833,2
19,252,0.69,21.67,20.87,84.93,3.481,2.682,0.4627,1
14,5,451.66,31.72,46.81,44.8,1.211,29.591,15.0,2
16,231,476.72,22.14,36.21,49.66,0.626,29.03,11.6274,4
13,197,963.65,23.46,52.93,32.79,2.117,31.576,15.0,0
4,65,1.66,19.94,20.98,95.11,3.277,31.203,0.0,4
8,304,354.16,27.51,38.24,57.46,0.156,29.296,15.0,2
8,39,312.14,28.81,38.39,64.03,3.337,5.29,11.7358,1
16,114,468.02,22.85,38.4,57.08,0.281,26.789,15.0,0
17,334,199.97,31.02,37.01,64.86,0.471,29.462,4.9212,4
13,71,727.3,26.72,50.21,36.85,3.84,29.698,15.0,2
19,178,0.0,17.32,16.26,84.01,4.211,30.345,0.0273,4
11,278,669.98,30.89,50.7,33.54,3.037,28.038,15.0,4
1,113,21.79,15.4,15.95,97.13,3.91,28.356,1.4425,2
6,269,184.01,22.74,28.55,78.64,2.703,30.13,10.2181,2
14,38,511.06,27.04,42.1,41.57,1.598,30.114,15.0,2
12,293,650.52,31.23,51.39,33.51,4.664,29.625,15.0,4
23,305,0.0,22.04,23.18,90.13,0.755,29.23,0.2806,2
11,358,531.37,31.75,48.27,38.13,1.314,29.016,15.0,0
2,349,0.44,24.34,23.65,97.19,1.033,29.042,0.3712,4
16,239,487.5,24.68,40.36,51.7,4.649,30.888,15.0,2
8,253,427.69,24.69,38.22,56.46,1.504,30.592,15.0,2
16,256,427.2,24.83,37.31,53.42,1.657,31.501,9.6252,4
18,109,215.72,20.51,27.11,78.68,3.394,29.063,12.5335,2
12,51,661.79,33.15,54.15,29.03,0.805,29.527,15.0,0
8,228,532.86,20.74,37.24,55.43,3.748,31.124,15.0,2
19,346,7.92,29.33,29.17,84.79,6.05,27.789,0.3513,2
22,67,0.0,20.3,20.13,96.1,4.239,27.208,0.3746,2
1,289,0.0,21.18,20.36,92.63,2.322,4.097,0.0312,1
7,62,235.78,29.44,37.48,67.23,1.976,31.485,5.5849,4
9,48,460.07,30.67,45.72,52.22,1.998,31.027,15.0,2
18,7,103.25,28.14,31.87,80.7,2.367,3.75,8.0822,1
0,55,9.9,23.6,22.95,100.0,2.863,28.149,0.3998,0
18,217,217.61,19.41,27.24,76.21,3.892,30.568,13.4347,2
13,83,788.27,26.8,51.06,34.49,6.52,30.258,15.0,2
0,179,17.75,15.53,16.24,95.09,2.785,4.984,1.7127,1
12,195,1011.36,21.67,54.3,31.7,2.049,32.324,15.0,2
19,194,9.03,18.04,18.73,90.35,1.69,28.856,0.0281,4
17,144,371.39,20.27,32.03,64.8,1.55,28.624,9.0522,4
9,241,612.18,27.72,45.71,46.44,1.139,29.125,15.0,0
12,7,528.11,34.26,51.06,33.2,3.701,30.527,15.0,0
7,202,332.8,18.38,27.8,70.97,4.097,30.105,15.0,2
10,126,826.95,22.18,47.38,39.48,1.807,1.598,15.0,1
19,79,0.0,23.97,23.49,87.45,1.54,27.697,0.1206,2
13,330,510.13,31.62,48.01,37.09,4.12,29.307,15.0,0
13,158,1014.27,21.48,54.21,30.96,4.122,30.677,15.0,2
9,223,676.3,24.03,44.38,41.36,2.608,30.221,15.0,2
14,215,838.75,24.12,49.26,48.28,0.698,18.379,15.0,3
12,323,550.4,34.54,52.8,39.94,2.218,29.814,15.0,2
22,263,6.08,14.54,14.45,97.18,2.592,28.586,0.3931,2
6,228,187.7,18.72,24.83,76.35,1.903,29.212,4.1857,4
8,359,247.8,28.84,36.02,65.88,0.946,29.292,6.8149,4
19,8,0.0,28.44,28.18,87.84,0.962,15.373,0.0463,3
10,34,537.49,31.62,48.44,44.6,2.611,16.767,15.0,3
18,48,149.02,25.53,29.81,78.02,4.287,29.129,4.3828,4
9,364,373.46,30.75,41.25,46.72,0.956,17.756,13.2738,3
16,343,260.9,31.85,40.75,59.2,2.278,27.093,7.3856,4
18,219,219.47,21.24,27.26,76.67,1.878,28.408,13.844,2
18,274,162.81,23.48,28.48,75.55,2.283,29.929,4.0557,4
18,250,210.96,21.06,26.62,78.88,3.308,30.151,11.6379,2
11,259,796.56,28.18,52.64,32.42,0.786,3.875,15.0,1
13,60,669.79,32.81,53.25,43.1,4.14,30.946,15.0,2
12,166,1034.28,22.53,54.67,24.3,1.628,30.526,15.0,2
8,276,374.4,26.44,38.86,52.66,5.297,28.871,15.0,0
6,186,233.8,17.33,24.0,77.44,2.643,28.572,5.833,4
12,208,999.5,26.52,57.45,32.88,1.791,30.325,15.0,0
2,144,17.14,12.4,13.45,93.18,0.884,28.846,0.0,4
10,89,722.2,26.57,48.1,39.14,1.599,29.744,15.0,2
7,196,362.45,20.46,31.73,65.59,3.918,30.106,8.9122,4
16,200,526.02,20.68,37.41,62.29,4.83,30.242,15.0,2
8,208,545.57,22.73,39.37,52.03,1.411,30.074,15.0,2
14,240,718.92,26.06,48.62,36.96,0.506,31.42,15.0,2
11,334,550.23,31.63,49.05,36.59,1.454,5.95,15.0,1
10,46,560.28,31.89,49.62,43.9,3.929,5.546,15.0,1
18,190,266.93,19.15,28.16,73.95,1.978,30.444,6.6356,4
16,145,539.68,22.07,38.25,55.74,5.836,31.421,15.0,0
18,364,104.58,28.74,30.73,79.56,1.414,30.405,6.299,2
15,339,350.63,33.92,46.01,50.0,2.278,28.117,13.8231,0
17,68,242.38,26.29,34.39,67.79,2.572,17.964,8.8311,3
17,187,410.64,20.15,32.62,64.83,4.408,29.76,15.0,0
9,2,354.13,29.82,39.99,52.45,4.216,29.89,15.0,2
5,358,0.0,26.67,26.91,89.93,2.303,28.818,0.0303,2
7,347,234.99,27.32,35.12,65.98,4.717,27.771,6.4624,4
20,52,15.93,22.66,23.88,97.94,2.517,29.198,0.3412,2
12,333,559.42,32.23,50.28,36.33,1.785,3.479,15.0,1
17,23,222.01,28.27,35.41,71.94,1.177,30.377,5.1055,4
5,323,21.88,28.72,29.53,90.62,4.572,29.393,2.0393,2
3,155,10.87,12.59,13.17,97.09,2.226,27.994,0.007,4
12,355,493.42,35.93,52.9,41.25,2.492,31.074,15.0,2
17,228,356.7,24.78,36.53,71.5,2.02,30.657,13.7684,0
1,95,4.28,17.89,17.36,94.61,2.795,3.56,0.0003,1
23,76,0.0,18.62,18.73,94.52,1.143,28.948,0.0,2
20,338,15.29,25.29,26.43,89.94,2.565,29.327,0.6684,4
13,331,508.03,34.83,51.34,38.98,1.382,17.407,15.0,3
9,107,618.71,25.22,44.62,45.55,1.475,30.239,15.0,0
16,213,520.23,21.82,37.35,57.37,4.661,29.804,15.0,2
4,131,19.06,15.97,17.59,91.6,0.342,27.496,0.5041,2
22,132,22.18,16.62,17.29,94.09,2.169,28.4,0.4314,2
22,152,4.18,11.61,11.33,97.89,2.735,28.847,0.4704,2
22,86,0.09,16.72,15.11,95.43,3.534,28.936,0.0,2
14,262,684.96,26.92,47.41,37.28,2.895,30.62,15.0,2
20,332,0.0,27.09,25.84,95.08,4.604,28.053,0.6081,2
1,78,13.24,18.96,18.92,97.67,1.795,29.327,0.1609,4
6,75,175.96,22.38,26.67,76.64,1.445,28.837,9.9763,2
3,361,9.1,23.28,23.52,89.05,2.144,27.987,0.948,2
8,324,295.28,27.54,36.93,59.3,3.713,31.328,15.0,2
10,28,460.05,33.63,48.91,41.73,1.493,28.776,15.0,2
23,88,9.03,16.77,16.38,94.68,4.496,29.548,0.2454,2
2,112,3.63,16.13,16.71,100.0,2.884,29.939,0.004,2
6,98,188.25,18.82,25.67,77.91,0.682,30.727,11.9151,2
12,215,987.35,24.08,55.93,27.63,4.182,29.556,15.0,4
18,25,132.63,29.38,33.16,79.65,1.835,30.261,6.9421,2
7,157,391.9,17.49,30.11,67.8,4.104,19.263,15.0,3
12,101,851.57,23.87,50.3,33.78,4.645,30.754,15.0,4
0,136,9.04,16.98,16.61,96.55,1.908,27.763,0.1585,2
10,199,872.51,21.69,49.33,37.72,1.646,29.544,15.0,4
8,8,264.24,26.78,35.27,52.5,1.869,29.055,14.9294,2
12,165,1033.19,21.09,54.16,26.54,3.206,30.628,15.0,4
1,128,0.0,14.69,16.18,95.77,3.794,28.746,0.0841,4
0,290,4.32,21.99,22.82,100.0,2.097,18.284,0.1036,3
8,274,385.61,27.31,39.66,58.99,2.703,30.604,15.0,2
23,5,6.24,23.8,24.38,95.53,0.671,5.577,2.4666,1
13,233,880.61,27.91,56.73,33.38,2.987,29.914,15.0,0
4,328,31.67,26.18,25.31,92.67,2.64,29.668,0.6924,0
20,243,3.45,16.35,15.84,90.46,4.167,27.208,0.0,0
5,331,11.03,25.76,25.33,89.58,4.65,28.604,0.0,4
8,257,447.4,26.63,39.13,61.76,3.371,19.724,15.0,3
9,249,582.42,26.29,45.64,45.71,2.774,15.633,15.0,3
22,306,0.0,22.66,24.06,91.32,2.702,28.717,0.0,2
3,161,0.72,15.71,15.07,95.09,4.449,28.128,0.5317,2
18,102,209.55,19.06,25.28,72.58,5.07,29.907,13.4078,2
19,312,0.0,25.87,26.53,91.25,4.081,28.683,0.2002,2
15,38,401.48,26.66,39.5,48.93,3.527,5.387,14.8879,1
21,187,8.92,15.79,15.06,93.2,1.157,28.364,0.0,0
18,349,144.16,27.25,31.74,83.12,2.174,14.49,7.8952,3
15,64,505.99,27.26,43.14,50.02,3.519,16.512,15.0,3
13,319,569.12,32.6,50.71,38.45,4.375,29.005,15.0,2
4,30,0.0,24.04,24.09,100.0,1.443,29.3,0.0,2
5,183,0.0,16.15,17.69,89.6,0.926,28.475,0.1923,4
0,168,4.51,12.16,12.55,100.0,1.171,29.602,0.475,2
4,161,0.0,9.79,10.66,97.72,1.826,29.259,0.421,0
22,315,0.0,22.09,21.24,97.32,1.382,18.525,0.0421,3
18,250,186.68,21.82,28.77,72.18,1.706,29.423,7.883,0
22,117,21.51,15.18,15.41,98.77,2.195,26.691,2.1549,2
0,185,10.27,13.84,13.72,95.46,1.288,29.366,0.529,4
23,64,0.0,20.83,20.59,100.0,2.038,29.886,0.0,2
9,44,422.95,27.49,41.05,47.94,0.922,30.794,15.0,2
11,112,888.71,28.12,55.6,33.52,5.052,18.296,15.0,3
9,311,425.03,30.55,45.23,45.8,2.345,30.268,15.0,0
4,159,4.58,13.76,13.48,95.6,0.963,29.588,0.0926,2
15,309,393.24,28.07,41.05,54.36,0.892,29.27,15.0,0
17,140,336.91,19.98,31.09,67.32,4.649,30.197,14.8531,0
4,319,0.0,23.73,23.76,91.67,3.555,28.684,0.5642,2
2,113,0.0,16.57,18.03,93.04,4.339,18.034,0.1327,3
0,73,0.0,20.01,19.93,90.59,2.743,29.076,0.0525,0
0,293,1.52,22.32,23.49,94.76,4.474,29.085,0.1601,0
19,306,7.15,27.45,26.55,96.44,2.346,29.085,0.2779,2
2,284,12.54,20.51,20.73,91.42,3.698,29.102,0.0063,4
14,61,573.55,30.75,51.08,44.35,2.88,27.877,13.7869,4
8,212,527.93,22.56,40.31,55.04,5.618,28.783,13.2364,4
14,74,685.11,28.27,49.27,33.12,1.899,29.894,15.0,4
21,136,9.95,13.11,14.14,94.33,4.239,17.123,0.0967,3
2,22,11.52,21.84,22.57,100.0,3.987,28.916,0.3315,2
7,229,346.43,22.36,33.6,64.27,4.391,30.532,15.0,2
21,352,26.8,25.8,26.79,97.68,1.746,28.09,0.6551,4
15,331,392.51,30.53,42.76,47.68,1.029,19.543,13.3001,3
15,198,675.67,21.28,42.16,47.79,3.439,30.272,15.0,4
4,33,7.68,22.04,23.37,99.01,4.576,29.343,0.0093,4
8,245,435.87,24.96,40.06,58.91,2.011,28.791,10.8801,4
10,29,486.33,30.94,45.93,41.42,1.573,30.419,15.0,0
4,118,4.3,17.09,16.63,94.34,7.283,29.053,0.1249,2
9,57,471.64,28.63,43.3,51.31,5.698,18.687,15.0,3
6,142,198.61,19.38,24.66,78.01,1.316,31.13,8.0326,0
2,311,0.0,23.17,23.73,95.35,2.685,25.302,0.4651,2
18,80,166.61,23.68,28.41,76.38,0.737,28.602,10.9708,2
20,204,0.0,16.26,16.53,96.89,1.955,27.4,0.5269,2
12,106,911.53,28.23,56.94,24.54,5.418,30.184,15.0,4
7,308,223.41,26.71,36.05,70.55,2.054,29.274,13.1779,2
13,206,952.49,22.14,53.01,34.74,5.672,30.789,15.0,0
1,93,0.35,17.53,17.42,97.69,2.11,30.008,0.005,2
21,103,12.75,18.36,18.19,93.53,0.462,30.467,0.4722,0
5,324,14.4,24.97,26.01,86.11,3.966,27.701,1.784,2
16,167,515.72,20.79,37.13,55.47,3.469,29.795,15.0,2
16,69,399.75,25.38,37.3,54.96,0.681,29.023,9.5356,4
7,54,238.46,27.27,35.1,68.48,1.983,17.713,9.7532,3
13,119,891.16,24.25,52.17,34.45,2.917,29.348,15.0,2
6,346,109.0,30.54,35.2,77.6,0.438,29.923,5.3256,0
8,128,503.06,22.29,38.75,57.03,3.974,28.192,12.1494,4
4,167,27.69,14.52,15.66,89.32,0.236,27.348,1.4786,2
16,44,311.75,30.71,41.49,59.33,2.537,28.823,15.0,2
16,130,542.96,21.18,37.7,53.92,4.277,19.692,15.0,3
12,282,691.65,29.69,51.42,36.22,2.675,29.503,15.0,2
12,153,1035.05,23.38,55.69,37.22,3.073,30.152,15.0,2
3,42,24.02,23.37,23.59,93.36,4.266,27.775,0.5269,2
4,57,11.55,20.86,20.96,93.32,4.223,28.274,0.0,4
5,7,0.0,27.16,28.32,90.81,0.814,29.434,0.1039,2
11,259,782.32,26.87,51.37,33.57,3.928,30.979,15.0,0
3,82,8.84,16.12,17.22,97.42,1.624,28.824,0.3347,2
1,304,0.0,20.74,20.84,97.27,2.218,30.491,0.0168,0
17,22,176.81,31.23,36.23,74.3,2.42,28.607,7.2633,0
16,343,286.35,30.24,39.59,54.67,2.952,28.784,15.0,2
4,101,5.42,18.24,19.52,92.84,1.277,17.963,0.0139,3
14,295,562.51,31.8,48.93,40.34,3.591,29.441,15.0,2
8,163,551.13,22.77,39.58,48.09,1.66,29.604,13.364,4
16,201,554.93,20.95,39.65,56.46,3.191,31.247,15.0,2
9,244,590.11,24.05,42.98,50.06,5.474,28.548,15.0,2
16,201,514.97,22.87,39.26,48.61,0.795,29.95,15.0,2
14,219,841.54,24.53,50.25,41.52,1.824,30.4,15.0,2
8,332,270.73,29.21,37.39,57.94,1.031,29.464,7.1094,4
2,190,14.99,16.06,16.66,99.46,2.141,27.986,0.6272,2
4,164,7.81,13.68,12.83,96.1,1.86,28.516,0.9874,2
2,72,27.5,20.54,20.54,92.78,5.247,28.675,0.1009,4
19,110,3.92,19.86,19.33,88.74,4.349,29.188,0.0,0
2,102,0.0,17.69,15.82,97.17,2.185,29.28,0.0105,0
3,55,3.4,19.96,20.18,96.39,2.208,28.309,0.6284,0
5,285,7.17,26.11,27.19,87.68,3.696,27.917,0.2649,4
22,362,7.67,22.09,22.81,96.03,1.997,29.635,0.6949,0
2,216,0.0,15.33,14.89,91.65,3.367,26.75,0.1809,4
19,328,8.64,26.61,27.13,86.07,1.869,28.61,0.31,2
17,277,257.39,25.15,33.65,64.28,2.669,29.203,5.9068,4
12,343,529.6,35.9,53.57,40.48,1.608,18.343,15.0,3
19,332,10.83,23.69,24.94,90.42,3.152,26.966,0.0,4
6,4,135.61,30.06,34.39,79.22,2.999,29.0,8.7138,2
20,142,15.51,15.73,16.39,92.84,1.0,28.866,1.1978,2
3,269,3.68,19.11,18.49,96.1,1.907,28.178,0.7908,2
17,126,328.32,20.64,30.6,66.3,2.918,30.474,15.0,2
16,57,370.25,26.7,38.52,60.6,2.274,29.123,9.0951,4
6,237,206.72,22.05,28.04,80.21,1.162,29.367,11.7364,2
8,290,406.57,28.11,42.5,58.17,1.441,28.798,15.0,2
0,241,22.8,18.46,17.54,94.3,5.87,27.832,0.9435,2
17,286,234.36,26.03,33.27,66.62,2.902,16.922,10.3685,3
15,338,362.09,32.93,43.28,49.21,1.31,29.615,15.0,2
12,161,1056.17,23.21,55.45,29.38,2.628,31.316,15.0,2
22,52,0.0,20.4,21.28,98.68,3.129,16.745,0.0828,3
10,204,848.94,22.69,49.53,32.61,1.689,30.926,15.0,0
2,81,0.0,18.87,19.62,97.05,1.898,30.26,0.5034,0
18,27,164.34,29.32,35.41,77.04,0.474,29.209,9.8802,2
21,7,1.27,24.21,23.84,95.11,1.556,27.366,0.0,2
9,145,703.77,25.13,48.33,42.89,2.784,30.056,15.0,2
10,96,732.88,26.05,48.89,36.86,2.005,30.125,15.0,4
17,10,192.65,31.11,37.73,69.88,0.921,28.349,8.5307,0
21,345,0.0,24.55,24.72,99.08,3.154,29.76,0.2291,2
12,235,909.01,23.82,52.8,29.83,1.568,30.047,15.0,2
3,354,6.01,24.87,26.46,95.43,4.24,17.822,0.9938,3
16,248,405.68,26.91,39.73,63.44,1.841,28.447,15.0,2
11,192,1010.17,22.78,55.64,30.88,1.469,28.773,15.0,2
14,57,578.46,30.99,48.63,44.15,1.51,28.555,14.0873,4
0,132,11.08,14.28,15.18,89.43,2.232,28.011,0.5565,2
12,168,1016.32,23.83,56.45,26.38,3.482,31.118,15.0,2
20,24,8.58,23.65,24.54,93.76,2.066,28.207,1.4725,2
7,156,399.17,17.04,29.28,61.97,1.739,29.59,15.0,2
13,320,568.13,31.31,49.16,36.74,2.168,31.019,15.0,2
10,246,731.52,28.31,51.2,40.86,1.048,18.214,15.0,3
15,360,368.56,31.52,43.11,48.49,1.719,30.106,8.6694,4
13,23,545.1,32.06,48.66,36.97,4.893,28.645,13.6252,4
23,220,0.0,16.32,16.41,95.12,2.5,14.978,0.4918,3
14,84,712.87,27.17,50.08,36.91,1.415,30.112,15.0,2
4,279,13.12,19.7,20.5,91.29,1.939,27.648,0.1347,2
15,67,493.91,25.24,39.92,44.0,2.156,28.161,15.0,2
3,148,0.53,13.88,14.89,95.62,3.228,3.3,0.0,1
1,310,0.0,19.99,18.87,93.38,1.374,30.226,0.0,2
14,353,436.75,31.02,45.02,40.08,5.84,29.15,15.0,2
20,289,1.1,23.68,24.4,90.01,3.126,28.883,1.0708,2
9,127,668.4,23.02,43.53,49.79,2.472,30.904,15.0,0
19,12,0.0,24.59,25.67,86.49,1.448,27.858,0.0714,2
9,124,669.95,21.86,41.36,48.11,1.551,29.09,15.0,0
20,364,3.28,27.92,27.05,94.66,1.929,30.249,0.1913,4
13,219,929.41,23.08,51.68,28.23,3.564,30.738,15.0,2
19,302,7.06,26.7,28.02,88.31,1.059,29.216,0.2666,2
18,244,187.33,22.44,27.08,71.28,1.558,28.738,11.0403,2
21,20,25.48,21.32,20.55,94.69,3.105,28.228,1.2111,4
12,328,555.14,32.14,49.61,33.75,3.177,27.484,15.0,2
11,175,1039.09,25.41,57.24,30.65,1.998,32.208,15.0,0
6,274,171.84,21.85,27.35,81.94,4.646,15.373,7.5979,3
2,120,13.13,19.02,18.11,96.52,2.607,28.837,0.8136,0
14,60,593.42,29.08,47.34,37.49,1.77,31.124,15.0,2
16,98,440.34,24.54,38.29,57.59,0.997,4.345,15.0,1
19,92,0.0,20.49,21.12,81.06,1.134,30.09,0.0937,2
8,232,485.86,23.52,37.84,55.58,3.935,28.638,11.8096,4
11,211,946.34,24.52,54.88,35.04,2.19,29.2,15.0,2
0,308,7.83,26.97,27.16,90.96,1.795,28.848,0.0,4
22,272,10.92,19.02,19.81,92.25,4.384,30.021,0.4341,0
11,248,824.66,23.59,49.48,30.55,2.459,30.915,15.0,2
13,146,966.52,22.18,52.25,30.15,3.456,30.315,15.0,4
21,16,0.0,24.2,25.71,97.01,3.419,18.249,0.977,3
3,131,0.0,12.77,13.05,95.26,2.071,28.648,0.0147,4
3,222,0.21,14.6,13.03,91.13,4.343,4.357,0.021,1
15,68,521.69,27.26,44.29,52.84,5.557,31.603,15.0,2
11,293,622.11,31.39,50.47,39.74,1.937,30.484,15.0,2
13,247,829.29,26.78,51.89,34.84,2.382,29.442,15.0,0
18,108,207.33,23.27,31.21,81.83,1.16,29.158,11.8749,2
23,128,5.99,13.41,13.68,99.51,1.967,28.311,1.0125,2
20,328,13.8,27.62,26.55,99.56,0.594,29.294,0.0,4
10,198,864.83,24.11,51.48,38.83,1.979,29.814,15.0,4
15,240,612.75,25.67,44.0,44.55,0.927,16.519,15.0,3
12,360,528.13,33.3,49.6,35.74,3.774,31.709,15.0,2
4,60,30.94,21.77,22.99,98.29,3.463,27.979,1.1219,2
14,82,672.99,28.25,50.4,42.89,1.913,30.629,15.0,4
5,22,0.0,26.92,27.35,95.9,2.219,29.245,0.3629,0
21,347,6.35,23.83,22.94,96.77,1.221,27.77,0.0,4
7,289,242.27,28.72,35.94,69.62,1.994,30.526,13.9673,2
4,257,43.87,18.18,18.42,91.08,0.959,28.994,1.1304,4
4,122,5.62,15.83,15.3,93.24,3.18,29.261,0.1381,4
10,274,642.09,29.81,49.99,42.42,0.724,4.476,15.0,1
20,50,6.97,21.98,22.09,95.01,1.609,28.045,0.0803,2
2,106,8.94,18.28,19.01,92.99,1.776,29.304,0.0,4
5,104,14.01,21.06,22.62,88.05,1.659,17.432,0.0887,3
7,17,210.51,28.51,35.23,63.34,4.041,31.115,11.9257,2
4,22,18.21,23.9,23.42,100.0,3.345,27.839,0.029,2
21,250,1.03,18.93,20.22,91.31,2.523,27.014,0.0192,2
13,5,505.65,30.92,45.49,31.85,2.401,29.61,15.0,2
23,50,0.0,22.03,23.35,93.01,2.766,29.339,0.0,2
2,179,2.49,14.46,14.43,91.89,2.548,29.599,0.0935,2
0,266,14.49,19.44,19.09,92.08,1.963,29.265,0.2718,2
11,198,980.2,24.29,56.36,25.6,4.275,20.809,15.0,3
2,21,0.0,24.81,25.19,100.0,4.15,26.635,0.1555,4
13,190,1027.26,20.94,53.38,32.02,4.359,29.66,15.0,2
10,283,579.44,30.2,48.04,41.12,2.236,3.813,15.0,1
0,347,0.0,23.61,24.55,92.59,6.509,28.442,0.0912,2
11,242,839.07,24.82,49.0,35.71,3.301,32.133,15.0,2
11,50,628.59,31.48,51.13,39.97,1.72,30.693,15.0,2
1,136,0.0,15.35,16.11,94.01,5.37,28.759,0.0,2
12,40,611.31,31.65,51.17,31.27,2.017,28.956,14.3791,4
11,160,1001.16,19.22,50.19,30.16,0.916,31.096,15.0,2
20,146,0.0,16.79,16.66,96.4,0.845,29.16,0.0428,0
13,275,715.27,27.51,50.3,35.86,2.748,32.928,15.0,4
11,29,526.64,31.79,48.27,39.08,2.526,28.967,15.0,2
16,66,361.78,29.53,39.5,62.08,2.49,30.442,8.4063,4
19,128,0.0,17.22,17.31,92.5,6.541,27.54,0.0,2
21,169,2.27,12.35,12.45,98.14,3.657,19.178,0.2312,3
18,297,163.19,27.19,32.26,78.05,5.63,29.641,3.2237,4
17,233,297.51,24.13,34.22,61.63,0.686,28.474,7.2427,4
13,3,552.93,31.67,47.36,41.25,1.797,29.806,15.0,0
20,196,0.0,17.53,17.83,93.4,1.999,4.126,0.53,1
10,347,439.89,35.13,48.86,48.64,0.273,31.942,15.0,2
3,76,0.0,22.15,22.24,97.64,2.539,28.552,0.4107,2
15,19,401.73,32.96,45.53,45.31,3.558,29.274,15.0,2
13,230,889.91,25.07,52.68,32.16,2.815,30.06,15.0,4
17,290,240.71,24.74,32.92,67.65,1.925,28.537,15.0,2
10,222,826.31,25.42,51.11,36.56,2.2,28.486,15.0,2
12,262,800.56,25.85,51.4,29.77,1.671,32.634,15.0,2
15,1,399.24,30.43,42.13,50.68,0.908,29.696,15.0,2
9,54,440.85,27.73,41.19,53.39,3.7,31.558,10.7034,4
0,96,7.29,17.4,16.71,87.97,4.522,28.184,0.3121,4
3,161,4.98,14.65,14.12,95.73,3.373,29.308,0.0,2
12,309,599.76,29.8,47.93,36.59,1.333,30.451,15.0,2
10,143,852.99,23.41,49.63,41.96,2.284,17.667,15.0,3
15,47,425.22,28.42,41.21,46.07,4.212,29.307,15.0,2
10,73,607.4,28.48,47.08,39.93,4.068,5.07,15.0,1
9,48,471.79,29.69,43.26,49.37,4.817,31.089,15.0,2
15,10,389.72,30.53,42.93,47.68,3.908,18.087,13.9314,3
7,122,359.34,21.33,32.42,59.88,3.143,31.004,15.0,2
11,26,540.12,34.7,50.15,42.22,5.184,17.874,15.0,3
22,96,0.0,15.61,16.1,92.68,2.797,27.851,0.1605,2
19,259,20.48,21.76,22.68,95.61,2.32,29.497,0.1769,4
4,257,0.0,19.11,18.01,94.51,1.88,27.837,0.0993,2
19,361,26.2,26.95,27.38,83.08,2.54,27.902,0.0367,4
8,31,318.97,30.85,41.07,53.11,2.792,29.556,15.0,2
18,32,127.69,24.89,29.4,84.63,2.737,29.535,7.9909,2
13,68,716.45,28.54,49.47,33.6,3.821,30.623,15.0,2
6,32,139.46,27.9,30.86,83.22,3.909,28.8,8.1084,2
9,225,640.55,22.06,41.9,45.73,2.679,30.639,15.0,2
23,152,4.49,11.25,11.26,92.6,4.069,27.414,0.4515,2
18,175,235.7,19.47,27.49,79.25,2.151,29.335,10.1619,0
8,82,378.95,25.89,38.32,55.13,3.857,30.49,15.0,2
14,360,440.71,29.09,43.31,43.26,2.959,30.388,11.1007,4
17,274,282.48,25.73,34.35,67.18,5.595,28.606,7.0706,4
8,123,499.33,23.88,40.25,56.76,2.398,29.482,15.0,2
8,149,557.38,18.92,37.18,55.59,3.311,30.703,15.0,2
6,96,197.64,20.91,27.09,71.81,1.869,29.594,11.192,2
21,248,0.0,17.19,18.49,91.38,0.751,29.333,0.2365,2
11,240,884.77,25.59,52.54,35.48,3.501,30.907,15.0,0
17,207,356.32,20.13,32.47,64.15,5.756,30.156,15.0,2
19,52,9.48,23.75,23.93,91.88,2.415,28.214,0.5622,2
4,155,3.18,14.98,12.2,96.59,3.976,27.371,0.613,2
4,186,0.0,11.22,10.97,94.39,1.799,26.162,0.2623,4
9,23,407.81,31.97,44.15,49.7,2.692,30.073,10.1024,4
3,93,33.11,15.5,15.28,94.42,6.551,29.96,0.4516,2
5,310,17.33,23.95,26.23,91.92,2.216,28.41,1.2954,2
20,303,13.0,26.47,26.02,96.26,1.769,28.269,0.0484,4
4,284,5.21,18.57,18.1,95.79,4.958,28.94,0.6128,2
21,318,8.25,25.17,27.02,93.09,1.442,28.722,1.0537,0
7,112,343.19,21.99,32.03,69.54,0.431,29.613,15.0,2
5,29,0.0,22.34,24.17,86.57,1.47,27.99,0.0185,2
6,288,208.89,28.22,34.95,81.56,1.553,15.145,7.9511,3
2,353,8.89,25.31,25.89,95.46,1.63,29.884,0.5309,4
5,238,8.18,17.62,17.55,88.68,1.263,28.842,0.0,4
19,298,15.73,24.28,23.87,89.77,2.075,28.179,0.1426,2
2,172,0.0,16.75,17.63,95.14,1.374,16.798,0.6785,3
21,363,0.0,25.75,27.35,99.8,0.564,29.293,0.0,2
1,210,0.0,13.69,13.19,94.98,1.967,28.938,0.1002,2
23,294,10.03,20.87,22.04,91.85,4.709,29.944,0.4914,4
0,283,0.0,21.11,23.33,95.25,3.316,29.686,0.0903,0
3,122,4.59,16.63,16.51,92.27,2.265,29.221,0.0803,2
6,357,91.99,29.04,31.99,80.04,2.923,26.924,4.4477,0
6,348,141.01,28.11,32.05,80.98,0.48,28.111,8.6857,2
12,139,985.56,26.07,56.18,28.74,2.98,29.366,15.0,2
11,362,510.75,32.69,48.55,33.1,1.278,29.424,12.1251,4
15,42,443.39,29.43,44.06,47.8,3.117,30.609,15.0,2
13,127,907.85,23.31,52.49,25.69,2.874,30.854,15.0,4
6,14,153.76,26.02,29.93,78.83,0.327,28.999,6.2332,0
4,208,0.0,14.77,14.43,95.15,1.714,28.644,0.3952,2
13,172,976.84,19.09,49.41,29.12,3.593,3.435,15.0,1
9,257,536.41,25.68,41.73,47.28,3.524,28.788,15.0,2
16,296,313.93,29.56,39.11,54.2,0.496,5.791,9.5583,1
17,174,369.39,17.94,27.87,67.16,6.06,29.371,15.0,2
5,238,16.84,17.51,17.79,90.01,2.796,15.148,1.0112,3
23,170,5.53,10.95,11.66,95.38,5.686,30.73,0.6735,2
4,81,2.11,20.65,19.85,98.29,0.847,27.207,0.5902,2
12,274,762.0,27.76,49.89,33.38,4.889,28.844,15.0,2
9,112,640.38,25.62,45.18,49.87,3.389,29.527,15.0,2
17,62,243.59,26.78,35.65,73.32,0.669,28.778,15.0,2
22,226,0.97,14.67,15.38,91.53,1.293,28.419,0.01,4
5,190,3.42,16.8,15.56,91.03,2.275,28.665,0.0016,0
9,36,418.23,30.04,43.78,52.34,1.055,30.035,10.255,4
9,130,670.21,22.95,42.69,50.32,0.259,30.147,15.0,0
12,105,905.39,28.39,54.35,33.32,3.499,31.028,15.0,4
18,313,133.8,25.88,29.79,76.96,1.491,28.467,5.8123,0
5,365,0.0,25.57,25.53,92.64,3.193,28.328,0.0,2
9,191,758.04,24.73,48.27,39.68,0.709,30.743,15.0,0
20,61,0.0,23.45,22.68,91.46,3.116,18.547,0.7525,3
19,94,6.02,17.8,20.02,90.88,1.3,16.481,0.0,3
6,72,150.45,24.41,29.85,72.67,1.081,28.007,4.126,4
12,16,557.71,32.77,49.72,35.92,4.618,30.712,15.0,2
1,62,0.0,20.13,20.78,92.49,1.424,28.283,0.0657,2
3,118,0.84,16.52,15.51,96.23,3.1,28.866,0.056,2
7,51,232.46,26.37,34.59,68.55,0.691,29.277,13.5795,2
10,243,759.87,22.83,46.9,38.37,0.855,31.303,15.0,0
6,132,217.37,22.4,28.2,73.89,3.127,28.954,6.2598,4
20,69,7.76,20.8,21.93,93.73,5.837,27.594,0.0339,0
4,306,47.81,23.81,24.65,99.65,4.203,28.847,1.428,2
8,317,270.42,29.34,38.1,59.44,0.792,4.317,10.7533,1
5,184,0.0,16.8,17.34,87.61,3.565,30.134,0.0,2
20,231,9.27,17.75,17.86,96.24,0.61,28.298,0.0659,2
8,95,398.33,23.13,36.54,59.88,2.536,3.623,15.0,1
14,113,795.72,22.26,47.09,37.42,4.918,31.742,15.0,2
8,220,503.98,22.16,38.27,61.75,2.579,16.747,15.0,3
16,59,337.51,27.66,38.11,54.24,0.65,17.549,13.717,3
10,246,726.61,26.78,50.06,37.9,3.423,30.127,15.0,4
7,59,267.91,24.05,32.42,65.52,3.071,27.928,7.0364,4
13,338,520.42,33.24,48.8,39.41,2.206,16.888,15.0,3
14,350,410.09,31.45,45.93,44.82,2.456,28.209,10.416,4
12,304,609.53,29.81,48.36,31.55,2.125,29.804,15.0,0
20,323,7.31,23.36,23.03,91.86,3.258,28.194,0.2653,4
14,17,495.07,32.26,46.93,41.33,1.959,29.279,15.0,2
9,159,726.49,22.42,44.42,41.03,2.57,31.348,15.0,2
22,99,0.0,18.51,18.89,99.34,3.985,27.862,0.074,2
18,355,118.67,27.3,30.47,80.29,5.752,29.182,5.439,0
6,261,159.67,20.65,25.67,81.2,1.852,29.464,6.8078,0
21,359,4.15,23.61,24.88,94.66,3.5,30.278,0.3529,4
5,356,13.05,27.1,28.23,92.7,2.772,29.087,0.5222,0
16,149,553.75,18.95,36.8,62.61,3.419,29.862,15.0,2
15,70,522.88,27.73,44.47,48.75,3.246,16.188,15.0,3
13,342,483.93,31.36,48.39,38.48,2.733,31.526,15.0,2
15,144,732.71,22.62,43.78,41.7,2.353,30.251,15.0,2
14,221,834.78,26.97,52.47,34.99,1.463,30.248,15.0,2
18,244,184.63,21.29,27.94,81.28,5.684,29.028,10.7852,2
13,316,545.95,32.57,50.51,32.4,1.244,30.185,15.0,2
3,62,6.66,22.02,23.04,99.89,1.479,27.476,0.1348,4
17,309,220.97,28.64,35.33,67.51,3.404,28.842,5.9025,4
21,3,0.64,22.99,22.8,98.37,1.196,28.007,0.0,2
19,133,0.0,18.42,18.69,94.19,3.388,27.239,0.0,4
14,131,801.46,23.27,49.56,40.42,1.904,17.557,15.0,3
18,157,228.96,16.61,23.04,77.44,1.7,15.5,11.0472,3
12,227,958.88,25.52,54.87,27.44,3.458,31.438,15.0,2
12,238,913.4,26.88,55.75,32.65,0.827,29.876,15.0,4
15,189,736.47,20.96,44.45,45.94,3.77,30.047,15.0,4
6,107,198.68,21.25,26.19,79.39,1.225,28.779,11.5452,2
14,72,639.63,30.05,51.1,34.92,1.746,29.149,15.0,2
1,11,0.0,23.17,24.04,95.2,2.627,28.847,0.4347,2
0,216,14.41,14.69,13.71,93.15,0.642,27.282,0.0,4
12,138,1020.4,22.18,55.74,31.04,1.661,30.898,15.0,2
20,249,0.0,22.58,23.32,94.89,4.714,30.693,0.0,2
18,253,193.53,21.96,27.19,79.14,2.698,28.659,7.8243,0
0,279,17.9,20.77,20.32,98.49,2.322,4.409,0.0712,1
2,155,2.63,12.64,11.87,97.11,0.54,29.162,0.0732,2
22,194,1.65,15.7,16.36,92.83,2.088,29.425,0.4313,4
4,128,11.62,15.05,15.74,94.14,4.096,27.166,0.722,0
15,321,379.45,31.11,43.52,49.33,3.025,28.967,15.0,2
5,281,7.32,24.23,23.93,88.6,4.139,28.348,0.1047,4
23,42,0.22,20.72,19.72,96.29,1.483,28.268,0.3172,4
20,348,5.37,26.15,26.35,89.59,2.319,29.334,0.2723,2
23,115,32.09,15.04,16.2,94.84,3.082,16.488,0.1513,3
5,13,6.43,24.39,25.35,87.45,4.798,28.886,0.0266,2
17,219,362.99,21.54,33.82,64.21,0.741,30.699,15.0,0
19,144,1.01,17.03,15.88,86.05,1.989,28.409,0.0625,2
19,248,0.0,21.69,22.03,87.7,3.833,27.271,0.1214,2
13,252,793.69,25.55,49.98,35.1,3.709,29.376,15.0,2
17,265,304.82,27.43,35.49,68.91,3.279,28.691,15.0,2
6,166,245.41,17.16,23.91,78.93,2.917,28.245,15.0,2
7,281,227.28,25.43,32.57,68.79,2.007,17.155,9.7121,3
16,16,282.53,30.53,38.83,61.38,3.169,31.44,15.0,2
4,206,0.0,15.41,15.27,99.26,1.906,28.435,0.4621,2
12,333,514.74,34.69,50.86,36.19,1.429,29.715,15.0,0
20,292,0.35,24.57,23.9,95.71,5.217,27.994,0.0293,2
9,203,715.94,23.89,46.6,42.06,5.227,28.97,15.0,2
2,229,0.02,13.33,14.12,95.76,3.836,16.769,0.027,3
19,281,0.0,25.44,26.25,91.29,1.456,28.882,0.0232,2
12,192,1051.12,24.5,55.76,27.12,3.874,31.076,15.0,4
22,229,0.0,13.84,14.48,95.94,1.323,29.391,0.2914,2
1,55,9.12,20.07,19.63,96.65,2.639,29.318,0.0,2
21,153,0.0,14.38,13.54,97.55,1.729,18.19,0.0314,3
12,122,963.02,26.85,57.99,27.65,4.589,17.213,15.0,3
3,85,27.2,18.94,20.28,96.08,1.186,28.062,1.4456,2
6,13,113.58,27.98,32.35,76.15,2.192,27.996,6.4783,2
5,195,19.08,21.04,21.94,88.46,2.414,28.75,0.0,2
13,227,888.69,25.59,52.91,34.96,3.108,28.757,15.0,0
22,274,15.21,18.39,18.88,96.6,2.887,27.964,0.7164,2
21,50,0.0,20.41,17.87,97.15,2.14,28.686,0.0,0
9,214,681.31,25.08,47.81,43.65,4.892,30.235,15.0,2
20,21,0.0,25.22,24.97,97.76,2.892,15.768,0.1122,3
0,8,13.91,23.31,23.35,92.68,1.166,29.21,0.1827,0
17,210,365.55,20.34,31.17,65.07,3.977,29.174,15.0,2
3,121,1.77,15.54,16.41,97.48,4.195,29.017,0.086,2
11,241,848.28,26.18,53.27,31.31,2.936,31.328,15.0,2
19,100,0.0,18.77,18.88,92.35,3.218,29.109,0.0,2
14,271,639.33,28.38,48.38,43.5,2.573,28.324,15.0,2
11,92,799.54,28.01,53.22,34.47,5.322,31.768,15.0,0
3,365,0.0,26.11,25.93,96.44,3.116,18.033,0.045,3
0,320,1.25,22.74,23.22,98.17,0.466,28.691,0.0102,4
13,125,943.68,25.69,55.74,37.07,2.381,4.241,15.0,1
2,30,6.95,21.7,22.56,98.88,3.68,27.878,0.175,2
20,133,5.13,16.12,17.2,97.3,1.098,27.545,0.0,2
17,249,299.5,24.45,34.58,72.78,2.625,29.192,15.0,2
23,185,0.0,12.12,12.42,97.14,2.501,28.827,0.0,2
0,266,0.0,18.97,18.74,93.37,4.084,27.607,0.0,4
18,197,254.03,21.41,28.49,67.94,2.379,29.397,15.0,2
18,147,243.57,19.74,27.67,75.1,5.487,4.649,7.3845,1
7,205,356.29,23.06,34.2,66.09,1.765,29.389,14.1985,0
17,113,367.71,21.53,33.17,66.99,1.364,3.673,15.0,1
12,68,739.58,28.13,50.88,29.5,2.393,31.201,15.0,4
1,344,17.41,26.16,26.74,100.0,3.471,28.69,0.3393,2
6,132,206.16,20.96,27.25,78.06,2.013,29.303,12.8014,2
9,342,372.0,30.71,43.31,47.1,0.613,28.012,15.0,2
8,282,334.84,29.43,39.86,55.14,2.688,27.699,15.0,2
2,339,2.88,19.98,19.73,91.76,1.778,17.077,1.3079,3
8,69,369.19,27.31,37.12,57.18,2.23,29.2,15.0,2
1,56,4.79,19.48,19.7,92.7,2.482,18.256,0.0,3
17,43,200.74,27.27,32.29,62.65,2.283,29.57,5.3974,4
13,218,921.36,23.77,51.75,30.19,3.087,30.574,15.0,4
17,166,385.14,18.25,30.24,68.42,1.948,29.945,15.0,2
9,39,447.71,29.41,42.74,55.66,0.994,31.53,15.0,2
4,20,15.48,23.12,24.89,96.2,2.906,30.12,0.6486,2
15,4,370.9,32.08,43.56,53.05,3.653,29.384,9.1492,4
17,262,304.4,25.36,35.75,61.52,3.443,5.495,8.5931,1
21,53,16.41,21.69,23.43,92.58,1.253,14.549,0.6392,3
5,143,11.16,17.44,18.63,90.09,1.759,31.004,0.7986,2
10,167,909.08,25.17,52.84,36.72,2.712,30.966,15.0,2
3,311,0.0,22.38,22.87,98.22,1.909,17.13,0.61,3
21,74,7.28,20.47,20.58,94.81,2.883,29.443,1.038,2
12,290,690.87,29.94,51.42,35.31,2.663,30.832,15.0,2
13,170,985.89,23.81,54.32,33.95,3.308,30.532,15.0,0
18,321,100.71,25.08,27.18,82.67,1.798,29.081,6.0011,2
6,276,159.24,26.07,32.83,78.05,3.337,28.814,4.4639,4
15,61,521.84,30.29,47.15,45.2,3.314,29.738,15.0,2
7,199,375.58,20.14,31.14,63.25,1.152,16.529,15.0,3
13,341,501.62,30.62,47.81,40.18,1.413,18.46,15.0,3
16,10,249.66,30.61,39.11,56.56,2.866,28.791,10.6113,0
2,146,0.0,13.06,12.52,96.16,1.879,28.17,0.05,2
14,13,487.81,31.12,45.69,46.16,1.591,20.866,14.6551,3
6,221,238.09,21.68,27.96,74.41,1.035,29.226,14.3701,2
13,256,776.11,27.66,51.28,37.65,3.216,29.728,15.0,2
5,116,31.46,16.22,16.4,87.67,0.819,29.657,1.4184,2
8,320,323.61,29.71,40.22,54.39,1.873,29.136,12.1445,0
13,329,524.81,29.95,47.65,38.15,3.973,30.892,15.0,2
3,125,4.55,14.01,13.77,94.61,4.05,29.666,0.1463,2
8,144,522.44,22.98,39.52,51.2,0.558,29.803,15.0,0
2,87,13.23,20.0,20.46,90.38,2.864,28.214,0.2623,2
18,19,120.03,28.91,32.87,74.07,4.367,29.865,7.0728,2
11,43,605.21,32.99,53.2,42.26,2.154,19.445,15.0,3
2,43,42.69,19.13,21.21,92.15,5.073,28.281,0.8476,4
22,337,9.66,24.14,24.95,91.9,3.516,15.768,0.884,3
1,329,10.72,23.22,23.21,89.44,1.906,30.197,0.6296,4
20,43,0.0,20.97,21.07,93.57,1.358,28.895,0.0,2
14,259,685.52,26.75,48.6,38.66,3.512,29.02,15.0,2
17,338,214.58,28.25,34.6,69.05,1.436,29.987,4.8199,4
0,4,0.0,23.04,23.69,93.08,0.975,27.915,0.0,2
21,147,21.14,14.71,14.85,95.21,0.646,29.401,0.5353,2
20,270,3.59,18.08,19.05,97.44,5.778,27.361,0.0291,0
16,227,492.24,24.39,39.42,56.09,0.304,29.707,11.3915,4
14,58,585.21,26.96,45.86,46.99,6.105,30.089,13.5087,4
3,361,9.43,24.43,24.68,94.06,1.248,28.462,0.0,0
7,17,195.28,29.8,36.29,66.2,2.853,5.614,5.027,1
15,156,685.7,22.22,45.18,39.94,2.206,33.054,15.0,2
15,91,578.96,27.36,46.0,42.98,2.217,20.63,15.0,3
0,27,0.0,22.73,22.1,94.37,1.772,29.413,0.1671,2
21,313,7.42,22.31,22.06,90.36,3.665,29.386,0.0,2
2,20,0.0,23.19,23.25,92.34,4.102,28.364,0.0,0
23,209,3.47,15.6,15.94,98.8,4.504,30.753,0.4604,2
8,48,314.11,27.98,37.4,52.61,1.665,31.361,15.0,2
1,137,1.97,11.83,12.59,95.27,0.733,29.173,0.0762,2
10,206,856.96,22.31,49.86,38.72,4.867,29.377,15.0,2
14,63,578.7,27.69,45.89,40.2,5.254,30.136,15.0,2
15,268,537.86,27.6,45.26,49.79,1.821,28.443,13.4392,4
7,271,267.03,24.27,30.67,64.47,1.978,26.671,15.0,2
14,195,861.76,24.24,51.31,36.65,4.029,29.284,15.0,2
2,174,6.66,13.65,13.24,97.32,2.621,29.473,0.1224,4
3,248,18.71,18.06,18.9,96.45,2.9,15.662,1.3831,3
10,168,901.78,24.89,53.06,37.42,1.259,28.198,15.0,2
21,209,15.78,14.71,15.65,94.46,4.217,15.873,0.7338,3
11,174,1036.28,23.19,55.92,30.3,3.013,30.795,15.0,2
21,294,6.45,20.53,21.46,90.78,0.451,16.95,0.0169,3
8,151,537.7,21.99,39.62,52.84,1.669,28.914,13.2514,4
0,170,4.67,14.25,12.89,95.71,2.125,27.691,0.6054,2
0,17,10.58,24.0,23.58,97.12,1.145,28.963,0.8793,2
13,56,660.98,29.8,51.59,34.75,4.266,17.865,15.0,3
2,257,0.0,19.38,20.32,99.15,0.391,15.356,0.0,3
9,1,367.84,30.15,41.52,47.32,0.63,28.713,15.0,2
19,75,11.2,25.48,26.17,88.79,3.752,28.145,1.5726,2
4,74,14.52,18.1,17.12,96.14,4.276,28.589,1.1507,2
0,263,0.0,20.62,20.21,96.7,3.136,28.128,0.5784,2
2,363,18.07,23.79,25.39,96.84,4.438,29.08,1.2114,0
10,67,617.27,30.1,49.33,36.61,2.77,29.247,15.0,2
9,261,557.64,27.66,44.2,42.02,3.797,30.114,15.0,2
12,255,852.31,28.31,55.06,36.71,3.89,30.409,15.0,4
9,121,682.39,22.35,43.83,49.07,2.544,30.24,15.0,2
6,69,171.71,25.86,32.48,73.34,4.296,28.826,10.851,2
2,316,0.0,21.8,21.14,96.13,1.102,15.665,0.6629,3
1,130,0.0,14.98,14.77,94.94,3.982,28.64,0.287,2
18,301,159.67,27.12,32.39,83.24,4.454,29.717,8.8186,2
3,79,2.32,19.51,20.02,99.46,2.814,28.644,0.3602,0
13,325,539.41,29.96,45.01,37.76,2.933,30.382,12.8514,4
20,102,0.0,18.46,19.65,100.0,1.984,28.627,0.0514,2
18,196,221.03,21.6,29.28,79.58,2.234,30.366,13.0953,2
5,307,0.0,26.59,26.51,91.52,1.243,29.298,0.3708,2
10,37,503.94,32.44,48.92,41.44,2.947,18.017,15.0,3
2,233,0.0,18.63,19.25,100.0,1.534,29.933,0.3165,2
12,61,692.11,31.09,52.68,36.07,1.951,31.0,15.0,2
20,226,11.81,18.5,18.31,87.9,2.003,15.039,1.8992,3
14,309,528.91,29.12,45.0,43.71,2.524,29.286,15.0,2
21,185,10.52,13.75,13.46,94.67,0.676,17.109,0.0,3
10,92,677.81,26.19,48.54,42.38,3.537,31.943,15.0,2
11,358,481.24,30.01,44.77,40.27,1.408,28.581,15.0,2
3,316,8.08,24.7,23.44,90.6,3.024,29.346,0.2282,0
2,301,0.51,22.17,21.38,94.32,1.634,29.592,0.0,2
19,42,0.0,25.65,25.08,88.5,1.907,28.543,0.0,0
13,153,993.27,23.03,54.63,30.4,1.255,30.036,15.0,2
20,207,0.0,16.59,18.23,97.31,2.814,28.626,0.0,4
7,84,304.21,25.58,35.75,64.2,2.483,29.969,15.0,2
15,10,377.08,30.03,42.4,49.84,1.931,29.232,9.5292,4
16,2,256.91,31.64,38.84,61.14,2.989,15.195,11.9048,3
21,135,10.98,19.0,19.62,92.39,1.117,17.708,0.0431,3
11,174,1027.88,20.66,52.16,38.98,0.329,28.884,15.0,4
6,108,227.57,18.77,24.52,75.22,2.715,30.487,13.7177,2
22,339,7.44,21.68,21.89,100.0,2.347,27.979,0.4692,4
4,340,6.59,25.01,23.8,94.2,1.657,28.695,0.0187,2
23,315,2.31,21.79,21.96,94.51,2.136,29.648,0.0,2
11,121,894.4,23.81,50.96,37.32,2.736,31.218,15.0,2
23,262,0.0,18.65,17.98,97.9,3.088,27.536,0.0423,2
3,112,6.46,15.76,15.33,93.09,0.676,27.702,0.0253,2
3,248,0.73,17.67,17.22,92.83,2.419,28.814,0.1864,4
8,194,513.47,20.27,36.02,53.51,3.491,29.218,15.0,2
11,135,939.57,21.88,51.95,28.61,2.007,29.385,15.0,0
8,188,548.08,21.19,39.02,51.43,3.72,28.526,15.0,2
0,151,0.0,14.09,14.33,93.17,2.63,27.525,0.7018,2
12,104,903.17,23.8,51.15,28.66,3.177,29.969,15.0,2
17,168,365.69,22.85,34.19,65.99,4.564,29.141,15.0,2
12,68,725.36,29.14,52.52,37.15,4.001,29.9,15.0,4
13,51,629.35,33.47,53.12,37.75,2.982,19.407,15.0,3
15,77,548.81,30.77,48.34,44.54,1.338,29.792,15.0,2
17,251,267.81,21.28,30.55,63.27,3.198,29.72,7.1905,4
15,122,699.4,22.51,43.96,48.34,6.103,29.204,15.0,2
2,137,14.89,16.14,15.9,89.04,1.255,26.98,0.3819,0
9,5,365.55,31.71,42.65,52.77,2.852,29.095,13.8081,0
20,362,9.82,23.88,24.56,94.93,1.501,29.6,0.0,0
1,74,22.48,21.06,23.74,94.92,4.007,28.39,1.6128,2
15,247,601.0,24.65,42.92,47.4,4.722,31.07,13.6337,4
2,39,0.0,23.59,24.63,99.03,3.131,28.497,0.9366,0
2,110,10.1,16.36,16.13,94.74,2.736,29.123,0.4538,0
22,95,12.83,17.37,17.92,93.69,3.061,29.802,0.9994,4
10,258,699.27,27.52,49.55,45.96,4.044,29.843,15.0,2
14,202,839.37,22.42,49.07,36.94,4.341,31.236,15.0,2
21,149,1.92,16.43,16.08,93.55,1.698,29.306,0.0,0
7,272,254.94,25.46,31.85,64.04,2.703,28.395,15.0,2
6,279,139.9,24.46,28.34,79.35,2.323,28.365,8.7458,2
9,35,417.05,32.19,44.06,49.61,0.322,29.882,15.0,0
22,17,0.0,20.89,20.86,97.26,2.035,30.576,0.0,0
5,207,0.0,17.28,17.64,88.79,1.738,26.939,0.0045,2
3,123,5.84,14.42,14.2,96.5,0.671,20.014,0.2761,3
22,26,6.08,19.68,20.06,95.05,2.51,17.952,0.9379,3
7,211,350.0,22.7,34.5,62.73,0.971,28.912,15.0,2
19,347,0.0,25.33,26.34,90.36,2.343,27.955,0.0,4
15,333,378.74,32.82,45.57,48.35,1.462,29.332,15.0,2
10,350,429.26,32.75,45.45,42.1,5.237,29.441,15.0,2
15,229,652.58,25.82,46.75,49.28,2.783,29.878,15.0,2
18,336,108.8,26.41,30.05,81.48,4.221,29.038,6.0355,2
23,317,0.0,23.69,23.13,98.63,0.305,14.81,0.0092,3
13,322,548.59,31.44,48.42,38.95,2.926,28.219,15.0,2
14,289,565.19,27.74,45.46,41.18,2.979,30.114,15.0,2
13,270,707.51,27.4,50.2,39.11,2.536,29.813,15.0,4
15,85,561.25,25.97,42.3,45.77,2.925,28.825,14.0084,4
7,32,228.9,27.33,34.87,72.31,1.325,29.34,13.6014,2
19,57,0.0,21.53,22.55,87.54,0.527,29.432,0.0308,0
11,323,547.66,33.96,51.5,36.73,4.617,29.832,15.0,0
21,146,3.66,15.41,15.24,96.62,3.571,28.885,0.2123,2
23,25,0.0,21.22,21.64,96.03,1.641,27.976,0.0,0
15,97,595.52,26.54,45.35,42.54,3.414,30.175,13.5052,4
2,30,27.95,21.57,21.71,99.08,2.351,28.682,1.1476,4
6,300,144.65,26.1,31.36,81.29,1.46,27.473,9.661,2
23,190,0.0,13.81,13.76,96.39,1.401,14.701,0.2633,3
8,317,311.2,30.72,39.7,57.12,1.576,29.369,15.0,2
15,332,399.85,33.08,44.82,46.27,1.405,19.556,13.7602,3
4,46,9.29,23.08,24.54,94.63,2.201,30.011,0.5876,2
3,340,0.0,23.49,24.88,99.74,3.898,28.552,0.0,4
20,257,17.96,21.85,21.97,95.79,4.139,27.499,0.7114,4
20,209,0.0,17.01,16.47,94.63,1.998,28.015,0.0271,4
23,252,36.83,17.28,18.11,90.18,0.687,30.368,1.9494,2
13,10,517.93,31.91,48.69,41.22,3.596,29.899,11.9338,4
10,153,927.36,23.62,52.18,28.72,1.275,30.387,15.0,4
20,164,31.93,17.48,19.18,93.24,2.464,27.68,1.7717,2
23,81,0.0,15.87,14.66,90.86,5.456,28.086,0.2473,2
11,176,988.38,21.82,52.92,30.21,3.919,30.666,15.0,2
20,60,27.63,24.64,26.17,97.1,2.883,28.806,0.9001,4
19,341,9.41,26.56,26.33,86.31,2.338,29.563,0.3217,2
1,167,0.0,14.48,15.87,91.58,0.597,29.801,0.0226,4
15,353,350.34,31.74,42.45,43.96,2.006,28.772,8.8273,4
15,309,401.16,32.01,46.05,45.14,2.085,30.789,8.4801,4
5,5,2.08,27.05,26.24,89.57,2.083,30.301,0.84,2
20,365,23.44,25.6,27.0,94.66,3.249,29.36,1.019,2
11,177,999.32,23.53,56.41,33.69,1.61,31.151,15.0,4
3,112,0.0,15.25,13.81,92.95,3.378,17.559,0.0,3
18,155,243.57,18.17,25.09,77.33,1.567,15.571,10.5126,3
6,220,219.91,24.25,31.53,77.81,1.926,29.715,5.3696,4
4,226,47.23,14.95,15.56,100.0,2.802,28.402,3.7914,2
15,296,437.81,29.06,42.63,48.6,0.864,30.229,15.0,2
9,196,723.45,23.83,46.69,41.19,4.01,29.358,15.0,2
16,89,427.18,26.3,40.75,52.03,6.119,29.59,15.0,0
11,213,922.08,24.24,53.28,31.94,1.201,30.219,15.0,0
22,9,1.96,24.46,23.56,97.85,1.247,27.81,0.4173,2
20,98,2.4,22.4,23.88,90.36,3.265,27.14,0.0157,4
23,145,6.71,12.6,13.34,95.45,2.705,4.609,0.3447,1
23,17,0.0,22.27,21.42,95.21,0.446,27.362,0.0,4
4,285,10.14,21.52,21.55,93.95,1.56,28.093,0.4491,2
11,269,749.98,27.12,49.5,32.55,2.987,18.355,15.0,3
14,344,460.66,32.25,45.82,45.28,0.186,29.433,15.0,2
15,271,493.28,27.3,43.07,44.79,2.83,30.414,15.0,2
0,295,5.03,23.29,24.45,93.5,1.696,28.716,0.0,2
17,232,334.76,21.74,32.06,69.83,5.233,29.439,8.4694,4
13,72,767.23,27.25,50.99,35.38,1.853,29.803,15.0,4
1,260,2.49,19.8,19.36,95.92,1.833,18.457,0.0,3
12,319,576.97,32.5,49.96,32.37,3.417,31.216,15.0,2
2,198,11.72,14.84,15.11,96.41,5.211,29.669,0.1855,0
6,359,105.66,28.88,32.43,79.71,4.265,29.977,6.1948,2
18,313,140.59,27.86,31.93,78.08,0.618,30.198,7.2235,2
16,337,314.88,34.42,43.83,54.89,4.898,30.025,15.0,2
13,211,915.38,24.54,51.52,35.19,2.807,31.625,15.0,2
6,24,133.89,26.21,28.78,75.88,1.887,29.546,6.8032,2
0,356,17.25,23.66,24.46,90.08,3.061,28.014,1.084,2
11,189,988.44,22.67,54.14,33.08,2.658,20.988,15.0,3
1,277,0.0,21.1,20.75,94.74,2.413,28.368,0.7382,2
16,169,573.65,20.12,37.6,49.05,3.462,30.274,13.6303,4
18,209,223.68,19.45,25.71,78.33,0.286,29.716,12.5587,2
2,82,2.6,18.89,19.12,99.44,2.631,29.211,0.0,4
11,340,502.73,32.12,48.72,32.24,1.71,29.288,15.0,0
4,356,0.0,24.29,23.98,94.43,3.1,28.45,0.5133,2
20,180,33.92,15.23,16.18,95.26,1.546,30.394,2.3457,2
4,64,0.0,20.76,20.25,96.92,1.022,30.333,0.3719,2
7,339,190.61,31.34,37.16,68.12,3.103,17.524,7.9479,3
8,137,505.77,22.64,38.49,53.24,1.694,29.929,15.0,0
23,221,23.09,13.27,12.59,96.97,2.744,27.961,1.1283,2
23,288,5.63,19.89,18.87,93.47,4.065,27.092,0.2961,0
10,105,797.42,25.71,49.55,34.47,1.197,31.177,15.0,2
9,238,621.0,25.29,44.68,46.65,2.388,28.357,15.0,2
2,207,17.64,13.32,12.51,95.27,2.322,28.35,0.0,0
0,146,17.23,14.79,14.76,99.86,2.583,4.575,0.0141,1
8,273,341.1,28.51,38.56,59.0,4.111,26.891,8.5329,4
9,90,566.35,24.33,42.38,47.29,2.336,29.222,13.9439,4
2,200,5.33,14.31,14.93,96.18,3.026,30.595,1.1939,2
14,277,627.95,27.33,47.24,39.0,0.426,30.382,15.0,2
22,279,31.61,18.63,18.69,96.5,3.975,28.131,0.2826,4
4,171,11.3,16.32,16.15,93.52,6.405,28.848,0.0053,2
10,79,654.64,27.28,47.1,39.44,5.201,29.265,15.0,2
10,330,484.48,31.81,46.08,42.47,0.377,30.041,15.0,2
11,253,800.83,26.09,50.32,36.15,1.655,28.891,15.0,4
21,351,6.73,24.19,24.2,93.6,3.199,29.781,1.3831,0
7,62,257.13,26.71,36.09,67.16,0.587,27.263,15.0,2
15,198,724.72,22.03,43.45,47.13,3.543,17.906,15.0,3
1,308,3.41,21.1,21.03,93.56,2.197,28.938,0.0154,2
2,21,14.25,22.65,22.29,100.0,0.666,17.999,0.7668,3
15,31,396.08,32.06,43.18,53.18,3.81,18.814,14.3756,3
12,43,593.32,30.59,49.57,32.16,1.252,29.593,15.0,2
20,256,10.78,20.78,20.15,93.83,2.468,18.186,0.1895,3
13,238,892.67,26.15,53.24,34.25,1.727,30.654,15.0,2
4,104,4.85,19.65,21.51,100.0,2.876,27.081,0.1104,0
21,191,15.06,14.02,14.55,89.61,2.3,28.706,0.0351,2
14,284,582.87,29.31,48.14,41.76,2.419,31.191,12.7884,4
5,208,0.0,15.31,14.79,88.05,4.994,18.268,0.0121,3
12,132,980.56,24.93,56.88,28.09,4.56,30.888,15.0,2
2,20,0.0,24.32,24.85,87.72,2.236,30.324,0.3225,2
15,213,703.18,21.28,42.9,46.62,1.548,4.163,15.0,1
1,264,20.81,19.31,19.56,96.46,0.872,30.103,0.4988,2
0,69,0.0,21.93,21.9,100.0,1.119,27.938,0.0157,2
17,2,190.39,30.11,35.22,65.51,0.727,30.327,11.4175,2
16,106,454.93,23.52,38.62,56.06,1.282,32.004,15.0,0
4,7,33.84,26.12,25.38,100.0,4.207,29.786,1.2707,2
16,52,361.36,27.27,38.31,59.82,1.87,29.958,7.8898,4
17,95,313.32,24.63,35.06,72.36,2.18,28.398,8.2096,4
21,40,0.0,22.69,23.45,96.07,2.25,27.832,0.8049,2
22,53,17.12,19.6,21.77,98.25,6.887,29.877,1.8742,2
4,8,2.6,24.77,24.89,96.71,3.465,3.844,0.057,1
16,179,548.92,18.42,34.25,52.97,3.882,29.274,15.0,0
16,81,424.5,24.85,37.49,54.83,2.646,17.116,15.0,3
5,281,0.0,23.03,22.61,85.97,1.842,3.696,2.815,1
11,193,984.13,22.46,52.77,39.69,4.753,29.319,15.0,4
9,281,464.68,25.67,40.91,48.75,0.486,29.873,15.0,2
2,197,7.57,14.42,15.12,96.74,2.535,27.656,0.3657,2
19,188,37.26,19.18,18.88,90.49,2.008,28.284,0.7119,2
22,128,0.0,16.24,16.54,92.35,1.559,29.591,0.0662,2
17,246,301.35,23.14,33.91,67.2,1.582,30.028,15.0,2
22,126,0.0,16.25,16.17,95.67,1.534,3.85,1.4618,1
13,298,625.69,29.53,48.91,39.05,1.047,29.334,15.0,2
5,348,2.92,24.49,24.62,85.21,4.45,26.805,0.0818,2
15,94,581.24,24.21,42.33,52.55,0.184,19.047,15.0,3
13,236,856.02,26.92,55.39,33.57,2.98,29.423,15.0,4
23,214,0.0,15.19,15.0,88.64,1.532,27.628,0.0551,2
8,164,570.27,22.57,41.53,49.58,1.009,29.116,15.0,0
14,151,877.91,23.64,51.18,31.92,3.946,30.211,15.0,2
17,117,342.2,20.25,30.8,63.85,5.464,4.037,15.0,1
6,44,178.34,27.22,32.88,76.52,1.617,29.937,7.0087,0
3,141,10.49,14.24,13.82,95.25,1.499,27.868,0.0143,2
10,11,444.48,32.88,45.79,37.29,2.422,14.318,15.0,3
11,301,650.54,30.64,48.82,36.54,4.373,28.504,15.0,2
14,72,651.33,27.34,47.27,40.53,4.578,31.217,15.0,0
16,70,406.46,25.67,38.68,54.94,1.466,30.231,15.0,0
4,251,12.25,16.95,17.43,89.82,4.777,27.923,0.6531,0
18,308,145.96,25.45,30.39,78.6,3.566,29.275,8.3752,2
20,291,0.0,25.16,24.95,100.0,2.955,28.668,0.0,2
3,228,0.0,15.2,14.05,93.37,3.735,28.865,0.0743,0
5,41,16.43,25.98,26.13,88.01,2.22,14.827,0.0,3
2,176,10.88,15.5,16.12,88.84,2.4,29.395,1.5951,2
6,36,164.32,24.75,28.93,68.81,0.307,29.415,9.571,2
8,252,430.32,21.93,36.14,52.67,0.782,16.827,15.0,3
17,86,309.11,26.7,36.15,62.32,2.71,5.874,9.6684,1
17,235,359.15,22.46,34.39,66.27,4.315,28.675,15.0,2
3,213,0.0,17.04,17.08,96.16,3.838,29.464,0.0,4
2,123,15.87,16.62,17.87,91.48,4.717,28.768,0.0316,4
19,361,11.97,27.3,27.03,87.22,1.114,26.567,0.4046,4
13,52,615.68,28.59,48.52,37.94,2.396,21.196,15.0,3
8,157,534.26,20.5,37.01,53.51,3.277,28.902,13.3171,4
1,339,6.61,25.65,26.94,97.35,3.069,27.129,0.4563,0
19,62,7.23,24.25,24.03,83.31,1.972,4.658,0.0,1
11,85,771.97,28.42,53.34,35.06,3.056,30.548,15.0,2
23,7,6.65,19.31,18.67,91.92,2.597,14.718,1.3223,3
9,63,472.79,28.35,41.24,56.35,2.385,29.931,11.0932,4
22,59,10.66,21.95,21.12,92.07,2.729,29.253,0.5886,2
23,153,0.0,13.83,12.45,88.62,0.4,29.046,0.7314,2
1,2,11.98,22.99,24.47,95.44,0.198,27.034,0.0705,0
4,311,38.47,22.08,22.69,94.55,2.478,28.201,1.4889,0
3,44,13.91,20.61,19.35,94.71,0.527,27.553,1.2767,2
23,16,4.53,22.46,23.08,100.0,3.77,4.254,0.0212,1
16,141,526.28,21.94,38.04,54.21,2.699,3.768,15.0,1
3,86,0.0,17.77,18.09,93.72,4.018,29.598,0.0697,2
4,193,0.0,14.35,15.02,98.03,1.984,28.298,0.0,2
15,155,722.09,21.86,45.95,38.85,4.287,29.888,15.0,4
5,262,20.39,20.32,20.56,87.04,1.562,30.263,1.3548,2
5,349,15.67,27.41,26.52,89.6,3.418,27.614,0.8497,4
12,341,500.27,32.03,47.02,40.81,5.434,30.021,15.0,0
8,165,556.03,19.08,36.38,51.56,3.428,31.287,15.0,2
10,349,455.58,29.4,43.57,47.94,2.738,29.315,15.0,2
22,86,1.81,19.26,18.49,98.67,3.413,28.471,0.528,2
8,295,353.33,27.93,38.31,60.3,1.289,29.398,15.0,2
9,269,521.96,29.27,45.91,49.57,1.112,28.598,15.0,0
13,84,772.86,27.63,50.68,40.43,2.163,28.99,15.0,2
9,291,480.86,30.57,46.49,52.05,0.311,28.878,15.0,0
23,203,46.61,13.47,13.86,95.59,2.529,27.927,1.3808,0
15,279,517.54,28.54,44.69,43.83,4.509,4.549,15.0,1
10,22,481.24,36.44,50.69,34.57,1.992,30.389,10.359,4
13,125,952.43,23.12,51.85,33.35,3.568,31.298,15.0,2
23,178,17.78,12.15,11.35,94.53,1.61,28.508,0.0,4
4,197,10.61,15.44,16.79,95.17,1.556,29.81,0.9591,0
13,145,939.88,23.07,52.39,31.83,1.011,29.197,15.0,0
9,185,724.45,23.84,46.44,44.81,5.072,29.856,15.0,2
0,46,14.72,20.28,21.53,96.06,6.798,28.937,0.0,2
5,224,0.0,16.9,16.59,91.0,4.196,28.288,0.5069,2
3,326,28.24,21.6,22.74,99.9,0.977,29.031,2.3691,2
10,207,848.24,24.54,50.37,34.67,1.972,30.445,15.0,2
10,35,522.73,30.86,47.37,42.98,0.736,29.629,15.0,2
16,350,266.31,30.38,38.06,59.12,4.242,28.881,15.0,2
15,139,731.0,24.28,45.96,42.66,4.011,28.027,15.0,0
4,334,1.11,23.41,23.59,97.95,2.639,30.851,0.0,0
12,351,507.18,31.68,47.7,41.91,4.931,29.243,11.9297,4
5,32,0.0,24.58,24.94,84.74,2.216,28.671,0.3412,2
18,232,222.11,21.35,27.98,71.98,4.606,29.033,5.3642,4
6,139,250.53,19.67,27.85,78.39,3.94,28.92,14.6283,2
15,163,721.15,23.12,46.85,49.66,3.93,31.686,15.0,4
19,86,15.3,20.51,21.02,89.19,0.813,28.956,1.0363,2
6,82,180.35,23.13,30.34,76.84,3.217,29.084,10.7002,2
2,46,0.0,23.32,23.36,92.2,0.882,30.371,0.4988,2
0,287,28.5,17.79,18.66,93.85,3.42,29.022,2.1875,2
14,180,901.4,21.6,49.48,36.33,2.953,6.148,15.0,1
9,9,368.74,32.82,44.21,48.39,3.642,31.375,9.1575,4
14,319,466.59,31.01,45.86,43.33,2.82,28.967,15.0,2
6,215,244.66,18.31,25.24,80.54,1.971,30.562,6.1022,4
19,39,4.11,24.95,24.8,92.8,3.196,27.957,0.376,0
6,124,189.06,19.93,26.14,79.66,3.482,30.667,11.642,2
13,161,1009.47,21.3,52.99,30.95,2.028,19.633,15.0,3
9,185,709.36,20.73,43.64,44.24,2.916,30.423,15.0,0
22,151,24.3,10.73,11.14,89.23,3.163,28.551,0.9089,2
4,22,17.61,25.36,26.09,95.53,4.236,28.842,0.315,2
20,65,0.0,22.45,23.02,100.0,2.636,28.794,0.0439,4
17,186,383.42,17.84,28.92,67.51,2.7,29.495,15.0,2
18,161,246.4,18.26,25.11,73.38,5.143,28.855,15.0,2
16,167,540.91,21.36,38.63,53.03,0.247,4.081,15.0,1
0,119,11.01,13.71,13.15,93.27,3.555,29.821,0.2427,2
10,173,894.24,24.54,50.72,34.28,2.33,30.422,15.0,4
2,256,0.0,19.71,20.29,85.97,1.968,27.646,0.1,4
4,306,0.28,22.72,23.47,92.03,1.224,29.828,0.015,0
4,120,0.17,17.12,18.61,94.29,2.677,27.806,0.2076,2
23,271,5.48,18.02,18.49,100.0,3.338,29.911,0.0023,2
0,98,0.0,17.67,16.91,98.68,2.165,28.047,0.0,4
19,296,13.16,24.62,24.69,85.11,1.152,29.266,0.103,2
12,132,976.0,25.16,55.35,20.7,3.679,30.315,15.0,0
2,231,0.0,17.56,17.61,98.27,2.399,29.395,0.0494,2
17,69,283.78,25.21,33.59,63.45,1.286,29.235,15.0,2
3,310,0.0,22.4,23.2,93.78,1.569,28.746,0.0,2
14,261,640.15,26.0,46.81,39.8,1.624,29.927,15.0,2
17,271,280.49,25.62,32.62,67.43,3.544,28.422,15.0,2
20,1,0.0,24.15,24.77,88.69,1.577,27.005,0.0,2
22,339,0.95,22.43,23.21,98.49,3.021,17.543,0.6693,3
16,285,368.37,28.46,39.76,52.88,1.164,29.741,15.0,2
10,8,451.52,33.45,48.54,43.28,1.305,31.455,9.6271,4
15,282,492.21,31.19,45.8,52.12,2.678,31.037,15.0,2
13,96,804.66,26.16,51.51,34.29,2.341,30.679,15.0,2
12,357,515.49,36.4,52.25,35.81,3.635,29.973,15.0,2
12,193,1016.8,22.62,53.52,32.46,3.822,18.425,15.0,3
19,287,2.94,23.35,22.33,89.95,1.728,28.697,0.0,2
9,6,381.47,32.05,44.53,45.83,3.946,2.707,15.0,1
3,138,11.93,16.73,16.84,91.79,3.614,29.406,0.0878,4
10,191,897.16,20.52,47.56,32.14,3.671,29.358,15.0,2
11,307,600.23,31.78,49.99,38.94,2.835,29.272,15.0,0
12,258,846.21,26.18,52.07,29.32,4.577,32.487,15.0,2
1,317,13.71,21.8,22.07,95.67,2.054,30.507,0.2716,2
20,202,0.0,17.3,18.63,96.69,2.684,28.164,0.3564,4
0,76,9.45,20.27,20.78,91.4,2.055,27.967,0.0,2
11,178,1014.62,23.52,55.23,29.31,0.165,30.242,15.0,2
20,50,0.0,24.83,22.82,93.57,5.259,26.568,0.0,2
12,155,1007.83,25.86,57.38,25.5,0.988,31.104,15.0,2
0,128,18.11,14.83,14.7,93.19,2.841,29.683,0.3562,4
9,88,555.31,24.94,42.25,45.43,2.706,29.516,13.7096,4
5,270,0.0,24.08,23.64,91.3,1.654,27.764,0.0251,2
20,365,0.0,25.58,24.07,96.72,2.173,30.173,0.0,2
20,341,33.93,23.48,25.18,97.85,4.009,27.827,1.326,2
23,117,0.0,13.5,12.57,89.77,2.939,28.728,0.0,0
11,344,476.37,33.33,49.55,38.84,1.853,29.068,11.8113,4
10,131,830.9,20.61,46.08,35.04,3.069,4.239,15.0,1
7,40,226.21,29.16,36.1,59.43,5.924,29.085,13.0849,2
9,258,551.5,27.44,45.18,45.95,1.421,29.859,13.0443,4
21,81,0.0,20.63,20.91,99.51,2.409,28.471,0.1007,4
2,252,20.11,17.77,16.9,93.1,1.721,29.423,0.3261,2
20,220,0.0,17.71,17.29,95.27,6.193,27.65,0.2739,4
22,241,0.0,16.48,16.74,93.85,1.977,28.338,0.0953,2
6,169,276.97,16.66,24.79,74.32,4.999,28.371,6.9532,4
2,56,3.03,20.25,20.17,93.28,4.382,26.93,0.3201,2
7,134,351.07,19.9,31.14,61.83,4.689,30.353,15.0,2
21,283,11.79,22.51,23.6,92.51,4.74,28.431,0.6127,4
4,86,27.16,17.68,17.63,97.7,4.053,29.288,1.5018,2
21,161,3.92,10.7,10.92,93.39,3.977,27.291,0.1211,0
22,288,11.02,20.17,20.66,96.62,1.854,28.412,0.3019,2
15,91,589.39,26.19,44.14,50.25,4.585,28.895,13.5438,4
18,70,149.64,27.67,31.85,76.42,0.676,28.069,3.5172,4
9,102,614.26,26.5,45.41,48.3,2.432,16.039,15.0,3
9,274,531.55,26.87,43.65,53.28,2.769,2.827,15.0,1
6,256,159.22,26.04,31.06,76.98,2.102,28.968,3.8667,4
13,59,664.36,28.52,49.66,33.9,3.066,29.744,14.9742,4
14,108,776.52,24.07,46.55,39.81,2.221,29.128,15.0,2
13,19,508.83,33.63,50.23,36.61,2.061,30.452,15.0,0
14,78,684.67,27.13,47.9,41.67,3.255,32.12,15.0,2
11,80,756.29,27.07,51.6,36.5,2.507,31.213,15.0,2
18,232,208.13,18.18,24.51,79.41,0.778,29.798,12.3581,2
6,261,166.84,24.4,30.66,71.84,1.452,30.152,11.0707,2
18,33,136.06,27.88,32.32,77.3,2.896,27.316,6.2807,0
14,278,591.73,29.75,48.4,42.02,2.351,29.283,15.0,2
21,167,4.81,15.26,14.94,95.02,3.969,28.515,0.1831,2
11,283,671.04,31.89,53.5,34.4,1.743,28.632,15.0,4
22,27,3.31,21.69,21.97,96.14,3.339,29.734,0.0527,2
12,66,770.07,28.36,52.1,34.55,5.041,30.992,15.0,4
0,195,0.0,14.81,16.03,93.53,1.159,27.156,0.0,2
14,7,454.44,34.49,48.01,39.66,2.068,29.14,15.0,2
12,212,988.95,24.96,56.19,34.98,4.4,28.689,15.0,0
1,101,11.21,16.16,16.43,97.99,1.757,28.846,0.0838,0
6,302,153.32,26.38,31.51,73.44,2.536,4.1,4.2409,1
12,316,582.27,33.66,52.32,34.02,0.389,31.049,13.0394,4
16,132,492.33,21.95,37.36,54.88,0.623,29.6,11.8823,4
3,18,0.0,25.61,24.84,88.37,0.348,30.472,0.0598,2
2,281,21.44,19.04,21.0,90.93,4.555,28.877,0.9178,0
8,255,425.72,25.55,39.44,61.14,0.753,27.538,15.0,2
23,63,14.86,18.39,17.78,97.1,3.865,28.711,0.0219,4
14,90,695.07,23.95,45.13,36.71,2.443,30.274,15.0,2
21,78,16.79,18.86,19.4,95.39,1.701,16.52,0.0021,3
14,273,662.18,28.69,49.24,36.9,4.228,4.062,15.0,1
18,40,124.99,26.23,29.33,81.94,1.242,16.867,6.1814,3
20,199,0.0,17.17,17.15,89.26,1.259,28.546,0.0773,0
12,312,600.32,32.08,50.68,32.37,2.008,31.076,15.0,2
19,251,5.3,20.0,19.96,88.55,4.011,4.445,0.0113,1
13,197,985.95,22.76,52.54,28.01,0.585,31.776,15.0,4
14,165,886.74,27.09,55.48,35.58,3.285,31.728,15.0,2
11,257,790.73,25.62,51.3,33.84,0.93,32.445,15.0,2
20,119,7.86,20.26,20.12,97.53,2.201,3.377,0.4337,1
6,221,198.63,20.65,26.16,76.51,2.436,28.758,12.4945,2
9,153,688.13,19.84,41.29,47.28,1.223,28.739,15.0,2
4,357,13.97,24.41,26.52,95.48,6.104,29.778,0.8347,2
17,122,322.59,18.75,28.83,68.91,3.933,29.553,15.0,2
20,333,1.22,26.01,26.44,96.89,2.549,29.298,0.0221,2
19,209,7.76,18.31,18.92,87.91,2.345,27.884,0.0,2
1,349,0.0,22.07,22.61,93.24,1.621,29.831,0.7555,2
20,196,14.24,14.6,15.72,96.92,0.27,29.601,0.5299,4
6,233,191.48,21.44,26.96,78.62,2.892,29.643,12.1147,2
10,362,440.65,31.49,45.61,44.55,3.681,30.928,9.8045,4
11,197,1012.08,23.3,55.12,33.23,1.478,31.464,15.0,4
17,279,254.47,24.3,32.39,67.12,2.777,28.417,7.1654,4
14,259,676.3,28.88,49.24,42.19,2.199,29.852,15.0,2
17,165,364.89,19.58,30.51,62.99,4.286,29.11,9.0071,4
17,195,396.35,20.42,32.32,63.95,2.841,30.469,15.0,2
23,289,0.0,19.6,18.79,100.0,3.005,28.734,0.2934,0
16,120,493.9,22.53,39.07,55.31,0.543,30.876,15.0,0
2,208,11.83,11.83,12.4,93.39,6.56,5.485,0.0,1
20,177,3.4,16.03,13.82,93.5,2.501,16.962,0.021,3
13,78,778.41,26.87,50.27,33.91,0.33,32.12,15.0,4
10,295,536.63,29.05,44.9,44.04,3.515,30.233,13.3573,4
5,190,6.79,17.97,18.6,87.5,4.803,30.167,0.0,0
1,309,22.57,21.8,21.31,89.45,4.399,17.377,0.9625,3
5,173,18.19,17.63,18.03,90.68,5.026,18.766,0.0297,3
7,91,278.48,25.95,35.97,68.57,2.586,30.275,15.0,2
14,321,482.93,28.56,43.68,47.88,2.051,28.934,15.0,0
5,106,0.0,19.73,20.31,85.35,4.823,28.976,0.6875,2
11,23,566.94,34.49,50.93,38.2,1.932,18.082,15.0,3
10,340,473.7,33.16,46.72,36.37,0.356,30.944,10.3205,4
8,218,500.51,23.68,39.34,59.53,1.056,30.507,15.0,2
11,188,1030.28,24.88,57.53,29.86,1.577,30.812,15.0,2
18,110,199.46,22.23,28.21,78.08,5.668,28.259,13.0732,2
18,217,209.83,19.2,25.48,74.05,3.349,30.737,7.6101,0
8,322,284.89,30.54,38.74,56.62,2.078,31.274,14.376,2
14,211,862.89,22.6,46.47,38.07,1.901,31.631,15.0,2
16,325,314.89,29.78,39.04,56.57,2.035,29.046,15.0,2
15,314,386.24,30.23,42.69,51.31,1.145,30.347,15.0,0
9,136,687.12,23.38,43.67,44.38,0.912,29.343,15.0,2
9,345,348.46,32.01,42.22,51.43,3.861,30.054,8.1457,4
5,154,16.38,18.67,18.5,84.93,2.826,28.311,0.0,4
5,26,23.26,25.86,25.39,94.39,0.25,28.83,1.1403,2
7,207,356.05,17.47,29.68,66.64,4.696,29.3,15.0,2
12,111,908.73,25.23,54.18,33.01,2.015,19.614,15.0,3
11,161,1008.44,24.54,55.75,33.89,3.266,30.42,15.0,2
1,204,0.0,13.92,14.99,96.14,2.945,19.178,0.5484,3
7,282,231.08,24.39,30.37,66.8,0.323,30.51,9.0392,0
16,226,495.63,22.42,35.87,55.12,3.728,29.237,12.5863,4
14,194,894.39,23.72,51.85,30.76,5.729,30.482,15.0,2
21,133,8.98,12.25,11.76,96.45,3.967,29.309,0.6261,2
23,87,7.39,13.84,14.6,99.55,3.47,28.542,0.0465,2
3,324,0.0,25.37,25.07,97.37,2.725,28.394,0.0,0
0,159,0.0,15.65,15.19,91.94,2.421,26.951,0.6607,2
13,331,530.93,31.56,48.99,45.61,2.846,30.887,15.0,0
7,200,364.88,22.11,33.74,68.05,1.301,28.928,15.0,2
2,107,9.88,18.21,18.45,100.0,0.924,13.607,0.5962,3
15,93,614.26,23.9,43.13,47.05,3.522,29.297,14.2983,4
22,256,11.52,16.12,17.78,92.12,6.508,27.504,0.2815,4
17,241,346.04,21.78,32.4,68.41,1.381,29.293,15.0,2
18,157,255.51,19.86,29.83,77.63,4.368,18.567,9.3428,3
18,37,114.93,25.12,29.04,81.33,5.301,28.871,4.5757,0
15,322,413.03,32.42,44.52,49.93,6.437,30.095,15.0,0
8,339,270.09,28.6,37.87,57.45,2.952,3.526,10.9037,1
16,182,543.4,20.24,37.02,46.88,1.069,28.125,14.0103,4
13,58,674.72,26.53,47.33,37.34,4.07,29.337,15.0,2
10,74,620.14,28.41,48.13,38.37,5.423,17.177,15.0,3
11,221,938.0,27.11,56.1,30.82,3.458,28.19,15.0,0
8,11,311.64,30.12,38.1,59.66,2.966,29.043,12.5495,0
16,154,543.35,23.37,40.99,54.33,0.631,30.406,12.2565,4
2,76,21.06,18.81,20.2,99.01,2.076,29.781,1.0329,0
16,198,550.9,20.12,35.95,54.87,1.451,30.655,12.9722,4
1,344,18.16,24.93,24.67,86.29,4.626,29.641,0.3488,4
15,259,558.59,26.94,45.62,40.62,2.37,30.552,15.0,2
1,261,3.94,20.72,20.24,100.0,0.79,28.545,0.0,4
1,299,3.39,18.58,18.88,93.81,5.113,28.176,0.6008,0
17,181,386.06,19.43,31.54,65.27,2.317,28.117,15.0,2
23,277,0.0,15.77,15.73,96.54,3.544,28.315,0.0,2
10,114,793.13,24.73,49.08,32.83,3.78,30.666,15.0,4
2,134,12.04,14.3,13.92,96.58,4.217,16.745,0.3507,3
6,132,243.17,18.81,26.07,72.92,1.385,30.186,9.9982,0
14,349,428.3,35.08,49.27,40.87,3.697,30.709,15.0,0
20,52,0.0,23.49,23.56,96.46,3.526,28.844,0.1926,4
13,251,859.6,26.9,52.14,35.31,2.408,32.287,15.0,4
1,167,19.42,14.57,14.88,92.72,0.998,27.682,0.2049,0
14,50,562.53,29.94,48.49,41.28,2.373,29.648,15.0,2
8,137,539.56,21.73,39.66,50.42,1.076,29.615,15.0,0
16,311,306.81,33.35,44.26,60.39,5.658,29.381,15.0,2
13,51,638.25,27.87,46.95,38.16,1.943,30.708,15.0,2
17,157,361.86,20.65,31.84,67.28,3.135,30.457,8.0045,4
22,298,13.46,24.01,24.26,97.17,2.565,30.789,1.0466,2
4,155,19.43,15.59,16.89,90.24,0.652,28.099,0.3612,2
9,185,708.55,22.1,43.93,42.65,1.739,30.951,15.0,4
0,77,15.0,21.8,23.12,95.07,1.375,28.716,0.7161,0
13,340,510.76,31.98,49.09,42.25,2.283,30.127,15.0,0
9,218,680.42,23.7,44.53,43.15,4.225,4.879,15.0,1
13,76,737.14,29.37,53.42,35.86,2.981,28.076,15.0,2
4,293,4.93,22.03,22.79,95.84,2.018,30.181,0.0,4
22,332,6.87,23.87,23.68,96.37,2.394,27.984,1.0748,4
19,297,0.2,24.36,24.73,84.06,3.103,28.351,0.0206,4
14,100,753.2,27.79,52.71,42.91,2.001,30.067,15.0,2
15,143,713.94,23.11,45.02,43.68,1.762,2.785,15.0,1
8,139,525.25,23.07,39.51,55.97,4.649,18.065,15.0,3
3,67,3.09,21.51,21.64,89.04,2.437,27.331,0.4596,2
23,323,0.0,21.61,22.01,94.38,2.0,17.345,0.0,3
10,242,748.87,24.96,47.02,47.51,2.718,19.293,15.0,3
7,107,342.79,23.05,34.18,67.92,3.137,29.558,15.0,2
14,257,666.12,24.69,44.35,35.19,8.083,31.557,15.0,4
10,15,466.04,34.14,47.74,42.92,3.596,27.711,15.0,0
12,221,981.21,25.61,57.11,33.74,7.203,30.144,15.0,2
4,26,0.0,24.04,23.87,94.46,0.415,33.807,0.0,4
6,309,145.08,26.45,29.49,74.35,1.486,28.465,7.813,2
18,255,174.95,19.56,24.33,72.03,2.171,28.789,10.9501,2
1,172,0.0,14.19,14.08,93.33,2.492,28.509,0.0,2
6,356,123.2,26.16,30.33,77.15,2.366,25.662,9.2164,2
21,165,0.0,13.49,12.12,94.42,3.826,29.45,0.0,4
8,177,508.18,22.95,39.23,52.38,3.178,28.694,15.0,2
23,180,0.0,9.19,9.04,88.21,2.906,30.244,0.0752,2
19,200,9.05,18.61,18.3,93.19,2.022,28.716,1.3219,2
18,39,154.83,25.72,29.7,76.14,0.551,30.14,3.7396,4
14,210,852.34,23.39,50.34,39.83,3.611,30.993,15.0,0
8,19,270.79,31.12,40.97,56.8,0.541,28.651,11.3173,0
7,124,352.05,21.89,32.68,62.79,5.306,17.973,13.4095,3
3,37,14.26,21.41,21.67,98.21,0.215,27.646,0.0,2
4,281,8.58,21.04,21.94,95.79,2.634,26.984,1.1548,2
15,3,398.01,31.62,42.22,46.28,2.487,30.012,15.0,2
10,147,879.73,22.54,49.95,37.76,1.283,29.518,15.0,0
6,352,106.22,25.87,29.21,77.91,1.67,29.925,6.6129,2
18,250,216.46,21.86,27.66,78.0,2.197,28.445,12.6136,2
21,116,17.99,15.17,15.22,92.16,1.973,29.251,0.8819,0
17,198,387.57,21.09,31.64,61.6,5.906,29.043,9.4236,4
10,220,834.36,22.23,48.06,34.09,2.743,31.738,15.0,2
15,170,758.67,22.21,45.01,38.07,3.121,28.028,15.0,2
5,224,5.54,19.89,18.94,90.53,2.938,17.345,0.29,3
22,297,10.55,19.46,19.85,96.89,3.734,28.655,0.0005,2
22,78,0.0,16.03,15.46,91.44,2.874,28.805,0.0242,0
5,114,8.83,19.74,20.34,89.69,3.505,30.135,0.4161,2
17,306,209.65,26.52,33.02,61.14,2.107,30.366,8.1507,0
1,289,7.4,18.68,19.44,94.17,4.122,30.365,0.5322,0
6,349,93.57,27.57,31.52,78.35,3.125,29.714,6.8904,2
10,71,605.98,29.34,48.83,40.91,3.158,32.134,15.0,2
1,249,0.0,20.25,20.02,100.0,2.801,28.906,0.1893,2
9,124,691.37,21.63,43.54,38.21,3.259,30.251,15.0,0
22,241,3.4,15.35,15.54,86.89,1.405,26.78,0.964,2
21,222,9.03,15.64,15.67,93.59,2.902,29.927,0.418,2
14,351,470.49,31.61,46.01,39.86,2.717,28.723,11.6824,4
6,19,141.99,29.62,34.07,76.52,4.755,30.27,9.0017,2
14,213,839.78,25.17,52.2,38.0,1.484,30.939,15.0,4
3,356,21.81,22.98,22.71,100.0,2.96,27.234,1.2516,2
7,176,345.56,18.68,29.8,67.76,1.34,28.47,9.0316,4
21,332,0.45,24.17,25.45,94.34,0.674,29.542,0.477,2
8,356,255.31,32.27,40.23,54.02,2.142,29.541,6.4996,4
6,238,191.64,22.5,26.95,70.43,4.12,29.229,11.3209,2
21,87,0.0,16.55,16.03,93.84,5.003,28.213,0.6599,2
4,254,8.06,18.22,18.52,92.09,2.286,30.209,0.3193,4
12,201,1016.44,21.83,54.11,26.01,0.06,30.509,15.0,4
12,45,634.08,27.78,47.33,33.63,0.969,29.85,15.0,0
9,77,558.18,26.12,44.55,46.06,0.703,29.564,15.0,2
21,324,0.0,22.19,21.9,95.48,0.481,28.949,0.0178,2
19,54,42.74,23.34,24.16,88.66,2.553,28.946,1.5389,0
16,64,401.82,30.19,44.18,61.06,1.473,28.041,15.0,2
7,45,217.91,26.48,32.44,64.47,2.552,29.402,8.5754,0
14,16,495.15,30.96,44.96,44.6,3.339,29.486,15.0,2
19,191,0.0,15.15,14.56,92.3,4.599,29.331,0.2773,4
10,319,496.75,28.12,42.73,46.28,4.571,29.919,11.6012,4
14,253,659.9,28.76,49.17,37.56,1.148,31.469,14.1405,4
22,352,16.51,24.16,25.07,90.83,2.88,28.88,0.0,2
23,32,7.07,19.52,19.48,95.48,4.744,29.531,0.0,2
1,64,0.0,20.33,19.42,94.69,1.102,27.588,0.0171,2
8,7,283.22,28.88,37.43,55.24,1.674,17.088,12.1774,3
5,214,0.0,17.72,17.39,88.51,1.85,27.611,0.0583,2
6,333,134.72,26.55,32.16,82.23,3.121,29.94,3.0098,4
7,175,369.73,19.47,30.8,58.21,2.77,29.713,9.5309,4
22,94,3.4,15.98,14.27,98.36,1.341,27.699,0.6116,2
23,219,0.98,16.04,16.68,94.74,3.403,28.588,0.0769,2
20,185,2.07,15.94,16.0,92.53,0.789,28.771,0.2996,4
3,219,3.97,16.83,16.52,96.33,1.375,27.834,0.0,2
3,277,9.5,20.2,22.44,97.34,4.53,14.596,1.8095,3
0,192,25.47,14.66,15.75,95.44,2.466,29.435,1.3504,0
11,354,505.79,34.36,49.52,35.26,1.978,29.862,15.0,2
0,321,0.0,22.74,23.42,93.34,2.485,27.237,0.253,2
1,15,5.15,23.74,25.03,96.93,1.631,28.003,0.0,0
21,337,2.65,24.37,24.56,93.19,2.108,28.786,0.4038,2
2,109,16.84,17.04,18.89,100.0,3.234,28.12,0.9089,2
9,354,405.48,33.38,44.68,47.34,3.624,16.786,13.7654,3
0,211,19.67,13.55,13.25,90.61,0.33,28.714,1.0369,2
20,44,7.35,22.61,22.96,93.55,3.309,29.497,0.0,4
8,263,419.88,27.66,40.06,53.47,7.812,29.45,10.1553,4
20,274,0.0,23.45,22.44,95.62,2.987,16.917,0.1035,3
5,325,7.65,27.13,28.36,85.79,2.199,28.613,0.542,4
20,364,1.13,26.69,27.38,91.74,2.927,30.59,0.4381,2
6,124,223.2,18.68,23.94,77.43,1.635,30.299,5.6512,4
16,254,424.1,25.72,39.18,55.94,0.557,5.335,10.101,1
3,271,0.0,18.33,20.22,98.25,2.283,29.41,0.0571,2
6,248,183.48,22.54,28.3,79.12,2.113,28.866,12.0602,2
8,280,340.65,26.54,37.36,57.95,2.512,27.685,15.0,2
5,247,0.0,20.36,19.7,87.71,4.32,30.117,0.2484,2
10,175,875.42,22.01,50.18,40.62,1.134,30.68,15.0,2
14,124,814.79,22.94,49.0,31.38,0.725,30.215,15.0,2
1,101,0.0,17.39,16.84,91.7,4.213,28.049,0.0307,2
6,173,214.18,18.58,25.61,72.94,1.931,28.33,5.0513,4
7,312,213.35,25.26,31.05,63.55,3.511,28.039,13.2926,2
10,34,484.23,30.59,45.87,44.92,1.9,30.202,15.0,0
20,247,19.31,19.49,17.82,96.64,1.539,17.005,0.6125,3
9,336,391.61,32.87,45.53,46.09,0.667,29.161,15.0,2
12,199,1019.95,22.32,53.39,30.63,1.679,18.481,15.0,3
18,324,120.16,26.68,30.09,78.37,5.008,26.115,3.4416,4
13,2,496.11,34.39,50.61,40.7,2.169,29.339,11.7732,4
8,246,434.27,25.36,40.41,54.71,5.572,29.278,15.0,0
17,37,209.38,29.65,35.98,62.36,1.577,17.146,8.6785,3
15,300,438.13,31.32,44.89,51.29,1.576,28.113,15.0,2
10,306,501.62,31.32,46.19,44.6,2.481,29.648,15.0,2
3,186,2.84,12.43,13.37,89.8,2.799,30.252,0.6653,2
23,166,37.95,13.52,14.71,93.76,5.191,27.005,0.8863,4
0,214,2.73,14.82,15.03,91.04,2.6,29.039,0.0948,2
10,282,596.46,28.36,47.1,37.62,3.225,30.686,15.0,0
18,307,122.59,27.73,31.26,78.04,3.062,15.993,5.8158,3
5,261,2.35,22.24,23.57,87.86,4.21,28.905,1.6811,2
23,148,0.0,14.08,14.2,92.28,5.679,29.855,0.1457,2
20,305,0.0,21.69,22.23,94.05,2.191,28.734,0.0597,0
23,143,0.0,14.03,13.93,94.8,4.999,18.313,0.1169,3
2,77,11.78,15.08,15.56,91.73,2.964,3.992,0.0,1
14,139,843.89,23.32,50.32,35.96,5.526,28.875,15.0,0
20,110,16.12,16.8,16.39,93.43,1.005,28.717,0.0,2
5,280,10.61,21.11,20.32,88.83,1.177,29.236,0.1209,0
2,210,0.14,15.99,16.17,89.05,1.949,28.977,1.0234,0
18,349,114.89,29.14,31.71,81.02,2.349,17.045,4.6992,3
18,29,136.47,26.54,30.71,75.84,1.357,29.664,6.9651,2
15,52,449.54,28.27,43.05,47.98,1.085,16.464,15.0,3
0,324,16.48,23.64,25.23,95.1,4.713,27.686,0.9344,4
0,255,0.04,18.15,18.1,95.72,2.518,30.191,0.0,4
7,186,359.3,19.99,31.05,65.61,1.446,31.304,15.0,2
1,126,8.05,19.21,18.98,100.0,2.127,30.969,0.2978,2
9,103,636.3,24.89,44.5,46.09,2.524,28.971,15.0,2
7,222,319.64,23.77,34.32,64.52,3.75,29.619,15.0,2
11,211,942.59,23.12,53.07,35.78,1.68,29.37,15.0,2
7,7,183.05,29.9,35.7,68.19,2.829,29.685,4.1834,4
19,148,9.92,18.04,18.64,92.63,4.672,28.928,0.0021,4
12,118,943.19,25.04,54.99,33.25,1.723,31.679,15.0,2
22,343,1.56,21.99,22.86,94.69,5.071,3.897,0.8909,1
17,82,293.21,26.97,34.97,69.19,0.93,16.059,11.816,3
14,138,864.54,24.29,52.27,35.36,2.116,17.634,15.0,3
13,231,923.83,24.16,51.95,32.49,3.13,30.226,15.0,4
11,358,479.07,32.36,47.39,38.53,0.996,28.311,15.0,0
23,140,0.0,11.62,11.88,98.26,3.129,30.189,0.4019,2
12,102,888.72,26.4,53.99,32.64,2.574,29.684,15.0,0
1,356,15.25,24.25,26.33,96.74,2.258,13.826,0.0,3
13,55,640.49,31.15,51.84,41.48,3.115,29.518,15.0,2
7,46,288.55,27.76,34.41,65.34,0.689,30.627,10.7954,0
5,14,6.02,25.03,26.53,86.35,6.186,28.535,0.5709,0
15,233,619.36,23.97,45.07,43.78,4.368,29.72,15.0,0
14,312,511.74,30.68,46.28,38.27,2.964,31.694,11.5048,4
15,310,438.37,33.09,46.07,49.47,3.559,29.78,15.0,0
3,270,13.88,20.39,19.86,89.48,4.115,27.51,1.1868,2
15,268,558.33,28.17,45.08,49.13,2.83,31.203,15.0,0
17,133,379.13,22.5,33.37,66.71,2.28,28.75,15.0,2
7,327,185.84,31.19,36.82,58.87,4.918,30.237,11.3623,2
6,309,141.93,29.7,34.97,79.3,1.277,15.528,6.1088,3
0,269,12.81,20.13,21.41,96.68,2.52,28.216,0.11,4
1,195,0.0,11.68,11.41,97.93,3.837,30.489,0.0,2
6,76,165.81,24.95,30.99,77.65,2.488,29.937,10.5933,2
6,249,210.06,22.46,28.63,77.7,3.726,29.69,11.216,2
0,331,13.77,24.32,23.41,96.28,2.999,28.569,0.1061,2
0,261,4.74,21.74,23.09,95.13,3.935,27.581,0.6304,0
10,285,567.1,30.0,48.64,44.83,1.346,30.325,15.0,2
17,245,313.67,22.18,31.41,64.43,1.975,29.533,8.1071,4
4,289,0.0,22.36,23.4,96.53,0.214,27.9,0.0,2
12,175,1038.64,21.03,53.36,23.68,2.831,30.6,15.0,2
11,103,844.68,28.96,55.1,29.88,3.701,20.591,15.0,3
3,140,4.72,13.95,13.26,93.02,2.695,31.363,0.0,2
9,320,380.46,32.46,43.4,54.17,2.382,29.507,15.0,2
13,110,912.24,24.63,52.54,33.86,2.657,31.333,15.0,0
11,34,572.3,29.2,47.57,41.33,1.559,29.38,15.0,2
23,4,9.38,21.85,22.9,93.98,2.488,27.95,0.0157,2
22,296,1.78,22.15,23.31,94.84,1.943,29.733,0.0306,0
8,254,388.82,25.41,37.18,54.0,3.165,28.717,15.0,0
19,76,8.92,21.0,21.94,90.88,5.654,29.17,0.8202,0
2,172,4.79,13.01,13.99,95.17,3.516,29.073,0.4947,2
12,238,874.83,26.65,54.73,30.05,1.443,29.379,15.0,4
10,358,454.72,30.99,45.21,39.61,2.17,28.926,15.0,2
16,10,282.12,31.15,40.09,59.4,1.379,29.899,15.0,2
14,285,617.47,30.06,47.89,36.59,4.456,29.31,13.801,4
6,164,233.67,18.7,27.2,74.69,2.126,28.134,5.8226,4
4,133,17.99,16.42,15.53,93.3,3.236,28.977,0.1886,2
4,160,0.0,14.32,14.12,95.56,3.4,30.343,0.0,0
10,14,448.26,30.87,45.02,43.86,3.629,30.648,9.3406,4
2,20,12.44,24.24,25.41,95.64,1.493,29.136,1.1757,2
22,285,0.0,19.12,18.27,92.33,3.414,27.893,0.1252,0
16,10,293.53,34.27,42.84,58.71,3.042,4.287,15.0,1
10,226,792.49,27.68,52.44,42.4,3.555,31.934,15.0,2
14,97,725.28,26.44,49.24,39.14,2.922,18.849,15.0,3
1,76,0.0,21.05,21.5,98.79,0.169,28.686,0.0,2
17,124,357.02,20.77,31.69,68.64,1.64,27.71,15.0,2
17,131,322.43,19.49,28.18,64.54,1.166,29.983,15.0,2
5,114,40.22,22.36,23.0,88.81,1.065,28.18,1.3907,2
5,58,0.0,27.89,27.46,89.23,1.575,14.248,0.3741,3
22,94,11.08,19.99,20.15,95.42,2.969,30.059,0.0017,2
15,236,618.43,26.36,45.97,47.17,2.565,27.633,15.0,2
10,108,757.67,23.69,48.58,36.57,0.821,17.997,15.0,3
5,300,0.0,22.94,23.84,92.16,2.352,27.78,0.3096,4
15,15,374.97,30.74,41.3,47.93,3.363,30.085,9.3611,4
13,348,501.93,32.53,48.74,38.02,2.178,30.149,11.9999,4
20,164,9.18,14.12,13.3,89.11,1.566,2.842,0.0,1
6,59,149.82,25.58,30.45,79.54,2.378,28.192,4.0239,4
8,239,490.03,23.81,37.75,56.33,1.32,29.86,15.0,2
15,47,431.25,30.26,42.54,48.59,3.271,28.558,15.0,2
20,255,0.0,18.26,19.24,93.03,1.353,28.162,0.0808,2
7,256,282.48,27.64,36.59,64.87,1.9,31.053,15.0,2
12,151,1045.53,24.4,57.45,29.01,2.869,28.169,15.0,2
17,128,337.57,19.9,30.97,64.04,3.475,28.702,15.0,2
15,290,453.58,27.8,42.43,48.44,2.944,30.154,15.0,2
18,112,213.55,22.52,29.61,76.61,3.433,28.799,8.8309,0
17,100,286.08,22.27,32.84,61.92,1.532,28.925,15.0,2
5,202,19.77,18.53,18.9,91.21,3.128,27.288,0.0,2
19,98,4.3,22.11,22.8,90.9,2.618,29.047,0.4315,4
5,256,14.31,20.53,20.14,83.9,3.769,27.447,0.01,4
20,305,0.0,22.58,22.02,92.98,0.989,30.417,0.0951,0
15,85,579.87,24.75,40.57,42.47,0.906,31.083,13.1486,4
10,191,855.98,23.0,50.05,42.11,1.029,28.805,15.0,2
3,142,11.87,14.78,15.32,96.83,2.249,29.973,0.8513,4
8,198,548.61,23.05,39.66,51.63,3.879,6.442,15.0,1
1,308,27.61,22.81,23.78,97.16,1.507,29.457,2.2854,2
12,300,603.0,32.13,51.11,34.61,0.34,29.99,14.3726,4
5,330,7.05,26.92,25.97,94.97,2.775,28.021,0.0515,0
12,89,835.33,25.85,51.85,38.22,1.762,30.301,15.0,4
1,36,5.91,21.94,22.21,96.96,3.14,27.896,0.5873,4
15,352,402.47,30.63,42.58,48.98,5.081,29.2,9.2966,4
18,120,196.76,18.94,26.73,73.73,1.443,29.475,12.9612,2
10,45,547.18,28.16,44.54,42.49,7.258,16.385,15.0,3
11,63,674.07,31.59,51.15,33.75,1.214,31.654,15.0,2
3,333,0.89,21.47,21.97,91.5,3.426,29.334,0.04,0
16,35,319.66,28.34,37.47,62.1,1.283,26.963,15.0,2
4,259,0.0,20.22,20.3,95.72,3.301,31.062,0.0,2
16,184,546.31,19.3,37.06,55.52,1.683,18.012,15.0,3
8,235,466.69,21.36,35.32,60.07,0.665,18.314,15.0,3
23,341,4.8,22.1,23.31,91.57,1.498,29.735,0.0308,2
7,94,314.71,24.47,32.05,67.99,2.677,29.379,7.7632,4
14,186,909.27,23.0,50.5,36.59,1.554,31.997,15.0,0
20,215,15.62,18.19,19.29,97.24,2.646,30.194,0.3677,2
20,116,0.0,16.48,15.07,95.85,1.526,5.249,1.6058,1
19,20,6.11,26.33,27.0,89.02,2.126,28.863,0.0,2
8,154,534.45,21.76,37.74,58.85,1.428,29.832,15.0,2
0,3,1.91,23.34,22.3,100.0,2.957,29.575,0.0525,4
19,314,0.0,23.57,23.87,91.83,4.019,29.116,0.516,2
16,308,322.49,28.78,39.39,59.33,3.678,29.663,15.0,2
0,156,2.03,14.36,15.34,88.85,1.131,28.768,0.4537,2
16,107,482.69,21.73,36.93,55.5,3.965,30.564,15.0,0
22,29,2.23,24.93,25.87,88.53,2.913,28.106,0.1646,4
16,147,513.54,19.86,35.98,53.26,3.728,30.38,15.0,0
4,39,0.0,23.95,23.07,94.64,2.555,30.773,0.117,2
12,263,785.34,27.24,51.41,33.11,5.439,29.627,15.0,4
16,57,312.69,30.19,40.82,59.3,2.034,29.224,15.0,2
9,29,423.74,30.12,42.95,49.9,0.653,28.734,15.0,2
23,54,10.75,21.37,23.39,95.5,3.687,28.985,0.3729,4
1,339,8.02,23.69,23.98,95.08,2.641,18.447,0.4423,3
20,94,9.15,20.35,21.37,97.79,2.742,28.316,0.6158,2
14,17,459.86,33.94,48.92,45.3,3.222,4.111,15.0,1
0,138,0.0,15.1,15.59,91.16,1.997,17.173,0.0715,3
0,221,12.7,14.5,14.43,95.01,1.128,29.733,1.3355,2
23,4,13.71,24.44,25.58,95.25,3.574,28.946,0.391,2
10,345,457.94,31.05,46.84,52.89,3.585,30.645,15.0,2
20,179,45.97,18.52,19.52,96.04,1.463,30.028,1.1507,4
18,215,230.51,19.27,26.62,70.85,2.189,27.539,14.6118,2
0,103,9.69,19.21,19.31,89.52,1.736,4.887,3.2944,1
6,258,206.99,24.74,31.31,76.21,5.978,29.483,5.1153,4
18,249,208.78,24.22,31.57,73.95,1.567,29.325,12.7258,2
11,309,579.88,31.59,48.83,35.37,3.777,29.667,15.0,2
15,300,457.81,30.17,44.72,48.41,1.311,30.858,9.49,4
7,227,329.62,20.14,30.25,66.68,4.913,28.968,15.0,2
5,10,0.0,24.72,25.04,90.83,3.727,27.783,0.4713,2
8,257,413.07,25.58,38.94,57.69,3.027,31.189,9.3067,4
0,103,16.03,16.3,16.82,93.46,1.227,16.359,0.3373,3
8,129,528.74,22.87,38.57,55.17,3.549,30.655,15.0,2
18,290,136.64,26.16,30.58,80.31,2.681,27.449,8.9095,2
8,208,542.07,24.46,42.41,57.65,1.082,15.647,15.0,3
17,220,344.09,21.85,33.16,63.8,2.637,29.365,15.0,2
14,165,905.05,22.7,50.24,37.49,2.757,30.594,15.0,0
11,313,588.37,32.18,50.36,32.18,4.272,31.707,15.0,2
1,170,24.52,15.19,15.37,94.85,3.181,26.937,0.9933,2
12,120,939.83,24.8,53.52,30.83,2.889,31.495,15.0,4
14,92,729.04,24.93,47.62,38.47,2.589,29.712,15.0,2
6,279,151.63,22.65,28.28,70.46,3.556,30.901,9.9701,2
18,362,123.95,27.27,30.67,77.5,1.557,28.826,6.9732,2
11,280,698.07,29.04,49.68,34.32,2.827,31.715,15.0,0
22,225,23.84,16.73,17.5,94.66,3.41,3.911,3.2856,1
6,112,193.0,22.0,28.01,79.0,3.09,29.039,5.026,4
4,202,0.0,15.05,14.91,98.37,3.409,28.311,0.9668,2
5,176,10.44,16.85,15.98,90.6,1.662,28.268,0.0922,4
7,360,205.8,31.7,38.61,67.24,3.16,28.437,12.0001,2
2,284,10.79,21.04,21.87,93.07,5.611,28.286,0.0222,0
7,28,202.56,26.01,33.76,69.08,5.659,30.311,5.5496,4
21,268,7.53,19.25,18.43,99.56,1.227,16.774,0.2452,3
9,175,710.33,20.45,43.88,42.77,5.898,20.072,15.0,3
23,245,1.37,17.33,17.1,96.6,0.879,17.406,0.0307,3
18,309,115.9,26.82,30.35,75.77,3.794,29.339,7.1839,2
6,203,222.18,20.59,27.9,77.12,3.186,30.425,13.2263,2
2,361,6.03,24.89,23.93,100.0,5.42,29.433,0.8712,2
22,356,0.0,25.21,25.68,95.61,1.282,28.509,0.084,2
22,177,0.0,13.25,14.32,95.31,2.514,29.458,0.2803,2
8,301,329.16,30.43,40.25,60.69,2.453,28.877,12.3318,0
2,4,5.28,26.56,26.68,91.73,1.16,28.843,0.0411,2
6,85,192.31,22.36,28.64,77.04,0.875,28.453,11.694,2
20,227,8.48,16.58,17.8,96.27,0.484,28.252,0.0744,4
5,219,3.9,17.59,18.67,81.5,1.381,29.57,0.6816,2
9,148,727.64,22.14,43.62,42.0,2.119,28.887,15.0,0
6,211,233.68,21.51,29.31,77.48,3.913,30.556,13.6329,2
18,252,201.26,20.85,25.64,77.59,3.423,29.007,13.3747,2
20,110,0.0,18.86,18.89,97.51,2.156,18.769,0.2999,3
8,279,380.74,25.38,38.36,58.69,2.829,4.491,12.2728,1
9,51,463.27,28.98,43.55,42.95,0.912,28.94,11.3985,4
9,166,773.12,21.08,44.48,45.51,4.022,30.448,15.0,2
1,179,0.0,15.93,17.5,95.3,3.717,18.301,0.0308,3
21,345,0.0,23.77,24.42,92.6,2.731,17.575,0.0,3
3,136,7.08,17.6,17.19,93.42,0.546,29.614,0.3695,4
8,329,295.48,29.71,39.4,60.51,5.63,28.933,15.0,2
21,256,14.89,16.49,17.17,88.4,5.162,27.412,0.7223,2
14,228,785.48,25.05,50.29,37.92,2.285,30.116,15.0,0
16,85,385.98,26.17,37.63,62.3,2.029,29.563,15.0,2
23,98,17.23,15.14,14.68,93.18,0.537,29.747,0.1978,2
8,313,301.12,31.34,41.83,59.02,7.902,29.101,15.0,2
1,137,41.59,16.41,19.14,95.95,1.844,30.897,1.5119,2
23,139,5.16,13.46,12.39,96.04,1.491,29.72,0.0,2
10,206,867.48,21.16,49.62,35.43,0.706,30.391,15.0,2
6,266,192.42,20.33,26.24,76.24,6.138,28.333,12.315,2
22,30,14.59,23.3,24.38,91.82,2.436,29.483,0.6461,0
3,351,0.0,23.74,23.94,95.32,4.46,4.761,2.2494,1
16,193,512.77,17.85,34.31,54.81,3.251,30.226,15.0,0
3,333,45.45,24.37,25.77,88.47,2.991,5.254,2.9325,1
20,91,14.11,20.0,20.53,93.61,0.911,4.007,0.6903,1
19,263,3.31,19.68,20.14,89.59,2.682,28.041,0.4947,2
4,125,0.0,17.16,18.27,89.88,4.171,28.461,0.0543,2
3,240,0.0,16.54,17.36,93.61,6.453,28.69,0.6309,2
1,181,0.0,13.48,14.06,93.75,3.782,27.549,0.0,2
22,41,13.13,22.37,23.52,93.41,0.891,15.036,1.0723,3
2,88,17.18,18.8,19.16,100.0,3.709,29.675,0.6786,4
10,20,440.02,32.52,46.59,42.96,2.676,31.605,9.859,4
1,360,12.34,24.7,24.69,94.66,3.051,30.269,0.0,2
4,188,1.86,14.58,14.92,98.51,3.348,28.333,0.015,2
11,52,616.42,31.73,51.56,31.38,0.696,30.456,13.4883,4
22,104,5.09,15.48,15.69,95.66,2.849,29.051,0.1085,2
21,174,31.0,13.91,15.65,99.07,2.291,26.677,1.771,0
22,146,0.0,15.42,13.96,93.48,2.463,29.378,0.8621,2
21,361,27.27,24.15,23.54,93.46,4.539,26.851,0.7414,2
4,148,0.0,18.44,18.98,91.51,2.006,28.489,0.2324,2
12,73,785.98,29.1,52.05,32.7,1.652,31.467,15.0,0
5,172,0.0,18.67,19.29,87.05,1.645,17.392,0.6651,3
18,354,112.53,30.37,31.79,78.16,5.827,29.208,6.2667,2
7,66,255.35,25.28,33.64,63.33,1.466,28.238,15.0,2
19,174,2.95,16.62,15.98,90.63,2.043,27.672,0.0,2
19,348,0.0,25.07,25.53,88.61,4.867,17.207,0.3686,3
4,186,0.0,14.11,13.17,92.09,6.173,29.283,0.013,4
3,110,4.23,15.28,16.0,92.27,3.558,28.338,0.0347,4
18,38,124.61,26.57,31.0,77.37,0.899,3.538,7.3304,1
19,289,4.96,22.08,22.18,85.07,1.251,29.151,0.6317,2
13,73,683.96,29.37,50.8,36.1,1.233,30.617,15.0,2
21,200,16.9,14.82,13.82,94.06,3.012,27.934,0.0017,2
23,247,4.12,14.0,12.51,97.39,2.114,28.092,0.1213,2
20,257,0.0,22.8,23.23,92.17,4.465,28.275,0.2978,4
10,288,556.23,28.13,45.71,41.93,4.776,30.495,15.0,0
17,258,301.56,22.39,30.91,70.25,1.088,28.655,15.0,2
17,81,298.99,23.51,32.49,65.24,4.511,29.287,15.0,2
18,83,202.03,21.69,28.37,77.86,4.316,30.142,11.5581,2
5,98,17.69,22.24,23.32,90.32,3.837,29.169,1.0999,2
5,88,17.97,20.94,22.0,85.62,1.163,28.476,1.3083,2
8,141,564.61,21.33,39.39,49.25,3.631,29.509,15.0,0
3,61,20.55,19.81,20.36,91.79,2.237,30.303,0.9871,2
19,262,0.0,22.65,21.85,88.22,1.633,30.847,1.0211,2
19,339,0.0,28.72,29.06,88.02,2.941,28.772,0.0512,2
17,241,323.04,24.74,35.18,70.15,1.823,29.574,15.0,2
4,169,0.0,11.58,10.27,92.98,2.866,27.384,0.1405,2
20,58,10.88,20.72,21.36,93.1,1.105,27.842,0.0137,4
9,24,389.17,33.11,46.28,49.04,1.086,28.373,8.9444,4
13,244,846.55,24.57,51.0,34.42,3.716,30.518,15.0,2
22,6,6.61,23.64,22.67,98.08,4.249,26.239,0.4816,2
5,17,34.45,26.8,28.05,84.38,1.944,27.167,2.0367,2
14,314,486.52,33.62,47.85,43.14,1.844,29.477,15.0,0
2,201,5.75,14.6,15.23,97.94,3.038,29.853,0.0,0
6,321,129.41,26.14,29.42,82.84,2.349,28.97,3.5321,4
6,318,164.52,25.5,29.76,78.62,4.945,15.66,6.4079,3
18,252,159.84,22.07,26.08,79.46,5.056,29.158,7.0987,0
16,295,334.64,28.84,39.75,56.93,1.087,30.43,8.2201,4
9,328,366.61,31.26,42.92,48.23,0.747,18.126,13.9066,3
9,9,353.91,29.63,40.32,47.84,4.658,29.764,15.0,2
13,130,916.82,23.08,51.92,26.16,0.968,29.255,15.0,2
5,15,6.08,25.51,26.05,92.31,3.636,27.514,0.1917,0
16,258,449.97,26.08,39.62,58.89,0.57,29.118,15.0,2
17,258,256.89,23.09,31.09,64.19,0.452,16.704,11.0246,3
10,25,476.4,32.15,47.24,45.7,5.526,29.239,15.0,2
15,353,342.35,33.95,43.86,50.6,2.303,28.333,15.0,2
19,53,6.92,20.37,20.34,92.36,2.556,5.879,3.0147,1
2,87,2.04,17.63,18.36,92.25,3.104,27.371,0.8242,2
4,281,0.0,17.18,16.62,95.57,2.929,30.219,0.1004,2
21,226,9.59,16.79,16.74,100.0,1.238,6.228,0.5687,1
7,99,318.48,24.63,35.76,66.64,1.538,30.066,8.2322,4
12,327,542.98,31.21,47.29,40.38,2.529,30.341,15.0,2
6,41,133.56,23.95,28.57,77.23,1.758,17.053,5.685,3
14,113,806.47,23.0,47.75,38.89,1.666,29.398,15.0,2
15,126,667.28,23.27,43.4,49.37,2.002,29.304,15.0,2
5,206,11.64,19.89,20.84,88.82,4.126,28.573,0.8631,4
1,316,8.49,21.16,22.34,100.0,4.803,28.961,0.5388,0
1,78,4.73,17.94,18.94,94.27,1.801,29.195,0.0366,2
21,38,31.88,21.94,22.72,95.37,6.509,27.72,1.6599,2
15,110,623.41,27.31,46.26,47.98,1.841,30.207,15.0,0
0,233,11.7,19.83,20.82,97.32,3.487,28.602,0.5834,2
7,214,349.81,23.73,35.05,68.09,1.419,30.404,15.0,2
0,218,0.0,18.26,18.26,96.0,4.479,28.137,0.0,2
12,241,905.28,27.33,55.97,34.83,3.024,29.543,15.0,2
16,38,313.64,30.56,39.19,56.67,2.897,29.173,15.0,2
1,174,7.45,15.15,14.91,97.13,4.551,29.667,0.6621,2
21,33,10.5,23.26,23.96,90.51,4.103,29.734,0.7713,0
10,127,800.64,22.26,47.78,37.93,0.394,3.843,15.0,1
15,258,557.7,25.51,42.64,45.61,3.038,30.316,12.666,4
12,30,567.59,31.85,49.63,31.15,1.6,29.254,13.012,4
2,353,0.59,24.3,24.74,89.79,4.502,28.136,0.04,2
9,126,652.13,25.59,47.45,44.99,1.47,31.345,15.0,2
5,184,0.0,18.2,17.66,92.86,2.157,27.156,0.3626,0
6,240,207.83,21.24,26.88,77.81,4.692,20.192,6.9598,3
9,267,552.19,25.68,43.51,47.18,3.4,30.573,15.0,0
3,28,0.0,23.48,22.73,94.46,1.816,30.068,0.0,0
10,140,885.47,24.84,51.71,35.59,3.175,29.721,15.0,0
2,183,0.0,13.75,14.16,91.99,7.035,28.651,0.0525,2
22,94,22.65,17.59,17.41,93.0,3.432,28.836,0.6638,0
9,26,397.54,28.12,41.42,50.51,2.533,4.152,15.0,1
18,85,190.53,21.9,26.79,75.6,1.404,28.434,10.318,2
19,106,9.67,19.83,19.26,93.65,4.855,29.237,0.0086,2
8,28,286.05,30.16,40.0,58.55,3.701,28.512,15.0,2
3,181,0.0,14.58,14.77,91.1,2.578,27.963,0.0,0
8,182,567.58,18.98,37.61,56.67,0.564,28.418,15.0,2
10,328,437.35,32.12,45.75,46.35,3.516,29.219,15.0,2
5,29,3.57,24.69,25.8,87.29,0.865,28.22,0.5562,2
13,98,843.06,28.17,55.56,32.39,2.562,30.481,15.0,2
9,136,675.91,23.23,44.2,43.08,2.698,30.421,15.0,2
11,255,809.9,27.61,53.19,31.88,1.526,28.287,15.0,2
7,161,354.32,20.25,31.42,69.89,3.5,5.333,13.0561,1
7,167,372.93,15.95,28.83,65.35,1.558,31.022,14.742,0
7,18,204.42,27.92,33.5,72.4,1.905,30.16,11.825,2
8,128,477.36,21.19,37.23,51.7,1.015,30.333,15.0,2
18,104,187.6,22.48,29.12,79.33,5.258,28.208,7.8579,0
3,249,12.41,18.43,18.48,96.66,2.879,29.206,0.0428,2
10,225,799.41,25.75,51.81,37.94,2.604,30.458,15.0,2
9,138,716.02,23.09,45.41,46.99,1.56,27.602,15.0,4
2,164,4.79,12.36,12.01,90.49,0.683,27.655,0.4053,4
13,136,982.49,24.6,54.88,33.5,1.188,3.277,15.0,1
0,99,12.66,16.54,16.31,99.59,3.351,27.08,0.1339,2
0,243,1.33,16.83,16.57,91.13,1.644,29.364,0.0,2
2,305,0.0,19.88,19.98,100.0,1.539,29.125,0.0475,2
20,147,0.0,13.65,14.18,92.48,2.214,31.32,0.0548,0
11,361,478.14,32.26,46.39,48.63,0.753,30.755,15.0,0
3,168,8.91,14.7,14.86,98.99,0.986,28.535,0.485,2
3,11,27.82,23.0,24.51,97.9,2.537,30.725,0.902,4
21,273,30.93,20.6,20.05,93.34,3.764,29.486,1.123,2
12,42,612.74,31.84,52.11,31.84,0.366,19.533,15.0,3
13,348,530.85,30.94,48.73,39.42,5.864,29.48,15.0,2
7,237,338.24,22.55,31.65,63.36,0.84,28.274,15.0,2
19,355,0.0,25.84,26.63,91.51,2.804,29.139,0.0068,4
7,202,372.46,23.09,35.98,64.44,1.761,4.941,15.0,1
15,177,716.9,24.11,45.76,40.02,1.33,29.806,15.0,4
17,242,318.43,22.5,33.29,65.55,2.601,28.09,8.8339,4
0,203,17.62,12.76,12.55,93.28,6.366,28.329,0.2293,4
0,165,0.0,15.64,16.56,94.28,2.491,30.069,0.4089,2
18,232,198.92,20.14,26.01,76.77,1.91,3.767,12.3725,1
12,34,593.28,31.98,50.3,36.33,1.924,32.565,15.0,2
9,13,373.43,33.06,43.24,50.63,1.352,3.946,11.8673,1
17,58,247.42,26.93,33.39,66.08,3.865,4.08,8.2241,1
3,48,0.0,21.21,20.07,97.49,3.45,27.513,0.0352,2
11,290,659.93,31.79,52.98,33.89,1.514,17.265,15.0,3
7,354,181.43,30.87,36.66,67.88,4.683,27.95,12.1292,2
1,266,3.42,19.63,18.18,94.68,4.084,27.606,0.6499,2
9,232,635.08,27.23,46.81,46.98,1.435,29.95,15.0,2
20,116,8.01,16.65,17.87,93.7,2.618,30.641,0.5042,2
23,271,0.0,19.77,20.33,92.89,2.341,29.909,0.2179,2
7,58,263.42,24.79,33.67,65.83,1.515,28.985,7.3802,4
17,363,178.87,26.94,32.81,66.36,3.931,31.16,10.1572,2
18,258,202.98,20.86,27.58,75.78,3.032,29.356,12.2011,2
16,279,379.55,26.5,38.71,53.4,1.943,27.958,15.0,2
15,214,695.45,19.76,40.36,45.33,1.805,30.392,15.0,2
18,40,136.51,27.37,31.39,84.68,1.541,28.3,9.7752,2
6,33,157.7,27.43,32.2,76.49,4.841,27.457,8.8001,2
18,107,199.13,19.97,26.39,80.26,2.226,19.318,7.9093,3
18,343,96.98,29.27,33.41,76.1,4.635,28.547,5.9939,2
18,98,153.78,20.87,23.28,79.21,4.322,30.926,6.2012,0
10,294,551.38,30.46,48.12,34.89,7.397,29.469,12.7245,4
14,159,887.47,23.11,50.13,40.03,2.566,30.797,15.0,2
12,131,977.52,25.46,56.2,25.2,3.62,29.038,15.0,2
21,316,3.93,22.93,22.89,97.53,2.165,28.677,0.0,2
1,279,6.26,20.43,19.67,96.87,4.222,28.134,0.0,0
18,271,210.28,20.2,26.68,76.36,1.983,28.578,5.5341,4
2,202,16.36,17.66,18.12,95.46,3.684,29.365,2.0074,2
11,205,972.43,22.27,52.77,31.51,2.738,30.107,15.0,4
7,338,218.47,28.61,36.16,64.85,2.341,30.541,7.4129,0
8,144,517.64,18.76,35.48,55.93,2.508,31.043,15.0,2
7,65,229.36,23.8,32.66,65.32,0.313,29.991,13.1253,2
6,151,261.81,17.37,26.38,79.22,0.299,29.747,9.2722,0
17,301,204.6,26.48,31.3,66.23,0.642,29.173,12.3956,2
3,211,13.84,12.17,11.39,92.3,1.837,28.264,0.4079,4
14,162,893.74,23.08,50.15,35.01,3.595,29.901,15.0,2
2,181,2.68,13.22,14.53,93.62,1.301,30.661,0.0351,2
20,357,0.0,22.47,24.0,92.11,4.262,29.8,0.0,4
13,216,921.49,25.55,52.78,27.53,1.984,30.47,15.0,0
11,213,945.04,23.61,52.61,34.11,2.981,30.094,15.0,0
1,265,13.2,18.51,17.66,92.33,2.951,30.065,0.1553,2
9,6,353.8,33.0,43.54,49.44,2.355,28.091,15.0,2
8,363,306.96,29.71,38.86,59.25,3.431,29.811,7.8928,4
9,4,367.52,33.67,45.1,46.86,5.117,29.42,14.1591,0
1,182,6.8,15.06,15.07,96.44,5.146,27.138,0.2792,2
6,342,121.77,31.11,35.12,81.45,6.096,28.981,3.0164,4
10,159,911.3,22.17,49.45,34.86,6.083,30.452,15.0,4
21,336,4.34,23.57,22.58,92.38,3.478,29.01,0.2996,2
14,188,887.24,23.99,51.62,40.6,3.839,29.345,15.0,4
4,215,0.0,17.45,16.78,94.03,3.695,28.673,0.0142,2
16,157,543.8,20.09,37.52,46.89,1.702,31.488,15.0,2
13,193,984.47,23.75,53.84,26.46,2.485,30.159,15.0,2
2,72,5.73,20.34,20.53,88.41,1.721,4.536,0.0,1
6,210,252.89,20.81,29.76,75.61,5.788,3.962,15.0,1
15,164,742.67,22.29,45.58,47.38,2.807,30.078,15.0,0
21,74,0.0,21.33,21.52,98.54,2.902,29.764,0.0184,0
15,357,353.93,31.25,42.42,51.53,1.352,29.241,15.0,2
17,92,300.37,23.28,31.93,63.22,5.401,27.523,12.5218,0
3,327,7.43,23.27,23.37,94.09,1.855,29.755,0.0349,2
22,320,21.17,23.63,24.55,95.65,5.439,29.492,1.0987,4
13,191,977.05,24.7,55.83,30.95,3.147,17.669,15.0,3
11,92,805.87,27.04,52.6,33.29,4.65,29.753,15.0,2
18,115,201.33,21.64,26.84,74.55,3.098,28.178,12.4177,2
7,294,234.4,25.01,32.13,73.16,2.513,29.511,14.1091,2
15,144,726.81,20.94,43.05,43.27,2.997,17.59,15.0,3
23,323,0.0,22.53,22.22,95.39,1.991,28.282,0.0029,2
12,80,798.55,26.32,50.82,35.47,4.1,31.899,15.0,2
7,181,364.3,18.82,29.59,64.79,2.609,17.458,14.7264,3
0,93,0.39,21.47,22.32,84.61,5.457,18.316,0.0,3
1,248,32.05,18.21,19.19,90.39,3.621,30.569,2.4731,2
5,146,0.0,17.05,17.01,90.52,2.39,29.393,0.1241,2
15,118,637.65,22.9,43.62,44.62,3.281,31.773,15.0,2
12,302,621.92,33.0,53.34,38.16,4.51,16.663,15.0,3
6,216,210.33,19.12,26.15,74.94,4.37,28.364,8.9426,0
7,212,367.81,21.48,32.75,71.32,2.581,30.217,9.1177,4
4,132,10.12,13.81,14.54,91.81,0.821,29.086,0.7073,2
18,321,120.58,26.05,30.28,77.67,2.907,28.672,7.5078,2
21,216,5.36,16.62,17.55,96.36,1.861,29.05,0.2525,2
4,357,0.0,21.64,21.45,100.0,1.408,28.661,0.3816,4
19,183,26.83,17.87,18.6,87.65,3.042,28.677,0.5018,2
17,239,311.41,24.18,32.46,59.73,0.845,28.309,15.0,2
1,122,29.47,19.76,20.55,95.69,4.954,28.599,0.6266,2
11,213,990.43,23.75,56.4,38.11,5.303,4.75,15.0,1
0,98,14.84,17.9,19.3,100.0,1.22,28.316,1.2042,2
17,202,394.09,21.77,33.5,63.36,1.467,31.949,15.0,2
17,105,334.55,25.0,35.31,68.73,1.674,30.047,15.0,2
5,10,0.0,26.56,26.24,89.4,5.269,30.168,0.5048,0
4,55,10.18,22.24,21.82,95.58,2.036,29.779,0.0152,4
12,42,652.98,31.73,51.82,35.65,2.455,4.614,15.0,1
18,121,197.87,20.73,27.0,77.31,1.637,29.137,12.7373,2
0,13,0.0,24.6,25.64,93.51,2.58,28.473,0.1682,4
5,196,0.0,19.09,20.44,87.64,1.412,29.199,0.0,2
20,261,0.0,20.79,20.66,93.64,1.631,27.35,0.0448,0
14,298,531.28,33.11,50.25,47.66,5.383,30.875,15.0,2
15,244,593.42,25.04,43.31,49.46,4.99,28.533,15.0,2
7,301,202.53,31.66,37.36,69.48,3.037,28.523,12.0306,2
4,97,13.07,19.84,20.06,89.8,3.606,29.364,1.1307,0
21,38,0.0,22.84,24.29,95.05,2.631,27.654,0.3678,4
21,32,0.56,22.52,22.37,96.96,4.762,28.928,0.0,2
8,249,453.62,23.31,36.38,59.18,2.291,29.393,15.0,0
11,223,947.11,26.66,56.06,36.3,7.614,18.811,15.0,3
14,289,563.01,29.52,47.82,42.11,2.726,30.285,15.0,0
22,72,0.0,18.12,18.29,95.86,1.934,29.397,0.1934,2
23,286,0.0,17.21,16.73,93.95,0.976,28.159,0.4019,2
13,334,517.91,31.09,47.61,40.25,6.579,30.642,15.0,2
19,315,9.92,25.19,23.6,86.96,1.523,25.998,0.0,4
22,357,14.69,24.56,25.75,96.64,2.095,30.684,0.1417,4
16,334,262.4,29.29,37.8,58.19,0.716,29.347,10.8491,0
7,298,217.45,27.83,35.2,67.84,1.052,29.529,8.4515,0
15,77,571.5,25.49,42.56,47.44,1.27,27.716,15.0,2
13,166,1005.22,22.71,53.73,31.09,6.567,29.84,15.0,0
9,357,351.21,30.84,42.49,41.18,3.377,17.285,13.8314,3
21,186,1.08,14.31,14.28,96.32,4.669,29.053,0.0,2
1,193,0.0,14.05,14.82,95.49,1.816,27.7,0.0,4
7,261,318.9,23.37,31.74,64.89,6.507,30.445,15.0,2
15,108,624.14,26.24,44.78,48.48,5.987,29.697,15.0,2
18,249,182.04,23.57,29.65,73.84,2.775,27.469,11.263,2
11,139,955.02,25.63,56.09,30.96,1.231,31.384,15.0,0
22,166,0.0,13.05,12.81,97.13,2.869,30.693,0.0,4
8,33,292.33,30.11,40.55,60.7,1.79,17.702,10.6282,3
12,175,1020.04,25.62,57.32,28.62,4.741,30.134,15.0,4
3,111,0.0,17.62,17.49,92.57,4.554,27.993,0.2295,2
17,73,285.74,25.03,35.33,63.42,2.34,30.883,15.0,2
23,5,0.0,23.79,23.04,92.21,0.981,30.164,0.1494,2
10,182,895.66,23.16,50.51,33.89,1.604,19.95,15.0,3
1,363,4.46,23.93,24.18,99.81,2.612,29.049,0.0339,2
13,9,532.12,35.31,52.44,39.05,3.462,29.446,15.0,2
9,243,608.89,25.97,45.24,46.45,0.755,16.601,15.0,3
16,33,304.57,27.09,35.58,56.67,3.692,30.195,15.0,2
13,40,574.12,30.21,50.01,35.73,4.697,29.745,15.0,2
18,327,152.34,25.83,29.72,76.83,3.89,15.93,6.2559,3
0,341,0.4,24.33,24.11,97.37,1.065,28.268,0.0,4
10,152,880.29,22.24,49.43,33.93,4.706,31.316,15.0,0
0,176,0.0,13.71,14.3,95.81,3.16,28.568,0.0,2
12,355,540.09,34.78,50.49,41.39,4.456,28.59,15.0,2
2,310,8.13,20.63,20.43,95.86,3.878,28.174,0.1709,2
19,174,29.26,19.66,20.19,94.65,3.482,30.193,0.5785,2
1,168,0.0,13.39,14.3,90.56,1.762,28.856,0.1663,4
23,228,0.0,12.3,12.88,92.95,2.284,28.034,0.4363,4
10,124,834.3,26.74,53.21,35.1,7.073,31.081,15.0,0
19,209,0.0,17.82,17.26,92.56,2.217,18.579,0.0353,3
1,327,1.77,27.57,28.05,91.42,3.786,28.544,0.0051,0
18,242,207.69,20.81,27.77,76.94,1.381,30.408,7.6171,0
12,110,906.24,26.57,55.49,31.0,3.349,30.418,15.0,2
16,248,429.13,21.45,34.68,58.39,1.977,28.683,10.9026,4
3,148,2.17,17.69,18.2,91.96,0.796,17.878,0.3577,3
8,149,539.0,19.01,36.97,55.91,2.305,30.957,15.0,2
17,328,205.7,27.7,34.34,66.42,2.754,30.78,7.6594,0
4,144,48.77,14.72,15.71,93.69,1.625,28.442,2.35,2
4,61,0.0,20.5,19.14,99.59,2.58,27.932,0.0,2
5,307,0.0,23.76,23.88,89.37,0.951,27.593,0.2788,2
7,14,213.22,29.83,36.6,66.88,1.205,28.711,12.9264,2
8,347,265.97,31.33,39.67,58.22,1.671,18.194,10.9019,3
15,271,514.97,25.58,41.16,48.59,3.123,28.328,15.0,0
0,96,0.0,16.59,16.35,96.19,3.181,29.189,0.5785,2
7,108,333.39,22.18,33.27,65.12,4.382,29.301,15.0,2
14,270,640.16,30.77,49.77,40.95,1.339,3.915,15.0,1
22,144,10.61,15.57,16.23,93.27,0.982,28.757,0.7075,4
3,97,0.0,16.7,16.68,94.44,2.054,28.305,0.0,2
0,362,5.02,23.12,24.03,93.67,1.668,28.463,0.0,2
8,132,538.48,23.9,40.4,56.93,3.574,28.536,15.0,2
6,340,110.12,26.54,30.08,72.23,2.752,28.156,7.2865,2
9,49,442.01,27.47,41.41,49.25,3.059,29.886,15.0,2
17,236,341.45,23.15,35.21,64.01,2.779,27.834,15.0,2
11,360,535.98,30.93,48.04,38.8,1.998,29.84,15.0,2
9,49,465.42,29.23,43.14,44.51,0.55,29.885,15.0,2
7,201,390.72,19.54,31.91,64.06,2.317,30.611,15.0,2
1,354,14.96,24.79,23.53,92.47,2.726,29.188,0.0,2
12,164,1059.95,23.36,55.95,27.01,1.973,21.567,15.0,3
11,245,789.16,25.66,50.9,31.5,2.599,30.878,15.0,2
0,183,0.0,12.77,12.72,93.62,2.187,26.915,0.0722,4
15,240,621.52,26.49,45.52,50.57,1.535,29.182,14.4131,4
19,119,0.0,16.53,16.24,90.75,2.77,28.481,0.1963,4
22,42,43.75,21.29,23.32,90.97,0.406,28.068,2.8894,2
8,68,384.98,27.78,40.86,59.15,1.612,29.628,15.0,2
4,128,14.96,14.19,13.55,94.75,5.956,28.218,0.4882,4
15,268,547.34,28.53,45.6,42.57,2.914,30.122,12.7668,4
14,264,692.83,25.47,48.22,42.98,6.479,30.071,15.0,2
5,208,0.0,17.82,17.85,90.13,0.874,29.385,0.2121,4
15,232,623.84,25.46,44.14,46.01,0.411,30.963,13.9668,4
23,262,0.0,17.8,17.7,94.88,3.48,29.945,0.0,4
15,128,673.7,24.4,45.91,40.86,0.651,30.941,15.0,4
11,165,1013.05,21.51,52.85,31.52,2.407,30.631,15.0,0
23,265,0.0,17.71,17.15,96.55,0.864,16.532,0.0,3
10,192,872.72,23.53,50.87,38.42,3.119,30.518,15.0,2
6,321,136.3,29.28,33.82,80.54,7.2,28.732,7.8986,2
15,152,717.92,20.48,43.22,44.51,2.682,28.73,15.0,2
1,180,1.54,12.89,12.11,94.07,1.977,30.559,0.347,4
5,324,0.0,27.42,26.58,84.62,2.471,26.975,0.0,2
7,281,261.24,28.69,36.3,62.29,3.976,29.24,9.4744,0
4,214,0.0,11.46,12.56,95.2,4.052,29.208,0.4626,2
5,58,0.66,22.72,23.06,89.88,1.047,3.559,0.0298,1
0,249,17.85,18.88,19.25,99.07,2.388,29.597,0.1958,4
3,70,0.0,22.65,23.32,93.2,4.273,29.163,0.8061,2
16,9,265.57,27.91,36.52,60.97,3.633,31.111,9.9725,0
21,15,0.0,25.09,25.12,97.03,6.403,31.677,0.1438,2
7,243,347.44,23.02,33.85,64.5,4.072,28.662,15.0,2
15,105,632.31,23.43,42.15,43.27,1.396,19.593,15.0,3
12,85,814.62,27.37,52.45,34.7,0.847,31.24,15.0,4
19,286,2.49,22.71,23.07,88.58,2.791,27.42,0.4464,2
19,167,26.61,17.45,18.47,86.47,3.231,17.657,0.984,3
16,196,543.86,22.16,37.1,47.69,5.037,30.337,15.0,2
10,238,763.67,25.91,49.6,40.85,2.83,29.478,15.0,2
11,342,496.45,30.58,47.01,38.81,1.142,29.689,15.0,0
10,42,542.6,31.19,48.44,36.84,2.378,28.924,15.0,2
10,194,869.25,25.54,52.86,33.95,4.233,30.746,15.0,2
6,320,150.72,26.52,30.65,83.63,1.873,29.215,9.3741,2
16,83,451.53,25.89,40.8,50.67,0.938,29.881,15.0,2
4,210,0.0,16.78,17.22,89.26,5.379,30.972,0.6322,0
23,341,0.0,22.74,23.55,99.46,3.88,25.347,0.0,0
0,312,45.0,21.72,24.06,93.82,2.819,28.56,1.6872,0
8,50,328.8,30.07,41.49,61.56,2.938,4.873,9.3923,1
12,233,922.41,26.27,55.44,30.26,2.557,30.131,15.0,2
23,356,0.22,21.09,19.77,97.69,2.934,30.005,0.4785,0
19,10,0.0,24.52,24.94,86.41,2.053,29.404,0.0119,0
10,183,906.9,19.75,48.89,40.5,0.719,30.602,15.0,2
4,267,3.73,21.07,20.63,100.0,1.18,27.203,0.5432,4
1,213,29.63,13.15,12.09,97.84,3.154,29.711,1.5442,0
12,223,969.26,24.74,54.89,36.47,1.542,30.959,15.0,2
23,56,1.0,21.92,20.61,93.64,5.296,4.918,0.6889,1
19,231,6.79,20.25,21.19,90.18,4.583,28.868,0.0,2
0,214,0.0,17.84,18.19,95.57,2.168,29.477,0.4795,2
11,2,495.69,33.91,50.02,36.11,0.571,30.151,11.8079,4
10,269,640.5,28.59,48.05,42.95,6.351,30.229,15.0,2
8,346,274.46,27.16,36.77,57.59,2.3,16.669,11.1789,3
16,123,491.49,21.95,38.04,54.43,5.153,30.139,11.6881,4
15,110,593.74,22.84,42.0,48.29,2.938,29.318,15.0,2
16,45,350.45,29.7,41.16,56.04,2.89,28.748,14.1102,0
14,262,684.39,27.13,49.1,42.24,1.191,32.608,15.0,2
2,212,0.0,14.66,14.41,89.28,1.0,29.729,0.7663,4
16,57,349.79,29.73,41.09,53.89,1.344,18.234,12.7948,3
10,197,891.35,21.45,50.12,38.15,2.798,31.163,15.0,4
11,147,984.19,22.16,52.39,34.95,1.638,31.472,15.0,2
11,356,479.28,33.62,47.68,37.57,2.034,30.671,15.0,2
23,155,0.0,12.41,11.85,93.84,2.814,28.803,0.2278,2
12,108,924.21,28.52,57.4,32.72,1.518,31.508,15.0,4
14,106,776.33,25.27,50.0,35.49,3.296,29.975,15.0,2
18,346,115.53,28.61,32.61,77.29,1.613,28.371,2.8676,4
19,84,9.35,23.62,23.05,86.27,2.772,15.8,0.6644,3
6,167,208.8,16.97,22.78,76.01,1.881,28.267,14.0374,2
12,147,1033.77,22.81,55.38,27.41,3.206,29.442,15.0,4
7,336,232.11,28.55,37.13,71.34,2.463,16.33,9.7205,3
22,169,5.36,12.47,11.95,93.04,2.134,27.747,0.0799,4
20,358,0.0,24.12,26.14,96.23,3.434,29.537,0.0,2
23,25,17.42,20.03,19.92,95.48,2.292,29.0,1.4294,2
4,364,0.0,21.65,21.63,89.42,3.975,30.173,0.2468,2
9,166,690.75,22.69,44.0,44.78,2.26,30.439,15.0,2
7,59,241.1,25.59,33.86,69.73,2.784,28.636,6.1309,4
18,170,239.35,19.56,27.9,75.13,0.777,28.543,15.0,2
0,272,0.0,20.25,21.58,97.55,1.05,30.298,0.0,2
9,186,729.05,18.68,40.75,43.91,2.994,30.028,15.0,2
0,2,3.41,21.68,20.1,97.41,2.565,30.127,0.2156,2
3,322,1.99,23.81,22.87,92.44,3.435,16.158,0.0571,3
3,169,4.33,14.12,13.8,98.88,3.36,28.534,0.5442,2
20,343,32.49,25.49,25.4,94.59,6.676,29.366,1.5471,2
11,266,752.46,30.87,54.19,33.48,1.757,29.269,15.0,2
14,45,543.75,28.5,44.44,36.69,2.284,28.901,15.0,2
10,201,854.27,21.14,48.81,40.54,2.963,31.761,15.0,2
6,173,262.0,16.23,24.56,75.16,0.324,27.804,11.8511,0
12,95,832.63,25.75,51.8,33.73,2.694,20.908,15.0,3
5,230,0.0,17.23,16.92,92.21,3.471,27.988,0.2983,2
5,114,0.0,20.24,20.31,83.91,3.488,30.218,1.2705,2
21,275,37.48,17.72,19.18,98.98,4.145,27.761,3.3702,2
15,119,642.35,23.52,43.26,55.09,2.358,30.968,15.0,0
11,348,503.42,33.65,48.53,31.88,1.352,29.253,15.0,2
22,147,0.0,12.16,12.85,98.84,3.616,28.84,0.0,4
6,81,174.09,25.5,30.95,76.1,0.714,28.084,10.459,2
6,155,241.61,20.09,28.25,78.32,3.457,30.029,5.7338,4
3,128,18.4,15.85,17.31,96.17,2.007,28.542,0.1568,2
16,347,256.91,28.79,35.73,56.86,0.565,28.422,11.5272,0
17,58,264.35,25.78,33.87,65.15,0.817,29.892,15.0,2
19,33,10.87,25.61,24.78,91.11,0.741,26.884,0.2657,2
13,59,679.84,29.63,51.33,38.59,0.5,17.144,15.0,3
21,272,2.27,21.13,21.28,92.55,4.652,18.341,0.3961,3
0,295,28.03,22.35,21.81,92.43,4.034,30.4,1.0588,2
9,196,664.27,22.69,44.59,44.84,1.642,29.722,15.0,2
2,332,0.0,24.8,23.83,96.58,2.116,28.325,0.3993,2
4,270,14.96,18.55,20.39,95.25,2.281,29.38,0.8227,2
13,299,590.8,29.9,48.16,35.83,2.739,30.485,15.0,2
19,331,14.1,26.09,27.45,90.27,3.163,29.782,0.1909,2
8,284,356.02,24.88,36.85,53.46,2.374,17.462,14.6779,3
4,181,2.53,15.23,15.2,97.05,1.66,27.741,0.7696,4
5,110,9.05,18.68,18.78,88.41,4.405,29.465,0.2015,2
12,209,991.52,25.12,56.05,32.35,1.16,29.228,15.0,2
15,233,678.47,24.17,46.18,43.86,2.487,29.701,15.0,2
10,328,448.66,30.52,43.96,40.78,1.612,30.563,15.0,0
18,52,160.19,26.23,31.61,70.9,1.282,29.762,4.6565,4
13,220,924.38,25.99,55.41,28.77,6.086,30.022,15.0,0
3,18,18.14,24.76,25.68,94.65,2.142,26.991,0.9838,2
12,41,618.47,31.46,50.78,34.8,3.598,30.453,13.4109,4
2,263,0.0,17.85,18.61,91.26,3.258,28.575,0.1712,2
4,101,0.0,18.06,19.21,99.58,1.893,29.128,0.0,4
3,83,0.0,19.93,20.79,91.62,1.382,3.999,2.8908,1
12,77,766.91,28.38,51.84,35.33,4.632,30.464,15.0,4
22,2,0.0,23.97,22.87,88.65,2.552,18.517,0.0,3
20,27,4.57,23.17,23.65,96.55,2.749,30.075,0.012,2
4,129,1.0,16.23,15.3,100.0,4.63,30.694,0.2401,4
21,161,20.76,13.11,13.53,94.65,3.147,28.615,1.5279,2
21,178,1.88,15.63,13.62,99.41,3.482,28.481,0.3015,2
18,118,249.01,18.14,26.01,79.14,2.033,27.92,10.6589,0
16,96,427.43,26.88,39.31,53.31,2.115,30.264,15.0,2
10,253,723.16,25.6,47.77,44.19,2.527,31.047,15.0,4
16,217,507.17,24.08,40.01,58.18,2.49,3.573,15.0,1
23,223,3.38,13.37,13.81,99.74,3.796,27.673,0.0,2
0,23,0.0,22.26,23.13,95.59,1.412,29.078,0.0967,2
2,4,16.5,24.5,24.19,93.15,3.73,28.966,0.0,4
12,184,1038.45,22.93,55.89,30.69,1.587,30.763,15.0,0
22,138,10.02,13.02,13.3,92.71,2.019,28.375,0.0099,2
8,121,489.22,24.43,40.73,57.61,1.399,29.206,15.0,0
4,40,50.48,22.08,22.84,95.49,0.854,29.617,1.3326,4
10,321,458.21,33.08,47.23,39.84,2.862,30.627,10.5555,4
4,257,0.0,18.14,19.52,91.39,0.819,28.559,0.0,0
4,123,11.58,14.23,13.72,91.57,4.107,29.163,0.0026,2
12,269,752.7,28.76,54.05,34.79,2.035,31.495,15.0,2
23,235,0.0,15.88,17.06,99.19,3.966,28.642,0.0,2
22,220,23.84,16.84,20.02,96.01,1.387,17.351,1.5567,3
18,131,235.87,18.84,25.39,76.17,5.908,28.686,6.2053,4
19,62,18.52,20.87,21.42,93.05,2.928,25.641,0.0,2
6,273,167.83,24.55,28.24,75.19,1.504,28.795,10.6064,2
8,44,327.73,28.01,38.59,62.17,0.676,29.998,13.1325,0
17,107,333.68,20.97,29.9,68.41,3.208,12.897,15.0,3
1,291,4.49,19.58,19.34,91.46,1.644,28.505,0.0,2
19,284,5.43,22.12,21.74,96.27,2.785,28.179,0.0256,0
4,335,1.88,20.4,20.57,93.12,1.163,28.843,0.4569,2
14,139,830.77,22.88,48.08,39.18,2.115,30.516,15.0,2
9,333,361.63,32.4,43.34,54.41,8.361,28.795,14.0133,0
21,321,15.57,23.58,23.46,98.97,2.867,29.575,0.472,4
18,54,128.92,23.37,28.9,74.81,1.311,17.759,6.6811,3
16,340,267.38,32.48,41.34,59.02,5.435,29.511,15.0,2
17,342,198.36,30.52,37.78,69.61,1.818,28.741,5.0752,4
2,235,0.0,15.22,15.74,91.1,2.052,29.446,0.0248,0
7,35,208.8,30.96,36.86,63.28,2.389,31.25,11.7454,2
8,243,471.9,24.64,39.34,62.5,2.713,28.997,11.7466,4
1,93,20.67,19.23,18.09,91.64,3.061,28.667,0.9003,0
6,328,131.39,24.65,27.97,85.82,1.879,30.524,2.9552,4
1,173,0.0,12.79,12.63,96.6,2.62,28.555,0.0,2
15,350,358.8,31.38,42.45,50.63,1.802,20.11,11.0836,3
3,204,0.0,17.6,17.06,95.77,2.531,4.415,0.0,1
19,214,31.04,19.08,19.0,85.46,4.666,4.476,0.6547,1
17,219,332.32,19.56,30.01,68.12,1.813,29.531,15.0,2
15,162,764.76,23.4,47.75,46.59,3.869,30.163,15.0,2
7,334,199.42,30.06,36.26,67.89,0.424,29.854,11.4604,2
14,7,444.79,32.28,45.55,46.04,3.295,29.476,10.1075,4
23,148,0.0,11.73,11.75,96.99,1.969,26.888,0.4744,0
21,326,0.0,22.27,21.32,95.14,2.689,28.456,0.3488,4
19,59,11.84,21.43,22.48,87.82,6.032,30.68,0.0064,4
17,91,280.51,24.92,34.3,69.15,2.851,30.521,15.0,2
6,311,124.52,29.24,32.4,78.93,2.35,29.437,5.2059,0
21,320,5.99,20.98,22.52,96.0,0.729,28.665,0.5797,2
13,326,525.26,34.65,51.61,35.6,6.136,31.411,15.0,2
17,317,245.73,29.83,36.55,65.57,2.09,29.871,13.431,2
9,322,406.27,29.12,40.59,42.98,0.367,19.217,13.3903,3
14,84,688.16,28.84,51.06,43.17,2.023,5.152,15.0,1
6,30,148.07,28.23,32.66,79.85,0.234,29.735,8.404,2
10,207,845.95,23.34,50.35,34.95,0.64,29.619,15.0,0
2,162,8.47,12.61,13.31,91.09,0.874,19.076,0.0,3
13,46,608.81,31.01,50.6,37.16,4.545,30.934,13.5254,4
2,281,0.0,23.31,23.28,95.24,5.173,30.722,0.0002,2
3,266,19.82,17.3,16.35,93.53,2.494,29.635,1.0117,2
3,30,6.76,23.75,23.95,95.6,4.33,29.422,0.0,2
10,168,878.44,21.35,48.51,36.27,2.253,28.357,15.0,2
19,128,12.99,18.87,20.23,86.26,5.095,27.888,0.6133,2
19,328,3.59,28.34,29.23,87.71,0.589,29.424,0.479,0
6,58,129.98,26.56,32.38,82.53,3.298,29.774,8.7348,2
13,196,991.11,22.63,54.34,29.29,0.713,31.705,15.0,2
12,290,696.35,29.91,52.29,30.4,2.216,30.103,15.0,2
1,98,20.83,15.48,14.86,98.19,2.144,17.955,1.3102,3
15,364,372.98,31.26,43.63,50.69,3.487,31.334,15.0,2
23,326,5.37,21.21,21.8,100.0,5.308,30.208,0.0625,0
23,104,3.69,12.07,11.92,91.07,0.166,3.449,0.0,1
12,32,600.96,31.98,50.18,38.21,0.762,30.756,15.0,2
17,211,379.4,22.36,33.68,66.65,3.275,17.807,14.4293,3
23,82,0.0,17.86,18.78,95.69,3.208,29.543,0.2502,2
23,89,2.29,15.07,14.72,96.44,0.76,28.525,0.0,2
18,168,263.92,18.75,27.84,76.73,2.416,29.13,6.9015,4
2,72,5.99,20.76,21.36,94.51,3.665,29.207,0.0502,2
6,330,150.21,28.29,33.7,77.4,4.084,28.864,8.7364,2
2,280,17.42,18.8,18.55,98.9,2.821,28.667,0.7755,0
5,353,16.49,24.15,24.71,85.28,0.756,30.022,0.4381,0
1,311,4.67,23.86,22.66,98.59,4.361,29.631,0.0521,2
1,244,21.21,18.57,16.73,94.76,5.226,27.689,0.2968,2
6,161,221.44,15.99,22.86,80.31,2.011,30.812,5.852,4
5,160,0.0,21.38,22.22,86.6,2.189,26.422,0.3792,2
13,348,492.89,28.5,44.84,36.11,2.276,30.583,11.1507,4
12,64,709.42,29.96,52.68,32.54,1.823,29.983,15.0,2
0,101,16.16,18.14,18.17,94.06,1.304,18.063,0.9795,3
13,349,513.48,32.8,50.04,37.02,0.864,31.524,10.781,4
10,69,618.84,28.81,48.08,39.83,4.549,29.903,15.0,2
4,47,7.5,20.93,22.18,94.96,1.54,29.099,0.0388,2
14,179,896.74,21.78,49.55,37.67,2.156,29.434,15.0,2
7,8,179.06,29.65,36.09,70.03,1.093,28.861,4.2527,4
23,187,0.37,12.33,12.88,100.0,1.197,30.208,0.0,0
16,48,318.62,26.64,37.21,59.79,1.722,29.266,15.0,2
21,358,32.16,23.84,22.7,97.89,3.235,28.846,0.3027,0
18,10,117.21,25.32,29.16,81.88,3.15,28.652,8.2546,2
3,156,0.0,14.97,15.74,97.59,1.317,27.693,0.4986,2
11,91,783.65,24.41,47.69,36.48,1.331,30.568,15.0,2
1,59,2.7,21.27,21.27,97.92,1.107,28.095,0.35,2
