hour,day_of_year,irradiance_W_m2,ambient_temp_C,panel_temp_C,humidity_percent,wind_speed_m_s,power_W
14,17,495.07,32.26,46.93,41.33,1.959,806.76
21,134,13.58,13.04,13.84,96.58,1.432,5.93
7,65,229.36,23.8,32.66,65.32,0.313,399.32
14,211,829.98,26.79,52.82,37.29,2.284,1325.17
9,191,758.04,24.73,48.27,39.68,0.709,847.45
17,135,374.89,21.27,31.92,65.28,0.916,650.11
1,167,0.0,14.48,15.87,91.58,0.597,0.0
17,277,257.39,25.15,33.65,64.28,2.669,171.11
8,347,275.17,32.2,39.7,55.42,1.992,493.77
2,231,0.0,17.56,17.61,98.27,2.399,11.22
2,292,18.57,21.17,20.81,91.07,4.067,3.69
3,28,0.0,23.48,22.73,94.46,1.816,0.0
19,79,0.0,23.97,23.49,87.45,1.54,6.28
17,46,213.99,30.85,38.53,64.32,2.694,389.24
16,349,269.03,31.36,39.15,59.78,2.614,444.93
17,18,193.98,26.81,33.07,67.74,0.778,333.14
15,300,457.81,30.17,44.72,48.41,1.311,300.49
6,75,175.96,22.38,26.67,76.64,1.445,278.2
4,133,9.35,14.83,14.1,95.14,5.279,23.99
21,166,12.57,13.81,14.87,93.98,4.642,52.74
11,2,495.69,33.91,50.02,36.11,0.571,368.02
3,362,0.0,26.19,27.07,96.0,2.002,3.7
2,155,2.63,12.64,11.87,97.11,0.54,4.3
10,14,497.68,29.55,44.68,42.41,3.215,800.01
4,169,0.0,11.58,10.27,92.98,2.866,6.32
0,325,14.56,21.83,22.8,91.5,1.215,16.58
13,365,507.78,31.19,47.33,40.28,0.711,322.27
21,302,0.0,23.82,23.48,91.81,4.197,11.57
18,188,212.03,17.8,25.3,76.12,2.793,417.14
18,101,235.09,21.6,28.86,78.23,6.2,286.05
16,146,557.47,23.06,42.15,49.2,2.642,389.4
6,233,199.53,18.55,24.54,75.49,3.602,137.92
15,65,500.65,30.45,44.86,52.43,3.706,555.84
18,121,197.87,20.73,27.0,77.31,1.637,364.35
13,257,820.22,24.98,49.76,34.25,2.544,911.43
4,46,9.29,23.08,24.54,94.63,2.201,26.62
12,28,596.3,31.4,49.19,39.63,3.269,659.71
8,112,487.32,23.43,38.31,53.49,1.888,850.23
5,170,36.59,15.27,16.89,85.17,0.967,22.47
12,102,867.38,26.61,54.17,32.75,3.523,144.73
1,363,4.46,23.93,24.18,99.81,2.612,5.58
0,63,10.82,21.49,22.54,100.0,3.993,6.62
23,56,1.0,21.92,20.61,93.64,5.296,21.36
5,247,0.0,20.36,19.7,87.71,4.32,19.86
14,213,839.78,25.17,52.2,38.0,1.484,562.01
10,140,863.6,22.42,48.74,39.69,2.265,960.11
9,342,372.0,30.71,43.31,47.1,0.613,635.76
3,90,9.42,17.1,16.75,98.46,2.458,11.78
5,88,2.83,22.34,21.87,89.2,1.731,1.77
2,254,1.69,16.49,16.18,90.34,0.305,0.0
0,269,12.81,20.13,21.41,96.68,2.52,0.0
6,33,123.48,25.32,29.62,78.31,0.51,220.13
23,220,7.16,12.88,12.76,94.55,4.282,23.66
4,335,1.88,20.4,20.57,93.12,1.163,3.48
8,76,376.93,24.92,36.61,55.28,2.74,453.05
1,147,0.0,12.76,12.5,93.29,2.034,0.0
23,29,46.16,21.58,22.27,96.23,0.824,101.02
17,187,382.5,21.34,34.68,68.79,3.235,270.21
3,197,0.0,15.05,15.02,90.26,1.404,0.0
0,353,1.73,25.09,25.2,100.0,3.579,0.0
7,230,324.75,23.59,33.62,65.88,2.402,252.75
6,288,208.89,28.22,34.95,81.56,1.553,127.0
10,11,444.48,32.88,45.79,37.29,2.422,279.71
23,282,12.61,20.4,21.06,97.14,0.585,33.51
18,168,263.92,18.75,27.84,76.73,2.416,197.42
6,169,276.97,16.66,24.79,74.32,4.999,218.24
13,230,895.2,26.08,53.86,33.08,1.631,1404.73
6,199,267.28,18.82,27.8,74.63,1.26,284.75
18,217,209.83,19.2,25.48,74.05,3.349,250.66
4,285,10.14,21.52,21.55,93.95,1.56,7.49
14,324,500.3,30.35,45.03,43.94,3.74,573.71
20,256,10.78,20.78,20.15,93.83,2.468,7.08
13,166,1005.22,22.71,53.73,31.09,6.567,1075.93
17,97,249.47,22.15,29.13,66.29,3.632,467.61
11,221,938.0,27.11,56.1,30.82,3.458,1011.62
9,54,440.85,27.73,41.19,53.39,3.7,313.51
13,15,536.79,30.92,46.68,33.74,1.122,613.74
16,29,265.75,30.69,39.46,59.35,2.16,180.21
1,265,13.2,18.51,17.66,92.33,2.951,3.16
9,63,472.79,28.35,41.24,56.35,2.385,319.03
14,136,850.62,22.21,49.8,42.05,4.789,1405.98
20,325,4.18,21.86,22.94,89.61,2.082,0.0
10,330,484.48,31.81,46.08,42.47,0.377,814.32
10,131,817.25,22.39,47.43,36.62,4.408,564.91
10,294,551.38,30.46,48.12,34.89,7.397,379.42
14,63,578.7,27.69,45.89,40.2,5.254,972.12
21,81,0.0,20.63,20.91,99.51,2.409,0.0
19,10,15.94,26.46,25.89,91.06,0.572,19.32
2,284,12.54,20.51,20.73,91.42,3.698,0.0
20,210,34.84,16.38,17.63,89.24,3.54,12.49
10,105,797.42,25.71,49.55,34.47,1.197,1278.93
12,355,540.09,34.78,50.49,41.39,4.456,857.61
12,316,587.07,32.6,51.24,36.18,4.674,930.79
20,287,5.05,24.45,24.26,90.7,2.558,24.73
7,152,370.57,20.62,32.61,61.45,3.837,296.55
4,297,29.07,22.56,24.84,93.15,2.83,0.39
19,96,5.34,22.44,21.74,87.33,2.837,0.0
2,176,10.88,15.5,16.12,88.84,2.4,50.44
8,20,294.66,30.59,40.42,55.78,0.674,197.04
13,243,863.47,26.35,53.48,32.09,2.344,1414.09
1,240,3.3,16.48,16.31,91.24,2.675,2.47
15,314,406.62,31.89,43.89,48.03,2.413,691.17
2,110,2.47,17.08,17.53,99.6,1.87,8.73
7,295,237.1,31.04,38.84,65.09,0.243,169.22
16,179,550.36,20.75,39.02,51.81,3.429,374.17
6,119,209.02,21.73,28.72,77.87,2.699,391.04
7,347,234.99,27.32,35.12,65.98,4.717,174.85
11,340,503.22,30.19,46.22,36.46,1.425,814.1
6,328,131.39,24.65,27.97,85.82,1.879,72.85
19,182,6.95,15.85,15.73,82.36,0.685,17.96
13,54,633.83,31.91,51.25,34.55,2.175,453.01
3,362,0.0,24.39,25.26,99.35,1.434,43.88
20,93,7.26,17.0,16.72,99.21,2.89,0.0
2,20,32.78,25.42,25.85,91.64,5.014,33.74
1,169,0.0,14.24,14.27,92.16,3.453,17.44
16,313,297.09,29.87,39.54,57.79,1.671,500.04
3,354,6.01,24.87,26.46,95.43,4.24,13.54
7,11,188.14,30.74,37.42,66.52,2.882,338.9
13,190,972.13,22.9,53.01,31.63,0.933,1549.07
11,63,674.07,31.59,51.15,33.75,1.214,1094.23
1,34,0.0,22.88,22.98,95.71,1.465,8.48
13,2,496.11,34.39,50.61,40.7,2.169,354.75
14,299,534.36,30.83,47.36,43.31,2.126,885.32
22,143,7.92,13.1,13.27,97.42,1.837,6.01
18,130,210.98,19.19,25.01,74.8,1.0,156.53
23,64,0.0,20.83,20.59,100.0,2.038,0.0
3,112,6.46,15.76,15.33,93.09,0.676,2.58
8,282,334.84,29.43,39.86,55.14,2.688,569.71
22,168,14.49,13.5,13.9,98.87,4.55,2.12
9,35,405.65,29.57,42.32,47.77,2.473,302.72
11,211,934.92,22.7,53.36,24.77,3.568,621.75
6,33,157.7,27.43,32.2,76.49,4.841,237.96
3,215,6.88,16.19,17.21,95.35,4.724,26.25
20,215,15.62,18.19,19.29,97.24,2.646,7.79
5,186,2.68,17.07,15.58,87.35,3.391,11.04
23,245,4.6,13.96,13.73,97.2,4.193,29.94
5,10,28.12,26.74,27.68,89.02,1.323,32.04
22,225,23.84,16.73,17.5,94.66,3.41,28.33
15,128,673.7,24.4,45.91,40.86,0.651,471.38
16,319,313.12,30.63,40.28,56.74,0.969,213.59
22,161,7.17,14.96,16.82,94.14,3.585,36.6
20,5,33.53,24.62,26.37,92.69,2.099,45.54
15,353,350.34,31.74,42.45,43.96,2.006,276.5
9,311,425.03,30.55,45.23,45.8,2.345,485.86
5,210,11.68,14.5,14.67,88.42,3.811,23.91
15,290,493.4,28.46,42.16,45.37,0.119,578.13
0,56,11.37,24.01,26.21,94.0,2.626,9.25
7,40,226.21,29.16,36.1,59.43,5.924,388.28
14,113,795.72,22.26,47.09,37.42,4.918,1262.36
17,306,209.65,26.52,33.02,61.14,2.107,238.7
22,279,31.61,18.63,18.69,96.5,3.975,13.73
17,123,329.71,20.48,30.41,64.94,0.722,404.36
13,196,1014.91,21.71,52.76,33.85,0.727,1623.43
16,249,462.32,24.67,38.01,59.0,3.403,784.01
14,342,462.78,33.17,46.44,40.79,1.758,322.79
11,280,698.07,29.04,49.68,34.32,2.827,762.7
20,46,21.06,25.8,26.34,98.85,2.342,0.0
21,58,7.46,20.69,20.86,91.81,1.443,0.0
21,28,32.61,22.27,23.13,89.47,1.306,8.29
5,300,0.0,22.94,23.84,92.16,2.352,4.97
6,85,192.31,22.36,28.64,77.04,0.875,338.15
20,248,6.8,18.31,18.29,90.13,1.584,15.5
20,142,15.51,15.73,16.39,92.84,1.0,31.26
5,143,11.16,17.44,18.63,90.09,1.759,36.85
3,89,12.14,18.07,18.15,94.72,3.508,29.59
20,277,10.98,19.17,19.05,95.27,3.607,0.0
22,197,0.0,15.26,14.77,88.47,2.062,0.0
11,269,749.98,27.12,49.5,32.55,2.987,482.54
1,152,1.86,12.11,11.68,95.59,2.812,9.03
23,4,9.38,21.85,22.9,93.98,2.488,2.13
6,328,148.58,25.68,30.64,79.36,3.143,99.35
4,125,0.0,17.16,18.27,89.88,4.171,0.0
12,7,513.88,32.3,49.49,40.23,1.912,562.7
18,249,182.04,23.57,29.65,73.84,2.775,321.73
23,288,5.63,19.89,18.87,93.47,4.065,11.88
3,148,2.17,17.69,18.2,91.96,0.796,10.38
16,149,553.75,18.95,36.8,62.61,3.419,970.55
1,82,5.79,18.92,21.03,94.6,4.2,0.0
21,165,0.0,13.49,12.12,94.42,3.826,0.0
10,219,831.85,23.47,49.21,33.42,2.947,1332.51
2,200,5.33,14.31,14.93,96.18,3.026,35.54
9,84,565.84,26.15,44.12,43.24,2.555,619.39
13,211,915.38,24.54,51.52,35.19,2.807,1483.62
17,166,385.14,18.25,30.24,68.42,1.948,714.18
8,243,471.9,24.64,39.34,62.5,2.713,353.07
8,8,264.24,26.78,35.27,52.5,1.869,419.77
12,151,1044.22,23.88,55.6,32.35,1.772,1639.94
2,106,8.94,18.28,19.01,92.99,1.776,0.0
3,202,47.78,15.5,16.18,91.63,2.566,72.7
11,98,807.64,23.55,49.02,30.14,1.534,1352.27
12,235,909.01,23.82,52.8,29.83,1.568,1470.0
6,144,222.77,18.6,24.12,77.6,4.651,35.27
17,187,369.26,17.79,27.95,65.07,4.607,671.63
17,233,297.51,24.13,34.22,61.63,0.686,211.86
20,44,14.72,27.82,28.12,94.75,2.715,0.0
1,240,6.81,17.49,16.66,94.47,0.964,17.36
1,310,0.0,19.99,18.87,93.38,1.374,0.0
14,98,703.6,25.79,46.92,41.28,2.603,1136.13
18,251,156.57,22.75,27.83,74.41,2.601,265.83
9,64,479.93,29.19,43.95,52.69,0.364,814.52
12,53,691.09,31.48,53.22,35.75,2.989,1086.04
10,93,722.57,26.32,47.68,39.06,1.902,1189.28
10,258,699.27,27.52,49.55,45.96,4.044,1132.84
23,344,10.35,22.7,22.08,92.77,2.165,0.46
7,237,338.24,22.55,31.65,63.36,0.84,587.15
17,168,365.69,22.85,34.19,65.99,4.564,627.11
23,170,5.53,10.95,11.66,95.38,5.686,20.28
0,234,0.0,19.75,19.74,98.4,0.961,5.55
16,116,481.59,25.54,41.58,60.68,1.366,830.73
23,343,0.0,20.54,19.78,96.13,1.709,0.07
6,12,103.29,29.45,33.85,77.62,2.809,175.59
0,254,5.49,17.52,17.94,88.45,2.233,14.22
6,276,159.24,26.07,32.83,78.05,3.337,137.93
6,44,178.34,27.22,32.88,76.52,1.617,218.16
21,39,0.0,22.91,23.5,91.51,2.303,20.43
11,147,984.19,22.16,52.39,34.95,1.638,1580.61
0,278,3.75,20.83,20.84,95.75,5.2,8.86
5,114,40.22,22.36,23.0,88.81,1.065,43.85
6,252,182.84,21.64,27.34,78.63,2.431,127.24
8,216,513.29,19.41,35.48,51.5,3.176,94.01
3,310,0.0,22.4,23.2,93.78,1.569,0.0
19,20,6.11,26.33,27.0,89.02,2.126,0.0
11,66,708.31,32.54,54.23,31.67,0.933,102.68
20,316,0.0,25.66,25.51,93.34,1.894,0.0
19,133,0.0,18.42,18.69,94.19,3.388,0.0
17,58,240.82,28.09,35.78,66.2,4.965,405.72
16,52,361.36,27.27,38.31,59.82,1.87,241.16
23,307,0.0,17.75,18.74,100.0,1.65,1.48
12,4,531.08,32.78,49.52,34.58,3.142,875.01
15,186,720.18,23.8,45.37,45.82,4.878,1205.11
2,233,0.0,18.63,19.25,100.0,1.534,9.42
1,11,0.0,23.17,24.04,95.2,2.627,15.08
19,78,16.36,22.98,22.66,93.42,4.24,6.89
16,89,450.38,25.34,38.83,50.9,3.944,316.74
19,184,0.0,16.14,17.21,92.49,2.941,40.28
23,155,0.0,12.41,11.85,93.84,2.814,18.25
0,307,0.0,23.24,23.35,91.03,3.167,26.11
7,175,369.73,19.47,30.8,58.21,2.77,277.08
9,49,465.42,29.23,43.14,44.51,0.55,776.87
18,164,272.78,16.84,25.17,75.19,3.391,457.93
6,334,117.29,26.08,30.0,77.89,3.551,132.6
8,48,314.11,27.98,37.4,52.61,1.665,527.85
16,194,543.29,21.19,39.8,48.06,5.185,412.04
12,47,640.77,29.69,50.75,33.36,1.928,444.19
16,340,287.37,31.36,40.3,62.11,3.708,31.11
4,26,0.0,24.04,23.87,94.46,0.415,6.83
20,138,0.0,14.13,13.64,92.31,3.426,0.0
6,104,204.67,22.32,26.85,77.94,0.827,38.68
19,272,9.8,21.8,22.35,90.86,2.385,9.71
12,266,757.36,28.65,52.09,32.56,5.64,1223.94
7,18,204.42,27.92,33.5,72.4,1.905,356.89
6,108,234.36,20.61,28.16,80.3,1.397,49.88
3,171,11.62,12.95,13.3,96.46,1.843,24.11
18,360,100.95,29.61,32.17,77.84,6.457,106.57
16,157,543.8,20.09,37.52,46.89,1.702,940.04
18,112,213.55,22.52,29.61,76.61,3.433,252.26
13,81,722.21,30.62,53.4,37.28,2.792,1191.13
12,274,762.0,27.76,49.89,33.38,4.889,1222.07
15,1,399.24,30.43,42.13,50.68,0.908,667.34
8,186,558.71,24.44,42.11,53.08,2.244,377.71
12,14,558.61,30.18,45.79,34.92,3.803,397.63
13,241,835.18,26.68,53.67,35.74,1.715,1351.33
10,296,566.85,33.04,50.45,41.2,5.576,901.47
19,231,0.0,17.47,17.32,89.65,2.849,10.66
15,106,608.94,25.84,45.57,46.91,1.025,1016.2
20,207,21.35,16.46,17.13,94.82,2.308,33.97
14,287,588.58,29.29,48.37,40.35,2.189,958.75
18,107,199.13,19.97,26.39,80.26,2.226,169.55
22,39,1.35,20.41,20.02,95.3,3.507,17.78
10,321,458.21,33.08,47.23,39.84,2.862,325.41
2,34,23.6,23.76,25.17,94.13,6.046,21.15
15,129,663.65,21.1,42.18,44.63,1.13,107.67
19,38,12.01,25.75,25.53,94.63,0.967,6.51
9,361,386.44,32.57,43.65,51.4,4.013,631.22
21,137,22.37,16.94,16.6,89.9,0.829,48.91
8,232,491.48,22.86,38.42,52.34,2.774,546.98
10,74,620.14,28.41,48.13,38.37,5.423,408.97
19,95,0.0,20.66,20.86,87.58,3.071,4.55
13,334,523.17,30.98,48.44,38.41,2.498,332.19
1,36,5.91,21.94,22.21,96.96,3.14,26.61
9,296,449.7,26.76,41.18,42.88,3.949,744.84
11,85,771.97,28.42,53.34,35.06,3.056,1240.56
3,118,0.84,16.52,15.51,96.23,3.1,2.07
13,256,769.2,27.0,50.84,28.51,1.992,873.51
7,51,232.46,26.37,34.59,68.55,0.691,389.22
20,342,0.84,24.7,24.39,93.93,1.751,20.11
12,34,593.28,31.98,50.3,36.33,1.924,958.97
13,239,844.26,25.83,51.28,29.1,1.36,1348.63
13,73,683.96,29.37,50.8,36.1,1.233,1114.1
13,30,581.79,30.2,48.21,36.24,3.53,952.02
11,340,502.73,32.12,48.72,32.24,1.71,545.99
1,307,15.01,23.61,23.8,100.0,1.061,0.0
23,251,0.0,14.67,14.9,99.98,5.37,0.0
1,134,0.0,15.87,15.56,93.47,3.165,0.0
17,211,360.92,19.81,30.71,63.09,2.226,280.16
3,251,25.44,18.82,18.48,94.68,0.895,19.43
5,181,21.84,16.76,16.46,88.96,1.226,12.79
6,344,167.81,28.76,32.54,83.73,2.331,97.45
18,353,133.7,27.47,31.45,82.03,1.116,152.56
18,174,262.88,19.39,26.77,76.45,7.486,308.82
5,310,17.33,23.95,26.23,91.92,2.216,39.74
21,16,3.99,24.1,24.21,95.13,0.708,2.54
0,264,0.0,18.57,18.46,94.31,1.228,0.0
4,81,0.32,20.28,21.66,97.07,4.359,33.59
10,293,574.86,31.13,49.78,40.69,1.248,403.35
10,147,879.73,22.54,49.95,37.76,1.283,946.64
19,315,9.92,25.19,23.6,86.96,1.523,2.16
3,193,5.96,17.18,16.73,94.0,3.819,6.02
17,173,355.11,18.97,30.27,69.06,1.241,58.78
4,306,0.28,22.72,23.47,92.03,1.224,5.23
10,197,891.35,21.45,50.12,38.15,2.798,583.94
10,362,440.65,31.49,45.61,44.55,3.681,302.71
23,154,14.91,13.6,15.09,100.0,1.632,13.0
10,217,827.13,24.28,50.17,36.68,2.108,1328.34
20,140,0.0,12.64,12.9,95.49,4.028,32.82
19,350,0.0,26.45,27.94,90.47,4.629,6.99
14,158,897.62,24.9,53.39,30.65,4.335,624.04
6,58,129.98,26.56,32.38,82.53,3.298,271.64
7,134,369.83,19.44,32.17,66.69,3.07,663.71
19,84,9.35,23.62,23.05,86.27,2.772,28.33
0,290,4.32,21.99,22.82,100.0,2.097,1.36
7,63,268.53,25.35,33.12,63.12,3.502,186.31
15,279,517.54,28.54,44.69,43.83,4.509,69.65
21,155,1.87,13.69,14.44,93.82,2.322,18.41
5,318,0.87,28.37,27.52,85.81,3.078,11.64
16,14,296.35,28.5,38.55,55.03,0.753,484.8
20,47,16.76,23.94,24.23,90.6,4.884,0.0
15,14,378.95,28.98,38.95,46.1,4.9,255.04
17,100,286.08,22.27,32.84,61.92,1.532,527.12
3,210,14.79,11.78,13.19,94.3,1.019,3.32
19,330,33.91,28.1,27.59,82.98,4.669,36.14
0,4,0.0,23.04,23.69,93.08,0.975,0.0
21,133,8.98,12.25,11.76,96.45,3.967,12.13
21,280,16.6,21.97,22.95,92.83,1.787,23.6
21,100,15.34,19.56,19.12,92.71,2.8,1.18
9,345,372.16,29.33,40.16,43.7,1.212,584.38
22,241,15.98,18.53,19.75,93.08,3.049,0.0
15,316,399.45,28.71,42.37,46.45,2.184,276.28
21,240,1.19,20.08,20.96,94.0,4.358,0.0
14,215,838.75,24.12,49.26,48.28,0.698,547.92
6,2,97.63,27.07,29.95,80.85,2.196,171.4
11,220,906.1,24.72,52.81,32.56,3.21,1481.07
6,245,193.94,19.9,26.81,73.36,1.353,355.34
2,313,0.0,23.5,23.72,93.99,2.032,0.0
16,145,539.68,22.07,38.25,55.74,5.836,626.87
18,153,271.97,20.04,28.52,73.79,2.507,205.21
16,350,277.02,28.28,37.85,56.0,4.591,501.92
16,257,413.08,24.31,37.6,54.3,3.306,723.57
8,242,480.96,27.34,40.85,59.22,1.488,781.02
8,295,353.33,27.93,38.31,60.3,1.289,621.06
7,91,278.48,25.95,35.97,68.57,2.586,516.15
23,247,4.12,14.0,12.51,97.39,2.114,0.0
3,359,3.83,25.65,24.69,94.19,1.804,0.0
21,272,8.13,19.36,19.14,91.18,2.608,13.42
8,69,369.19,27.31,37.12,57.18,2.23,608.72
23,143,0.0,14.03,13.93,94.8,4.999,7.77
18,144,261.27,19.67,27.93,84.2,1.528,180.85
10,214,825.94,22.96,48.02,36.8,1.053,1336.51
8,353,270.4,30.63,38.7,55.56,2.339,190.9
17,157,361.86,20.65,31.84,67.28,3.135,248.22
17,167,377.69,20.25,31.97,69.64,1.4,674.2
18,309,115.9,26.82,30.35,75.77,3.794,222.92
5,343,13.79,25.99,27.15,89.39,6.143,12.21
4,22,17.61,25.36,26.09,95.53,4.236,0.0
0,135,0.0,14.62,14.23,98.61,1.179,3.44
8,141,564.61,21.33,39.39,49.25,3.631,628.72
7,59,241.1,25.59,33.86,69.73,2.784,184.83
6,249,210.06,22.46,28.63,77.7,3.726,330.17
6,248,183.48,22.54,28.3,79.12,2.113,345.87
21,74,7.28,20.47,20.58,94.81,2.883,21.02
16,266,388.31,24.94,36.16,55.54,2.466,658.6
3,18,14.9,22.41,21.07,95.59,3.708,4.86
1,229,6.62,19.5,21.19,95.05,2.29,17.59
0,345,0.0,21.95,20.75,92.63,2.392,0.0
10,131,845.19,24.6,51.17,39.49,2.055,150.91
4,159,4.58,13.76,13.48,95.6,0.963,0.0
3,125,0.22,15.88,16.42,91.51,3.971,15.27
2,4,5.28,26.56,26.68,91.73,1.16,2.69
12,109,925.1,26.57,55.82,30.84,2.217,1423.82
9,258,551.5,27.44,45.18,45.95,1.421,388.83
10,229,795.13,22.59,48.83,36.22,2.653,540.59
6,120,218.79,17.96,25.23,74.72,3.92,133.43
12,229,924.22,25.33,55.3,31.52,1.939,601.88
16,97,453.88,24.04,37.41,58.56,2.02,293.23
20,323,7.31,23.36,23.03,91.86,3.258,4.4
23,10,0.0,20.11,19.59,97.87,3.458,0.81
16,170,568.68,18.81,35.25,56.75,0.989,382.46
8,246,434.27,25.36,40.41,54.71,5.572,503.68
1,241,1.34,17.15,17.57,92.43,2.103,12.71
9,148,727.64,22.14,43.62,42.0,2.119,792.81
12,215,987.35,24.08,55.93,27.63,4.182,681.4
3,311,0.0,22.38,22.87,98.22,1.909,6.27
12,118,943.19,25.04,54.99,33.25,1.723,1497.91
23,187,0.37,12.33,12.88,100.0,1.197,14.95
17,91,280.51,24.92,34.3,69.15,2.851,519.31
7,122,359.34,21.33,32.42,59.88,3.143,603.3
13,191,990.49,25.1,58.04,31.52,1.741,1542.15
15,351,357.96,28.24,40.92,49.1,2.509,604.02
0,259,0.0,19.53,19.92,95.23,4.313,3.34
20,289,1.1,23.68,24.4,90.01,3.126,42.59
10,143,843.93,24.06,48.72,40.82,1.09,910.03
20,13,1.91,23.15,24.06,95.21,1.621,15.9
5,191,0.0,14.18,15.18,85.97,1.308,7.42
22,169,5.36,12.47,11.95,93.04,2.134,3.83
10,131,830.9,20.61,46.08,35.04,3.069,131.77
2,346,2.29,23.76,23.94,95.49,1.648,0.86
14,122,818.48,22.31,47.96,38.23,2.769,1336.15
15,110,623.41,27.31,46.26,47.98,1.841,711.7
0,313,8.95,20.21,20.22,88.86,4.616,0.0
9,104,605.73,23.99,42.66,43.24,1.87,1005.92
14,168,875.31,22.04,50.51,38.22,2.893,1460.72
11,188,1030.28,24.88,57.53,29.86,1.577,1582.07
4,133,23.91,15.5,17.42,93.47,3.03,33.46
13,77,739.95,30.02,52.72,37.9,2.859,815.36
1,321,8.86,24.42,25.21,94.09,2.922,0.0
9,6,381.47,32.05,44.53,45.83,3.946,52.51
20,146,0.0,16.79,16.66,96.4,0.845,7.15
17,319,222.42,28.18,35.68,67.18,2.864,342.86
6,93,211.49,21.92,29.73,77.41,2.167,243.6
11,99,812.75,29.12,54.33,33.9,1.846,516.28
7,132,347.51,23.98,34.21,67.01,1.476,609.52
17,79,246.57,25.25,32.5,64.29,3.153,456.9
3,222,10.08,16.46,17.14,96.29,4.411,18.11
1,318,0.0,20.41,20.18,93.61,3.6,6.18
12,225,940.09,24.58,54.29,27.28,1.358,161.1
20,357,0.0,22.47,24.0,92.11,4.262,0.0
11,213,945.04,23.61,52.61,34.11,2.981,1048.43
4,236,0.0,18.09,17.32,95.7,3.745,0.0
6,107,198.68,21.25,26.19,79.39,1.225,324.91
1,285,4.45,21.73,21.72,88.64,4.143,0.0
13,149,985.29,22.04,53.21,34.84,1.835,667.84
20,341,7.93,23.89,24.9,99.65,6.283,0.0
17,23,222.01,28.27,35.41,71.94,1.177,163.86
3,354,0.0,24.37,25.12,90.7,3.236,0.0
14,165,905.05,22.7,50.24,37.49,2.757,996.21
11,279,695.33,26.78,47.89,30.89,3.352,1115.56
10,69,618.84,28.81,48.08,39.83,4.549,1009.15
18,29,136.47,26.54,30.71,75.84,1.357,225.53
14,71,618.54,28.85,47.76,39.48,2.859,1010.92
15,14,376.8,31.51,42.58,52.13,3.954,41.23
4,160,0.0,14.32,14.12,95.56,3.4,12.86
20,95,2.96,19.76,20.53,95.45,1.298,2.37
0,207,0.0,14.56,14.67,95.11,3.32,0.0
23,203,46.61,13.47,13.86,95.59,2.529,41.2
9,291,480.86,30.57,46.49,52.05,0.311,539.51
22,352,16.51,24.16,25.07,90.83,2.88,0.58
16,64,401.82,30.19,44.18,61.06,1.473,686.89
22,170,12.53,12.63,11.98,100.0,1.12,15.49
14,70,630.47,29.35,50.41,38.46,3.838,1021.47
5,324,14.4,24.97,26.01,86.11,3.966,44.66
16,107,482.69,21.73,36.93,55.5,3.965,537.52
19,224,0.0,19.19,18.28,86.98,1.583,1.71
18,209,231.47,19.68,27.46,73.32,1.278,380.45
13,156,987.44,25.2,55.88,32.44,5.363,1550.74
11,294,640.37,28.03,46.89,36.41,3.513,1038.72
17,309,220.97,28.64,35.33,67.51,3.404,179.62
23,209,3.47,15.6,15.94,98.8,4.504,10.38
2,20,0.0,23.19,23.25,92.34,4.102,1.29
23,214,31.55,14.59,15.29,97.43,3.696,7.3
20,175,5.12,14.46,14.46,93.33,1.875,4.46
11,240,884.77,25.59,52.54,35.48,3.501,952.73
22,141,3.21,13.97,14.51,92.46,3.347,8.14
16,334,262.4,29.29,37.8,58.19,0.716,306.91
11,278,706.49,31.78,53.26,30.75,5.761,757.41
1,360,12.34,24.7,24.69,94.66,3.051,0.0
4,61,0.0,20.5,19.14,99.59,2.58,0.0
6,165,217.05,18.12,24.45,78.94,1.817,279.17
6,201,246.01,18.96,26.68,84.79,2.563,420.14
0,168,4.51,12.16,12.55,100.0,1.171,3.06
15,352,402.47,30.63,42.58,48.98,5.081,276.37
6,312,144.89,28.19,32.56,77.7,3.302,162.69
18,115,201.33,21.64,26.84,74.55,3.098,358.97
10,25,476.4,32.15,47.24,45.7,5.526,761.59
4,339,7.48,22.43,22.57,88.14,2.591,0.0
15,268,537.86,27.6,45.26,49.79,1.821,394.12
19,76,8.92,21.0,21.94,90.88,5.654,11.23
22,169,0.0,14.9,15.83,93.24,3.91,7.92
19,141,0.0,17.19,15.57,85.24,0.18,0.0
18,252,201.26,20.85,25.64,77.59,3.423,391.39
6,59,143.47,25.38,29.2,74.14,0.952,131.15
20,63,4.74,23.69,24.0,99.76,1.602,7.21
6,357,76.64,29.68,31.54,75.86,3.339,127.83
23,141,0.0,13.11,13.04,98.39,4.129,0.0
6,210,252.89,20.81,29.76,75.61,5.788,76.45
23,180,0.0,10.71,10.03,100.0,2.111,3.52
8,165,556.03,19.08,36.38,51.56,3.428,953.04
7,316,234.49,29.87,36.59,69.94,3.823,386.18
20,35,8.13,25.29,25.06,99.65,0.285,21.41
8,140,533.16,23.81,42.1,51.53,1.467,918.3
6,318,164.52,25.5,29.76,78.62,4.945,92.37
22,315,0.0,22.09,21.24,97.32,1.382,4.87
8,144,522.44,22.98,39.52,51.2,0.558,615.24
3,207,0.0,12.52,13.6,100.0,1.878,7.6
4,351,1.92,23.58,24.26,92.21,3.401,19.16
1,151,0.0,11.69,12.61,94.72,3.822,0.0
7,53,249.87,26.9,34.75,67.52,3.082,431.27
15,44,443.38,31.17,44.14,45.89,2.927,728.69
15,303,426.59,29.75,42.34,47.99,0.559,710.32
14,301,518.99,32.2,48.55,40.94,3.273,830.28
5,58,16.22,25.42,27.31,87.81,4.591,28.79
15,23,388.06,28.8,40.41,47.75,3.587,462.32
0,38,10.08,20.59,21.02,100.0,2.35,0.0
16,248,405.68,26.91,39.73,63.44,1.841,688.9
0,292,0.0,21.54,22.07,96.97,3.125,1.05
5,363,15.96,25.3,25.83,93.96,1.445,15.06
3,248,0.73,17.67,17.22,92.83,2.419,0.0
12,323,550.4,34.54,52.8,39.94,2.218,906.58
9,265,550.33,27.46,44.53,51.14,1.891,372.65
12,68,762.9,31.67,53.76,32.76,4.051,1204.76
12,160,1017.58,22.74,53.92,28.34,3.396,1088.64
23,323,0.0,22.53,22.22,95.39,1.991,19.77
13,135,973.78,26.94,58.61,26.33,0.983,1501.2
12,153,1047.62,24.75,56.81,26.23,2.088,1636.01
3,79,2.32,19.51,20.02,99.46,2.814,4.76
12,257,785.52,29.03,54.19,27.51,0.809,503.43
21,3,7.44,26.59,27.12,91.36,3.074,0.59
11,126,919.23,23.14,52.41,30.62,0.174,1486.43
17,315,202.56,29.89,35.8,66.53,5.851,352.22
0,260,0.0,20.07,20.17,95.86,3.604,0.69
4,101,0.0,18.06,19.21,99.58,1.893,20.24
8,163,548.86,20.76,37.72,58.0,3.21,589.9
6,321,129.41,26.14,29.42,82.84,2.349,120.41
3,309,7.43,22.66,21.35,94.84,1.945,4.93
12,184,1038.45,22.93,55.89,30.69,1.587,1139.6
3,153,42.95,14.27,14.81,95.72,6.157,32.33
22,328,44.02,20.37,21.3,95.3,3.286,54.21
14,74,685.11,28.27,49.27,33.12,1.899,470.19
19,92,0.0,20.49,21.12,81.06,1.134,9.87
0,347,25.91,24.52,25.53,93.69,1.162,24.37
12,61,692.11,31.09,52.68,36.07,1.951,1115.26
12,80,798.55,26.32,50.82,35.47,4.1,1297.64
3,151,0.0,14.09,13.75,99.38,3.991,0.89
0,187,1.21,14.08,13.4,95.54,5.402,3.58
23,9,0.28,22.87,23.84,94.03,3.651,0.0
19,263,3.31,19.68,20.14,89.59,2.682,16.8
8,163,551.13,22.77,39.58,48.09,1.66,376.66
10,238,763.67,25.91,49.6,40.85,2.83,1253.74
11,79,728.81,27.98,50.74,38.14,2.58,806.62
17,251,301.34,22.86,31.96,73.77,2.233,478.41
10,207,845.95,23.34,50.35,34.95,0.64,921.01
2,163,0.55,10.52,10.22,92.5,2.708,2.7
7,4,209.54,30.46,36.01,69.34,2.431,331.51
23,354,11.23,23.55,24.05,94.8,0.898,13.39
15,349,335.76,34.19,44.04,56.11,4.565,374.73
9,145,703.77,25.13,48.33,42.89,2.784,1164.0
1,167,19.42,14.57,14.88,92.72,0.998,7.92
18,274,162.81,23.48,28.48,75.55,2.283,106.14
19,128,0.0,17.22,17.31,92.5,6.541,0.0
4,155,3.18,14.98,12.2,96.59,3.976,23.57
7,202,332.8,18.38,27.8,70.97,4.097,610.63
23,140,10.77,10.18,11.69,96.51,3.548,11.54
18,286,166.86,23.56,28.29,77.24,0.482,308.04
23,87,7.39,13.84,14.6,99.55,3.47,0.0
1,122,29.47,19.76,20.55,95.69,4.954,21.73
13,130,916.82,23.08,51.92,26.16,0.968,1504.56
19,125,3.9,18.23,17.99,92.82,1.747,6.9
12,83,826.5,29.74,55.27,30.4,5.262,1305.86
17,133,379.13,22.5,33.37,66.71,2.28,628.83
23,25,8.52,21.63,20.86,97.73,3.831,0.35
19,348,0.0,27.28,27.07,90.25,0.853,6.78
5,278,0.0,24.46,24.69,93.43,2.198,7.82
6,309,168.36,28.05,32.58,84.29,3.876,293.84
7,168,387.07,18.61,31.3,69.25,3.532,250.57
1,210,0.0,13.69,13.19,94.98,1.967,10.11
23,57,0.09,18.79,18.56,94.49,7.316,0.0
11,177,999.32,23.53,56.41,33.69,1.61,680.03
13,3,552.93,31.67,47.36,41.25,1.797,570.73
7,291,252.52,26.86,33.25,69.66,3.18,294.96
23,269,0.0,18.34,18.56,94.36,2.802,12.41
18,258,202.98,20.86,27.58,75.78,3.032,355.71
16,88,414.76,22.82,36.3,60.79,0.892,461.07
22,194,1.65,15.7,16.36,92.83,2.088,0.0
6,336,136.13,29.76,34.19,78.95,1.229,97.84
5,335,8.36,27.15,27.52,87.17,1.652,21.29
5,148,0.0,18.88,18.6,87.86,1.182,0.0
18,317,153.42,26.1,30.79,75.72,1.496,247.27
1,141,0.0,14.06,13.41,99.85,2.501,2.5
6,132,217.37,22.4,28.2,73.89,3.127,172.39
18,102,209.55,19.06,25.28,72.58,5.07,398.52
5,202,23.98,17.86,17.49,88.19,0.847,9.68
18,151,253.52,19.72,27.93,74.24,0.639,443.05
1,136,0.0,15.35,16.11,94.01,5.37,3.62
5,325,7.65,27.13,28.36,85.79,2.199,26.59
3,213,0.0,17.04,17.08,96.16,3.838,0.0
10,7,461.66,34.19,48.34,40.26,4.291,109.25
3,333,0.89,21.47,21.97,91.5,3.426,0.0
12,40,611.31,31.65,51.17,31.27,2.017,418.44
3,233,2.6,13.78,15.66,93.08,2.566,0.0
0,344,7.15,24.75,25.15,94.61,4.253,14.66
22,138,10.02,13.02,13.3,92.71,2.019,0.0
20,255,0.0,18.26,19.24,93.03,1.353,4.32
6,269,184.01,22.74,28.55,78.64,2.703,302.17
13,100,855.25,28.29,55.41,35.67,0.053,1341.52
10,269,640.5,28.59,48.05,42.95,6.351,1056.09
16,256,427.2,24.83,37.31,53.42,1.657,311.11
18,217,217.61,19.41,27.24,76.21,3.892,413.09
23,137,21.66,12.14,12.43,98.34,2.691,0.0
6,167,208.8,16.97,22.78,76.01,1.881,418.74
9,267,544.31,28.88,46.31,47.88,3.573,879.8
5,111,6.37,19.64,20.01,83.6,2.148,9.03
4,272,0.0,18.69,19.2,96.78,1.605,0.0
13,278,699.88,30.96,53.36,37.95,2.052,1124.85
8,317,270.42,29.34,38.1,59.44,0.792,57.0
15,233,619.36,23.97,45.07,43.78,4.368,730.75
4,34,23.79,22.34,21.84,93.0,1.881,29.26
18,69,178.57,24.1,29.65,76.74,2.789,127.5
21,34,0.0,24.59,24.22,92.58,2.748,0.0
5,132,15.97,17.08,16.69,93.13,3.906,4.7
23,81,0.0,15.87,14.66,90.86,5.456,9.07
23,71,16.38,19.6,18.86,96.0,3.85,0.0
3,122,41.34,13.11,14.54,91.83,2.1,56.82
8,76,428.63,27.11,39.94,63.66,2.623,306.21
23,234,5.14,15.39,15.62,96.77,2.347,36.04
0,364,0.0,25.09,26.12,96.86,3.077,5.22
12,199,1019.95,22.32,53.39,30.63,1.679,654.26
5,187,0.0,20.34,20.17,92.31,4.697,0.0
7,25,206.63,27.66,35.06,69.21,3.506,42.94
16,81,424.5,24.85,37.49,54.83,2.646,297.89
10,29,486.33,30.94,45.93,41.42,1.573,542.0
16,295,334.64,28.84,39.75,56.93,1.087,239.64
21,273,17.26,17.82,18.78,96.92,0.131,6.97
10,194,869.25,25.54,52.86,33.95,4.233,1377.65
7,62,235.78,29.44,37.48,67.23,1.976,177.28
18,219,235.16,20.06,25.68,78.65,3.224,395.06
21,101,0.0,18.2,16.99,93.54,4.157,9.1
21,332,0.45,24.17,25.45,94.34,0.674,14.12
3,11,0.39,24.05,24.27,92.71,4.967,27.94
21,46,5.86,22.33,22.28,93.73,1.292,3.4
7,149,381.78,18.54,29.68,67.92,1.889,657.6
13,316,545.95,32.57,50.51,32.4,1.244,881.03
0,165,0.0,15.64,16.56,94.28,2.491,15.8
0,228,0.0,15.43,16.06,100.0,4.353,7.29
9,264,520.72,26.48,42.67,48.9,2.293,385.2
8,363,260.02,30.25,39.22,55.88,2.08,474.8
2,353,8.89,25.31,25.89,95.46,1.63,19.29
4,108,18.51,16.76,16.76,93.79,2.611,27.28
17,36,227.11,30.14,37.42,69.59,4.813,165.18
15,232,649.98,26.0,46.88,46.21,4.898,1062.31
20,220,0.0,17.71,17.29,95.27,6.193,4.85
15,115,626.38,23.55,42.76,47.9,4.626,723.7
4,251,12.25,16.95,17.43,89.82,4.777,15.75
18,110,199.46,22.23,28.21,78.08,5.668,361.9
3,81,18.67,18.8,18.12,89.35,3.759,27.07
20,110,0.0,18.86,18.89,97.51,2.156,0.0
17,186,383.42,17.84,28.92,67.51,2.7,656.87
20,257,17.96,21.85,21.97,95.79,4.139,13.06
5,208,27.66,16.2,15.91,89.17,2.206,9.67
4,330,0.0,24.72,24.6,97.94,2.483,0.0
0,193,0.0,11.92,13.7,96.69,4.338,0.0
16,201,554.93,20.95,39.65,56.46,3.191,954.1
2,140,3.08,16.13,14.97,95.19,2.928,8.96
14,309,505.07,30.65,46.8,39.3,0.677,838.75
16,190,539.46,23.22,40.44,53.89,0.982,615.31
10,157,887.77,20.61,49.18,37.62,1.223,1423.58
13,170,985.89,23.81,54.32,33.95,3.308,1055.81
9,65,481.15,29.83,46.44,41.42,4.206,319.33
23,117,0.0,13.5,12.57,89.77,2.939,6.24
23,104,39.32,15.84,16.5,94.04,5.937,31.25
17,107,333.68,20.97,29.9,68.41,3.208,217.44
15,69,504.55,27.04,43.7,42.71,2.489,832.82
2,57,6.77,22.3,23.78,92.85,5.135,6.71
5,219,3.9,17.59,18.67,81.5,1.381,20.27
0,66,17.16,20.92,21.19,94.17,1.851,8.61
6,279,139.9,24.46,28.34,79.35,2.323,247.66
8,42,345.28,31.25,42.26,53.93,2.12,584.05
19,10,0.0,24.52,24.94,86.41,2.053,12.89
22,265,31.15,19.53,18.96,94.09,2.889,19.54
10,322,455.89,32.57,47.15,39.32,3.563,776.67
17,82,293.21,26.97,34.97,69.19,0.93,184.77
21,298,0.0,22.05,22.02,96.02,2.181,13.53
20,343,32.49,25.49,25.4,94.59,6.676,64.02
15,136,687.62,21.61,44.4,46.39,1.833,495.51
2,275,6.39,19.38,19.83,91.93,0.78,0.99
14,264,692.83,25.47,48.22,42.98,6.479,1147.58
11,61,687.72,30.13,52.41,41.15,1.651,458.85
7,99,318.48,24.63,35.76,66.64,1.538,235.62
20,200,3.9,13.63,13.0,98.19,5.255,13.89
0,76,9.45,20.27,20.78,91.4,2.055,0.0
14,50,562.53,29.94,48.49,41.28,2.373,925.05
5,173,18.19,17.63,18.03,90.68,5.026,4.12
14,291,570.3,31.84,49.94,39.03,1.553,929.07
17,245,313.67,22.18,31.41,64.43,1.975,237.85
2,72,5.99,20.76,21.36,94.51,3.665,0.0
21,191,15.06,14.02,14.55,89.61,2.3,0.0
15,319,399.56,32.02,44.84,45.63,1.822,656.5
23,140,0.0,14.19,15.44,94.1,2.109,4.79
12,79,800.51,31.21,55.6,33.96,2.922,1289.74
6,220,219.91,24.25,31.53,77.81,1.926,156.31
6,76,165.81,24.95,30.99,77.65,2.488,305.5
6,237,206.72,22.05,28.04,80.21,1.162,333.6
10,73,607.4,28.48,47.08,39.93,4.068,114.26
6,117,209.51,19.1,25.75,73.43,3.096,147.22
21,200,8.81,13.97,14.21,95.36,5.139,3.5
16,46,347.07,25.52,36.23,55.33,2.042,241.56
18,298,140.27,26.36,31.29,73.58,1.905,96.96
4,274,11.36,21.11,22.66,96.33,0.7,39.3
15,113,608.31,23.81,43.82,45.53,1.206,1041.94
2,183,0.0,15.88,16.13,95.55,2.921,6.12
0,53,0.0,23.79,24.36,94.03,1.102,14.48
7,17,210.51,28.51,35.23,63.34,4.041,364.12
4,161,0.0,9.79,10.66,97.72,1.826,17.99
14,357,440.92,33.8,47.36,43.51,5.157,290.71
17,290,240.71,24.74,32.92,67.65,1.925,435.82
17,34,216.2,29.03,35.52,71.39,4.23,348.57
14,219,807.89,23.55,49.91,36.34,1.478,898.54
12,300,603.0,32.13,51.11,34.61,0.34,433.99
5,29,3.57,24.69,25.8,87.29,0.865,18.88
2,183,0.0,15.26,14.52,99.34,1.698,1.53
0,211,33.31,16.01,17.21,91.8,4.349,109.7
16,190,528.99,22.62,40.2,61.33,3.089,111.41
19,170,0.0,19.77,19.02,86.42,2.482,15.56
7,286,264.05,27.95,36.27,64.57,3.145,177.96
10,299,540.98,30.97,47.68,43.19,2.804,368.75
3,198,11.27,15.18,15.29,92.81,1.754,0.0
9,214,681.31,25.08,47.81,43.65,4.892,1127.76
8,72,411.37,25.2,37.5,61.25,3.671,660.05
10,12,445.61,33.04,47.34,44.32,1.512,86.34
14,159,887.47,23.11,50.13,40.03,2.566,1417.47
1,6,11.57,24.39,24.51,92.48,5.947,25.28
20,338,15.29,25.29,26.43,89.94,2.565,35.62
11,116,918.63,23.54,52.67,34.01,6.789,1455.65
6,254,194.01,23.03,29.34,71.88,4.197,138.15
3,161,4.98,14.65,14.12,95.73,3.373,0.0
0,323,14.95,22.23,21.5,95.7,5.407,8.48
3,72,0.96,18.81,18.24,91.01,4.146,0.0
7,236,323.86,25.1,35.89,61.59,4.577,256.07
4,357,0.0,21.64,21.45,100.0,1.408,11.01
2,297,0.0,23.03,22.68,100.0,1.584,17.77
1,15,5.15,23.74,25.03,96.93,1.631,5.71
7,322,233.98,29.39,35.45,63.52,1.22,384.23
1,160,2.78,15.75,15.56,93.58,3.609,2.33
8,151,537.7,21.99,39.62,52.84,1.669,379.03
12,233,922.41,26.27,55.44,30.26,2.557,1439.2
16,86,408.95,26.65,39.33,55.58,1.43,292.84
1,55,3.3,20.71,20.48,97.18,3.457,1.21
3,316,8.08,24.7,23.44,90.6,3.024,0.0
5,33,0.0,26.19,25.99,85.26,5.429,2.47
16,16,282.53,30.53,38.83,61.38,3.169,488.65
19,210,0.0,18.47,19.21,88.71,2.386,7.47
13,236,856.02,26.92,55.39,33.57,2.98,572.62
2,344,0.4,25.16,24.57,95.24,2.772,1.25
23,262,0.0,18.65,17.98,97.9,3.088,0.0
17,17,214.73,29.28,35.64,65.68,2.594,156.18
19,133,0.0,19.61,19.38,92.34,3.721,0.0
22,17,0.0,20.89,20.86,97.26,2.035,0.0
4,186,0.0,14.11,13.17,92.09,6.173,0.0
21,45,3.65,21.33,21.94,96.09,3.596,0.43
17,10,192.65,31.11,37.73,69.88,0.921,229.85
7,64,246.44,26.6,35.08,64.64,0.238,418.74
1,120,0.09,18.55,18.87,89.13,2.474,0.0
20,252,13.15,18.65,18.56,94.09,0.743,0.0
5,85,0.0,19.06,17.81,88.08,3.152,0.0
12,49,654.42,29.36,48.4,33.36,3.785,1042.9
10,140,885.47,24.84,51.71,35.59,3.175,960.35
8,263,419.88,27.66,40.06,53.47,7.812,284.52
9,114,613.91,27.08,47.45,45.8,0.398,451.33
23,360,7.98,25.26,25.82,96.51,2.032,0.0
5,31,2.83,28.12,28.71,88.25,1.113,0.0
21,266,10.25,20.34,20.37,95.11,3.006,31.65
7,17,205.06,28.73,34.93,76.61,2.848,218.19
18,53,145.68,24.14,29.42,78.15,1.462,260.07
22,292,1.58,21.49,22.8,100.0,3.673,0.0
6,160,203.81,18.84,25.35,71.95,0.489,133.9
12,355,493.42,35.93,52.9,41.25,2.492,805.18
12,336,551.87,32.7,49.51,32.78,1.767,886.85
21,337,6.57,26.94,27.06,96.27,2.983,32.91
14,261,687.84,29.39,51.31,41.99,1.028,481.84
21,273,30.93,20.6,20.05,93.34,3.764,13.78
20,310,0.0,26.9,26.75,95.04,2.316,0.0
8,356,261.96,31.86,39.04,60.74,3.809,183.36
17,44,253.51,26.62,34.62,72.42,2.918,178.91
0,241,22.8,18.46,17.54,94.3,5.87,25.76
3,162,0.0,13.78,12.56,90.9,1.383,21.33
2,281,21.44,19.04,21.0,90.93,4.555,29.47
7,275,277.55,25.07,34.38,65.74,5.257,465.32
16,341,283.72,31.69,40.4,63.13,3.75,493.09
21,89,18.14,20.81,20.74,97.54,1.195,38.67
4,118,4.3,17.09,16.63,94.34,7.283,0.0
20,216,15.54,19.23,18.21,93.71,1.45,14.04
12,17,587.53,31.53,50.56,36.47,7.362,650.44
11,313,592.03,35.95,53.5,39.9,0.434,664.81
8,225,491.39,24.85,40.52,59.94,3.391,333.54
12,246,833.42,26.86,53.71,33.03,2.236,1364.56
19,328,3.59,28.34,29.23,87.71,0.589,10.46
7,143,354.18,22.3,32.89,62.62,1.845,609.4
4,167,27.69,14.52,15.66,89.32,0.236,45.0
15,27,386.02,26.76,40.31,51.28,4.397,51.63
15,139,731.0,24.28,45.96,42.66,4.011,799.4
7,236,306.12,22.34,30.95,65.15,2.059,383.19
17,117,342.2,20.25,30.8,63.85,5.464,63.04
11,304,621.13,31.77,51.33,37.77,2.924,987.9
20,147,0.0,13.65,14.18,92.48,2.214,6.85
5,312,3.73,25.37,25.77,89.86,4.683,16.72
13,49,611.19,28.31,47.5,36.31,1.637,967.15
10,126,811.42,21.81,47.36,39.1,1.727,1322.92
23,265,0.0,17.71,17.15,96.55,0.864,1.25
15,292,462.13,28.29,42.15,47.22,2.135,764.79
17,243,319.97,24.92,35.93,66.49,0.841,213.06
12,248,872.6,28.82,56.19,35.16,3.45,1361.19
22,225,0.0,17.19,17.03,91.63,5.866,0.49
4,364,0.0,21.65,21.63,89.42,3.975,16.04
0,266,0.0,18.97,18.74,93.37,4.084,10.89
12,117,948.38,24.99,55.71,28.6,0.91,1495.03
4,104,4.85,19.65,21.51,100.0,2.876,1.59
4,357,13.97,24.41,26.52,95.48,6.104,28.38
21,16,0.0,24.2,25.71,97.01,3.419,9.72
10,30,474.64,32.89,48.03,44.72,1.764,774.89
20,154,0.0,15.55,14.39,91.67,1.597,0.0
0,109,41.94,16.76,19.38,96.23,3.109,29.64
15,263,520.58,23.57,40.29,49.36,1.413,882.95
6,70,163.74,22.7,28.3,76.98,0.776,294.86
13,146,990.65,20.73,51.19,35.32,2.292,1593.68
3,176,0.0,14.56,14.37,96.62,2.153,16.32
20,150,0.0,18.19,17.75,100.0,3.345,7.73
9,267,512.45,27.2,43.6,49.89,2.218,851.05
8,311,314.59,29.51,38.96,59.5,2.053,509.93
11,211,910.01,24.69,52.57,35.9,1.623,1468.36
20,341,33.93,23.48,25.18,97.85,4.009,46.59
17,174,369.39,17.94,27.87,67.16,6.06,694.01
11,293,622.11,31.39,50.47,39.74,1.937,988.65
19,272,0.0,22.25,23.75,89.62,5.979,11.75
6,270,173.7,23.92,28.69,79.93,4.85,300.55
11,33,597.53,33.55,51.4,40.64,4.494,957.84
22,99,0.0,18.51,18.89,99.34,3.985,19.8
2,76,10.7,22.59,22.28,95.02,2.702,39.12
9,266,501.22,26.13,42.22,41.76,1.69,360.11
12,167,1046.73,22.08,53.02,24.36,3.619,1652.02
7,160,361.01,18.88,31.39,61.28,1.39,654.07
13,341,500.4,31.44,47.89,39.65,2.521,333.77
4,281,0.0,17.18,16.62,95.57,2.929,4.94
20,50,0.0,24.83,22.82,93.57,5.259,0.0
16,278,363.23,26.86,37.7,54.22,2.87,284.16
15,9,355.24,32.24,44.7,54.22,2.084,604.4
6,288,141.67,24.57,28.29,86.04,3.165,267.51
2,284,10.79,21.04,21.87,93.07,5.611,0.0
17,220,358.23,20.28,31.54,62.63,1.989,612.57
22,307,5.54,20.15,22.11,94.04,4.216,5.82
19,23,8.38,24.46,23.96,86.73,2.876,29.64
12,175,1038.64,21.03,53.36,23.68,2.831,1648.84
12,232,911.58,25.34,53.99,32.89,4.215,1461.49
6,98,188.25,18.82,25.67,77.91,0.682,381.46
10,144,849.15,24.37,49.75,38.87,3.754,563.22
7,243,347.44,23.02,33.85,64.5,4.072,593.93
8,217,490.11,21.53,36.82,54.25,4.569,844.95
10,144,863.68,23.38,50.45,37.04,1.971,1403.29
5,26,23.26,25.86,25.39,94.39,0.25,28.5
23,148,0.0,11.73,11.75,96.99,1.969,8.52
1,149,9.62,12.74,13.2,90.32,4.253,11.6
22,230,6.48,17.11,16.01,93.97,0.458,21.47
20,1,0.0,24.15,24.77,88.69,1.577,0.0
19,144,1.01,17.03,15.88,86.05,1.989,10.86
7,246,309.8,20.08,28.94,66.68,2.162,573.71
2,253,8.05,20.76,21.62,86.98,2.014,2.96
21,244,12.74,17.37,16.55,96.78,4.007,0.0
19,286,2.49,22.71,23.07,88.58,2.791,18.9
14,14,438.96,29.82,44.01,39.4,6.792,295.52
3,204,0.0,17.6,17.06,95.77,2.531,8.78
4,202,15.11,15.78,16.43,99.85,4.278,0.0
6,132,248.59,18.28,25.21,78.77,1.978,207.86
11,189,988.44,22.67,54.14,33.08,2.658,633.74
20,119,7.86,20.26,20.12,97.53,2.201,4.71
16,286,347.48,29.07,39.97,59.84,3.639,399.08
11,213,990.43,23.75,56.4,38.11,5.303,172.79
8,152,514.86,21.6,37.5,56.77,1.198,859.79
4,289,0.0,22.36,23.4,96.53,0.214,1.49
4,257,0.0,19.11,18.01,94.51,1.88,0.0
19,224,0.0,18.06,18.3,90.31,4.811,9.09
4,129,1.0,16.23,15.3,100.0,4.63,0.0
23,5,0.0,23.79,23.04,92.21,0.981,16.79
12,356,513.61,34.54,50.59,39.81,4.25,364.3
10,146,881.37,21.27,48.92,38.38,1.241,624.36
19,361,11.97,27.3,27.03,87.22,1.114,1.01
6,330,150.21,28.29,33.7,77.4,4.084,261.36
20,21,0.0,25.22,24.97,97.76,2.892,0.0
18,313,140.59,27.86,31.93,78.08,0.618,221.03
17,24,216.92,29.55,36.38,67.88,1.39,261.4
10,151,882.37,24.72,52.4,36.2,3.465,1394.26
0,69,0.0,21.93,21.9,100.0,1.119,6.57
20,364,3.28,27.92,27.05,94.66,1.929,2.0
11,274,707.18,26.34,48.24,33.15,1.893,1144.04
0,103,9.69,19.21,19.31,89.52,1.736,16.58
11,242,839.07,24.82,49.0,35.71,3.301,1342.86
0,348,5.87,22.41,21.21,92.6,5.356,9.75
0,23,0.0,22.26,23.13,95.59,1.412,2.58
15,350,358.8,31.38,42.45,50.63,1.802,212.52
13,331,508.03,34.83,51.34,38.98,1.382,344.75
12,212,988.95,24.96,56.19,34.98,4.4,1043.57
9,164,700.78,22.51,44.54,46.47,2.685,514.98
21,330,0.0,23.8,22.9,97.13,3.273,18.61
10,225,799.41,25.75,51.81,37.94,2.604,1277.75
6,303,152.78,26.04,30.04,77.28,2.257,126.55
21,319,0.0,23.58,25.18,92.84,1.722,0.0
20,79,4.05,21.95,22.17,93.71,5.54,12.05
4,307,0.0,23.19,23.74,95.52,4.939,21.23
2,146,0.0,13.06,12.52,96.16,1.879,5.99
7,276,247.67,23.91,32.63,69.52,3.379,169.95
20,159,0.0,15.0,14.48,94.88,4.21,0.0
21,120,22.4,15.98,16.38,94.39,1.915,13.97
17,239,311.41,24.18,32.46,59.73,0.845,542.36
19,332,10.83,23.69,24.94,90.42,3.152,0.0
10,246,726.61,26.78,50.06,37.9,3.423,489.07
18,253,171.95,22.67,28.52,80.08,1.05,214.82
5,208,0.0,17.82,17.85,90.13,0.874,6.0
7,202,372.46,23.09,35.98,64.44,1.761,56.68
23,76,0.0,18.62,18.73,94.52,1.143,2.66
17,5,197.62,28.94,35.68,64.79,2.931,143.76
13,308,558.23,32.87,51.42,39.39,1.459,890.15
14,117,782.78,26.16,50.97,39.44,4.692,1281.74
15,305,436.71,32.26,46.53,51.64,2.586,683.67
13,59,679.84,29.63,51.33,38.59,0.5,413.88
6,19,141.99,29.62,34.07,76.52,4.755,267.67
19,244,0.0,21.17,20.37,89.22,2.725,22.4
8,194,551.88,19.96,37.86,54.46,1.807,919.8
5,195,0.0,17.32,17.71,92.2,4.389,0.0
21,62,8.49,17.73,16.89,94.22,1.68,2.1
0,30,1.77,23.46,23.87,94.35,1.614,21.11
6,46,145.42,25.94,30.22,80.97,3.299,204.33
2,102,0.0,17.69,15.82,97.17,2.185,0.0
1,2,1.29,24.05,23.18,96.32,1.623,0.0
7,83,312.39,22.17,31.86,65.32,1.415,527.71
12,351,517.74,34.22,49.71,34.64,2.215,577.26
4,128,11.62,15.05,15.74,94.14,4.096,3.8
4,276,4.86,19.21,19.56,92.8,0.479,3.21
18,359,112.84,27.43,31.36,79.96,2.421,220.1
16,106,454.93,23.52,38.62,56.06,1.282,554.2
9,305,411.76,28.05,40.58,48.19,5.799,672.41
13,19,508.83,33.63,50.23,36.61,2.061,588.43
14,211,862.89,22.6,46.47,38.07,1.901,1382.52
23,219,0.98,16.04,16.68,94.74,3.403,0.0
17,207,355.57,22.3,32.42,66.04,4.225,610.95
5,114,0.0,19.13,20.48,88.12,0.932,0.0
22,53,8.53,19.97,20.77,99.92,2.842,10.02
15,87,566.66,25.91,43.6,45.71,2.837,966.21
20,24,8.58,23.65,24.54,93.76,2.066,41.61
7,156,327.68,21.65,32.31,69.46,2.053,578.9
8,109,482.16,26.27,40.05,57.56,2.469,542.55
14,151,871.88,22.06,49.5,35.23,1.981,600.06
19,84,0.0,21.18,21.43,87.49,4.71,30.32
9,166,690.75,22.69,44.0,44.78,2.26,1190.68
18,159,220.56,18.72,26.02,76.1,2.272,416.77
8,283,378.56,25.06,37.68,58.14,3.441,453.4
18,26,146.25,29.91,34.71,78.65,1.694,168.34
19,281,0.0,25.44,26.25,91.29,1.456,1.01
23,199,0.0,12.66,11.96,93.4,2.202,0.0
5,113,0.0,18.69,18.22,89.69,2.25,16.29
22,209,21.05,15.71,17.07,92.53,3.661,31.94
15,126,705.49,23.38,46.3,42.38,1.538,1157.76
8,16,295.29,28.22,37.94,58.7,3.94,525.35
22,64,0.0,19.08,18.69,97.02,1.615,3.37
2,77,0.0,20.67,22.14,91.1,3.619,12.55
19,194,9.03,18.04,18.73,90.35,1.69,0.0
19,269,9.05,22.53,21.99,92.05,2.568,8.08
20,116,1.69,15.68,17.53,95.45,2.364,0.0
3,248,18.71,18.06,18.9,96.45,2.9,23.96
14,122,830.83,26.03,51.82,32.68,1.73,1346.28
3,79,19.92,17.04,17.55,90.33,1.095,0.0
12,290,690.87,29.94,51.42,35.31,2.663,1088.07
12,68,729.8,27.77,49.83,30.23,3.607,521.59
1,74,22.48,21.06,23.74,94.92,4.007,41.85
5,21,0.96,25.29,25.98,91.86,1.266,9.37
8,274,368.74,27.61,40.05,56.54,2.891,635.78
19,120,16.28,15.3,15.76,91.54,4.946,15.04
12,304,609.53,29.81,48.36,31.55,2.125,669.08
1,137,0.76,15.69,14.22,94.42,1.308,12.88
6,343,139.88,29.41,32.99,76.12,1.154,166.51
12,365,578.22,32.43,51.35,37.05,4.891,324.97
12,362,557.2,35.42,53.27,32.1,1.583,356.98
9,153,688.13,19.84,41.29,47.28,1.223,1151.58
13,334,517.91,31.09,47.61,40.25,6.579,870.56
8,316,316.89,27.6,37.86,58.14,2.28,530.68
0,306,33.29,23.55,22.74,98.07,2.513,21.72
12,359,526.42,30.73,46.38,34.38,5.839,586.42
12,95,832.63,25.75,51.8,33.73,2.694,542.67
22,156,0.0,13.93,13.92,92.15,0.578,0.1
20,235,9.94,18.26,19.48,94.55,4.424,27.14
13,88,768.46,27.52,51.17,35.29,3.334,1266.43
16,217,489.25,20.61,35.44,55.27,1.833,549.63
7,229,346.43,22.36,33.6,64.27,4.391,613.56
19,345,11.37,29.43,29.64,92.27,1.687,15.04
23,173,0.0,10.23,8.15,89.95,4.198,5.98
12,18,561.91,30.43,47.69,36.31,3.379,923.86
16,99,435.73,23.64,38.51,61.45,2.443,308.55
8,72,401.22,24.06,37.12,52.21,1.15,691.46
3,277,12.3,21.55,21.69,96.2,2.846,13.48
8,182,567.58,18.98,37.61,56.67,0.564,986.89
1,325,0.0,24.17,25.04,92.31,3.268,18.09
23,264,21.9,19.78,20.34,91.26,4.823,15.71
6,173,214.18,18.58,25.61,72.94,1.931,139.65
22,66,0.0,18.12,17.21,98.06,2.667,4.27
13,222,936.35,24.95,53.13,34.31,1.139,638.73
14,262,684.96,26.92,47.41,37.28,2.895,1124.87
20,122,0.39,16.13,16.46,91.24,3.055,2.05
15,298,466.35,29.23,41.67,40.88,2.443,523.72
18,209,223.68,19.45,25.71,78.33,0.286,375.51
18,39,154.83,25.72,29.7,76.14,0.551,120.71
1,270,0.0,20.84,21.72,98.93,1.751,9.95
9,88,555.31,24.94,42.25,45.43,2.706,411.95
8,273,367.35,25.35,37.24,57.5,4.458,628.21
14,100,753.2,27.79,52.71,42.91,2.001,1197.43
20,249,0.0,22.58,23.32,94.89,4.714,7.05
1,293,0.0,23.55,22.94,91.7,1.713,0.0
4,101,5.42,18.24,19.52,92.84,1.277,0.0
6,151,261.81,17.37,26.38,79.22,0.299,263.93
8,19,270.79,31.12,40.97,56.8,0.541,331.23
0,36,9.16,23.04,22.84,92.62,5.168,0.0
16,118,509.02,22.63,36.82,56.99,1.88,864.26
3,179,3.15,16.07,14.99,96.59,3.114,11.88
16,292,338.81,26.56,36.72,53.01,0.461,583.54
5,279,9.89,21.64,21.44,93.72,1.387,34.37
0,239,0.0,15.58,14.44,99.28,3.963,11.31
9,203,715.94,23.89,46.6,42.06,5.227,1166.76
14,271,639.33,28.38,48.38,43.5,2.573,1036.79
3,61,20.55,19.81,20.36,91.79,2.237,26.93
15,156,739.37,21.09,43.24,43.21,2.393,1239.22
5,236,0.0,21.01,21.24,88.63,3.501,7.38
6,112,193.0,22.0,28.01,79.0,3.09,141.56
21,290,8.03,23.06,22.6,98.82,0.499,5.86
12,333,514.74,34.69,50.86,36.19,1.429,588.63
14,288,572.75,31.32,49.3,41.85,3.097,400.67
1,275,0.0,19.09,18.89,95.81,0.772,3.12
17,296,222.18,28.43,34.74,62.23,1.06,251.58
17,347,176.61,29.26,34.97,67.62,4.084,328.43
5,359,0.0,25.79,25.34,84.3,4.171,13.93
4,316,0.0,20.55,19.54,96.43,3.056,10.18
0,305,31.83,23.04,24.34,94.82,0.879,12.72
5,346,4.22,27.14,26.77,97.08,1.974,0.0
22,285,0.0,19.12,18.27,92.33,3.414,0.96
1,128,0.0,14.69,16.18,95.77,3.794,17.64
11,341,507.14,34.32,49.33,42.61,2.394,296.69
4,126,8.41,17.61,18.39,96.16,1.588,28.68
7,254,315.5,21.56,32.19,71.31,4.348,583.33
2,54,0.0,20.67,20.3,96.68,2.935,9.07
7,207,356.05,17.47,29.68,66.64,4.696,648.27
13,340,510.76,31.98,49.09,42.25,2.283,560.13
2,109,16.84,17.04,18.89,100.0,3.234,20.44
14,179,896.74,21.78,49.55,37.67,2.156,1425.15
3,219,3.97,16.83,16.52,96.33,1.375,0.0
15,126,667.28,23.27,43.4,49.37,2.002,1102.17
21,169,2.27,12.35,12.45,98.14,3.657,0.0
0,283,0.0,21.11,23.33,95.25,3.316,22.59
11,3,531.98,34.62,50.31,37.17,3.107,863.43
18,37,114.93,25.12,29.04,81.33,5.301,135.86
10,243,782.82,28.1,53.6,35.55,5.658,1253.76
5,214,0.0,17.72,17.39,88.51,1.85,0.0
14,12,474.06,32.4,46.43,38.77,1.784,331.6
3,215,14.82,16.19,15.01,98.08,3.243,0.0
9,127,668.4,23.02,43.53,49.79,2.472,740.62
3,222,0.21,14.6,13.03,91.13,4.343,0.22
20,169,0.0,15.11,15.41,95.72,4.332,11.26
7,360,205.8,31.7,38.61,67.24,3.16,345.17
20,358,28.67,24.09,23.66,94.09,4.57,31.59
4,294,6.75,21.32,21.13,100.0,2.968,12.11
10,283,595.84,28.7,48.58,39.67,3.424,691.4
23,190,0.0,13.81,13.76,96.39,1.401,4.85
19,297,0.2,24.36,24.73,84.06,3.103,0.7
13,320,568.13,31.31,49.16,36.74,2.168,925.64
13,131,940.16,22.88,52.8,36.87,4.183,1502.79
8,272,383.05,26.06,38.19,54.69,2.049,686.8
15,271,514.97,25.58,41.16,48.59,3.123,589.32
16,308,322.49,28.78,39.39,59.33,3.678,566.04
11,134,945.6,22.96,52.52,32.9,3.219,1494.31
1,182,6.8,15.06,15.07,96.44,5.146,2.26
14,63,604.48,28.73,47.03,41.31,3.157,436.82
10,20,449.34,32.34,46.92,44.65,2.778,744.62
5,146,0.0,16.35,17.36,92.16,2.495,0.0
23,145,6.71,12.6,13.34,95.45,2.705,0.0
6,176,245.82,16.77,24.55,77.91,2.807,176.32
1,94,2.59,18.24,18.86,89.93,2.832,10.3
15,105,632.31,23.43,42.15,43.27,1.396,441.64
19,187,19.22,16.31,17.8,92.45,2.544,31.07
13,146,966.52,22.18,52.25,30.15,3.456,664.21
9,35,417.05,32.19,44.06,49.61,0.322,466.11
14,275,619.1,28.87,47.87,36.42,2.217,452.43
20,292,0.35,24.57,23.9,95.71,5.217,0.0
9,157,737.83,21.63,43.71,40.96,3.19,500.09
22,25,0.05,24.23,24.98,92.59,2.193,0.0
23,271,5.48,18.02,18.49,100.0,3.338,0.0
1,248,32.05,18.21,19.19,90.39,3.621,79.39
10,56,586.51,29.7,48.4,38.85,1.408,363.39
19,271,8.05,23.04,24.12,90.16,0.921,20.29
17,301,204.6,26.48,31.3,66.23,0.642,361.25
14,84,712.87,27.17,50.08,36.91,1.415,1172.52
0,319,0.0,23.99,23.93,98.04,1.4,2.81
11,139,955.02,25.63,56.09,30.96,1.231,1033.69
0,335,0.0,23.54,23.0,90.12,2.433,8.01
15,108,624.14,26.24,44.78,48.48,5.987,1060.34
9,117,647.75,24.12,44.24,48.03,5.003,1093.77
19,53,1.41,22.14,22.4,88.53,2.814,0.0
13,18,546.82,33.24,49.95,36.62,3.581,890.24
4,284,5.21,18.57,18.1,95.79,4.958,7.92
18,126,228.19,22.34,28.7,79.63,1.535,37.09
22,166,0.0,13.05,12.81,97.13,2.869,6.11
15,71,541.77,29.42,44.95,50.49,3.617,869.43
2,187,2.32,12.47,13.85,92.47,2.001,0.0
22,96,0.05,17.82,19.22,94.22,2.773,14.8
19,25,0.0,26.67,26.92,84.61,1.315,0.0
1,350,0.0,21.87,20.98,92.57,3.76,20.72
3,281,1.53,18.49,18.52,96.67,2.471,11.9
7,278,279.05,27.21,36.06,71.47,4.165,215.01
21,29,2.5,21.53,20.81,96.64,4.941,0.0
13,20,537.13,29.48,46.43,35.17,1.944,882.7
12,164,1059.95,23.36,55.95,27.01,1.973,674.89
23,123,0.0,13.67,13.24,100.0,2.879,1.44
20,116,0.0,16.48,15.07,95.85,1.526,0.0
9,195,667.97,21.93,42.79,46.36,3.404,1084.2
3,150,6.66,14.19,14.31,89.36,2.317,4.73
23,348,12.04,21.16,20.39,94.87,5.599,7.25
16,343,260.9,31.85,40.75,59.2,2.278,196.21
1,79,4.47,19.68,20.21,100.0,1.791,0.0
0,78,7.28,17.67,17.57,97.89,2.008,21.46
20,122,1.35,14.86,13.72,94.63,1.555,0.0
2,179,5.6,14.06,14.21,88.18,1.974,12.77
11,165,1013.05,21.51,52.85,31.52,2.407,1126.38
15,198,724.72,22.03,43.45,47.13,3.543,461.79
12,147,1012.49,24.24,56.07,28.48,2.892,626.59
23,53,0.0,20.48,21.63,91.78,4.182,2.33
14,257,666.12,24.69,44.35,35.19,8.083,475.0
13,170,1013.48,23.01,54.76,30.82,2.704,698.56
7,212,367.81,21.48,32.75,71.32,2.581,287.83
10,335,482.25,32.18,47.93,48.5,3.007,803.59
6,233,191.48,21.44,26.96,78.62,2.892,348.09
21,78,16.79,18.86,19.4,95.39,1.701,0.0
0,251,7.33,20.2,19.64,93.86,2.894,3.01
23,328,0.0,23.05,22.39,92.34,2.691,3.02
3,211,13.84,12.17,11.39,92.3,1.837,9.89
13,191,977.05,24.7,55.83,30.95,3.147,610.51
22,61,0.0,20.94,19.73,100.0,3.097,22.74
2,144,0.0,15.74,15.08,95.9,3.076,6.53
15,77,524.57,26.14,42.76,44.25,2.159,894.8
6,347,124.61,27.54,31.59,79.7,0.354,200.82
9,82,534.9,29.24,46.19,49.51,3.62,378.57
14,138,864.54,24.29,52.27,35.36,2.116,546.37
9,24,389.17,33.11,46.28,49.04,1.086,261.6
8,125,531.22,23.33,39.94,57.45,4.564,904.79
20,26,18.99,25.69,26.77,97.8,4.042,11.91
19,186,4.65,14.94,15.41,86.68,3.443,48.6
13,356,520.23,34.97,51.59,37.4,5.711,353.37
10,347,439.89,35.13,48.86,48.64,0.273,702.2
17,235,359.15,22.46,34.39,66.27,4.315,614.52
6,340,110.12,26.54,30.08,72.23,2.752,196.34
18,362,123.95,27.27,30.67,77.5,1.557,202.19
15,94,594.27,21.98,38.77,49.05,4.573,690.36
1,79,6.73,19.22,19.62,89.86,2.704,43.04
9,5,365.55,31.71,42.65,52.77,2.852,396.56
1,279,6.26,20.43,19.67,96.87,4.222,2.86
17,210,365.55,20.34,31.17,65.07,3.977,616.4
18,321,120.58,26.05,30.28,77.67,2.907,198.01
9,185,708.55,22.1,43.93,42.65,1.739,492.39
14,198,849.54,22.54,49.16,37.87,3.304,1383.41
18,343,96.98,29.27,33.41,76.1,4.635,172.27
11,319,512.45,32.52,48.7,39.29,5.693,321.39
0,63,4.48,20.32,21.22,94.91,2.605,18.24
15,253,596.61,25.78,44.1,49.24,2.316,982.65
12,152,1029.67,23.28,55.2,31.64,1.218,1635.07
6,100,202.72,24.3,30.84,71.21,1.271,348.4
11,278,669.98,30.89,50.7,33.54,3.037,450.04
22,226,34.12,15.16,16.45,94.09,4.253,10.21
10,35,522.73,30.86,47.37,42.98,0.736,863.35
13,51,629.35,33.47,53.12,37.75,2.982,389.53
6,258,206.99,24.74,31.31,76.21,5.978,148.53
23,277,0.0,15.77,15.73,96.54,3.544,4.03
16,6,282.53,33.67,43.5,56.67,2.187,469.88
4,260,15.17,18.73,19.24,95.06,1.819,0.0
5,99,0.0,18.71,19.02,91.92,1.853,16.26
6,89,202.39,25.26,31.28,81.91,2.833,154.77
1,141,0.0,13.77,13.09,96.88,2.745,15.3
2,57,0.0,21.48,23.32,95.49,0.584,0.0
14,278,605.26,31.13,49.48,42.58,2.908,108.11
10,199,872.51,21.69,49.33,37.72,1.646,588.93
17,131,322.43,19.49,28.18,64.54,1.166,562.97
15,248,604.46,26.37,46.07,39.64,3.951,996.51
2,123,15.87,16.62,17.87,91.48,4.717,0.0
23,362,0.0,24.44,24.4,97.37,1.333,8.53
2,201,5.75,14.6,15.23,97.94,3.038,0.0
19,53,5.6,23.03,22.3,89.85,2.956,12.3
7,48,231.43,26.69,34.22,68.76,2.377,429.14
9,93,598.56,24.96,45.16,49.1,2.777,397.23
13,309,596.12,30.68,50.39,37.04,4.312,403.87
13,348,530.85,30.94,48.73,39.42,5.864,845.6
1,41,28.58,23.47,25.08,95.45,3.354,55.08
8,37,305.22,30.1,40.66,59.46,2.375,203.9
19,178,0.0,16.19,17.08,93.12,2.104,54.71
7,32,228.9,27.33,34.87,72.31,1.325,393.18
22,241,3.4,15.35,15.54,86.89,1.405,27.46
16,262,379.27,23.46,37.31,50.91,2.813,92.29
12,111,908.73,25.23,54.18,33.01,2.015,571.69
13,9,532.12,35.31,52.44,39.05,3.462,834.86
5,124,23.21,17.55,17.46,86.83,4.142,7.52
18,132,262.82,18.77,27.31,74.98,2.237,435.37
8,48,337.96,29.83,41.08,63.2,1.293,412.71
8,158,531.61,22.73,38.82,57.32,2.041,360.96
17,243,307.53,23.3,33.25,61.1,4.317,540.24
21,361,4.53,25.12,25.57,93.82,2.043,19.71
13,197,985.95,22.76,52.54,28.01,0.585,663.93
5,176,10.44,16.85,15.98,90.6,1.662,4.43
18,108,207.33,23.27,31.21,81.83,1.16,338.85
22,168,3.63,15.62,15.85,94.31,0.453,0.0
8,300,332.55,27.97,38.37,57.73,0.681,237.88
19,227,0.0,19.77,19.44,84.62,3.436,0.0
18,215,230.51,19.27,26.62,70.85,2.189,423.41
0,118,16.7,14.12,15.67,93.39,3.239,45.63
20,145,0.0,15.35,15.34,99.35,0.399,37.99
17,202,394.09,21.77,33.5,63.36,1.467,680.51
19,352,8.45,26.91,27.29,91.88,2.29,0.0
9,157,728.38,23.0,44.96,44.8,2.335,108.21
13,233,880.61,27.91,56.73,33.38,2.987,970.28
2,131,0.0,13.96,14.29,96.31,3.23,0.0
9,345,348.46,32.01,42.22,51.43,3.861,250.81
17,284,268.03,27.81,35.39,66.21,1.899,166.06
23,251,0.0,12.99,13.2,87.81,2.582,6.89
14,74,625.84,26.9,47.77,43.74,2.839,687.65
0,279,17.9,20.77,20.32,98.49,2.322,0.0
9,27,394.74,32.01,43.23,48.28,3.157,660.69
2,75,0.0,19.53,19.92,97.77,2.846,5.5
20,133,5.13,16.12,17.2,97.3,1.098,5.68
17,330,215.99,28.38,36.05,69.44,2.655,358.79
12,153,1021.63,23.92,58.01,22.44,3.72,1108.29
16,338,311.48,28.57,39.01,54.43,4.162,194.31
4,120,3.05,15.0,14.6,95.06,4.657,0.16
23,8,8.82,23.86,23.03,95.4,4.009,0.0
10,349,455.58,29.4,43.57,47.94,2.738,770.74
23,228,0.0,12.3,12.88,92.95,2.284,16.89
14,307,524.28,33.38,48.31,40.51,4.101,856.88
6,323,151.5,30.51,34.33,74.69,0.688,168.54
16,311,306.81,33.35,44.26,60.39,5.658,546.86
0,216,14.41,14.69,13.71,93.15,0.642,0.96
3,59,0.0,20.91,21.12,98.85,1.924,5.51
23,169,3.38,12.49,12.15,91.48,3.626,2.09
22,299,3.08,19.03,19.86,91.93,2.777,17.32
1,345,4.68,23.56,24.26,97.17,1.412,0.0
1,339,6.61,25.65,26.94,97.35,3.069,24.67
14,139,843.89,23.32,50.32,35.96,5.526,936.06
13,145,943.4,24.21,54.04,37.88,0.731,1542.77
11,259,796.56,28.18,52.64,32.42,0.786,162.15
3,186,36.72,14.77,16.86,98.18,1.905,24.37
17,289,242.31,28.76,36.73,69.7,0.753,244.42
6,356,126.86,25.38,29.22,74.06,3.254,249.29
2,172,4.79,13.01,13.99,95.17,3.516,6.37
23,81,3.27,15.81,15.32,94.83,1.004,16.79
22,309,3.23,20.56,20.53,92.92,7.407,0.0
22,104,5.09,15.48,15.69,95.66,2.849,15.35
6,221,198.63,20.65,26.16,76.51,2.436,359.2
3,317,0.0,23.11,23.4,94.57,3.3,11.05
14,105,735.86,25.12,47.86,36.08,4.54,1252.76
4,84,3.49,16.81,15.65,96.58,2.778,0.37
21,59,0.0,21.11,20.93,91.26,1.402,12.92
15,309,401.16,32.01,46.05,45.14,2.085,255.11
0,336,9.05,22.12,22.41,94.11,3.839,25.51
17,43,200.74,27.27,32.29,62.65,2.283,153.11
23,356,0.22,21.09,19.77,97.69,2.934,21.84
17,27,210.1,28.06,33.5,67.98,3.642,239.34
15,235,644.25,25.26,45.54,49.81,4.784,469.7
12,4,538.71,34.93,52.67,38.58,3.504,852.64
21,317,27.89,20.2,21.02,100.0,1.884,11.5
14,202,857.88,22.24,49.35,36.43,2.445,1415.64
16,196,543.86,22.16,37.1,47.69,5.037,918.64
2,77,18.56,19.62,21.44,97.56,3.147,28.18
11,52,616.42,31.73,51.56,31.38,0.696,395.22
5,29,0.7,25.02,24.42,94.64,4.835,33.3
21,319,0.0,26.21,26.77,94.74,2.453,4.86
1,136,9.95,15.96,16.91,96.66,1.305,4.89
18,196,221.03,21.6,29.28,79.58,2.234,415.82
12,8,529.5,33.94,50.22,33.27,4.15,835.1
16,88,413.1,23.66,37.13,58.97,3.848,494.62
11,297,638.06,31.86,52.8,38.06,4.59,1004.36
8,31,318.97,30.85,41.07,53.11,2.792,515.14
3,273,11.93,20.66,21.7,95.25,0.892,18.62
0,98,14.84,17.9,19.3,100.0,1.22,26.5
16,112,492.44,22.19,37.34,63.31,2.742,571.27
0,41,11.29,22.49,23.45,96.96,2.384,0.0
8,57,335.12,29.13,38.87,61.24,2.288,572.66
20,43,0.0,20.97,21.07,93.57,1.358,9.2
19,12,0.0,24.59,25.67,86.49,1.448,0.0
5,17,34.45,26.8,28.05,84.38,1.944,59.93
18,324,120.16,26.68,30.09,78.37,5.008,90.8
22,296,1.78,22.15,23.31,94.84,1.943,7.35
15,333,378.74,32.82,45.57,48.35,1.462,637.7
6,73,177.26,22.99,29.53,80.03,2.79,126.14
0,312,31.51,24.94,25.92,95.38,0.668,80.71
15,52,449.54,28.27,43.05,47.98,1.085,297.05
7,59,267.91,24.05,32.42,65.52,3.071,208.49
6,184,269.24,19.48,26.59,77.16,1.749,470.67
13,211,969.96,25.04,54.64,28.75,0.522,625.88
22,205,3.35,11.51,12.79,91.61,2.44,0.0
0,2,3.41,21.68,20.1,97.41,2.565,4.2
11,193,984.64,23.65,54.21,29.18,1.448,1557.4
2,179,2.49,14.46,14.43,91.89,2.548,14.3
3,86,0.0,17.77,18.09,93.72,4.018,0.0
22,170,0.0,12.03,11.3,97.21,3.409,0.0
3,184,0.0,13.93,13.29,95.8,2.77,22.52
1,166,20.15,13.0,11.87,96.97,6.323,27.51
11,253,784.57,27.39,52.48,30.36,2.937,1230.08
17,313,215.19,30.24,37.17,68.99,1.376,369.78
12,89,835.33,25.85,51.85,38.22,1.762,560.43
17,122,322.59,18.75,28.83,68.91,3.933,534.92
23,210,0.0,14.92,14.57,97.63,0.898,6.81
20,191,3.9,17.36,18.16,93.48,6.02,28.66
3,37,14.26,21.41,21.67,98.21,0.215,0.0
21,200,16.9,14.82,13.82,94.06,3.012,0.0
13,348,492.89,28.5,44.84,36.11,2.276,345.84
2,290,10.58,24.31,23.93,94.85,5.061,5.16
13,351,475.53,35.33,50.41,37.87,2.413,796.43
8,305,296.39,27.83,36.84,53.56,2.243,533.86
12,351,536.33,33.04,48.63,35.68,2.846,74.21
12,266,715.79,26.24,48.84,40.25,2.029,493.84
19,284,5.43,22.12,21.74,96.27,2.785,0.0
5,321,0.0,25.32,24.48,88.65,4.906,0.0
2,95,0.0,15.74,15.92,94.66,2.206,0.0
22,97,0.0,17.48,17.21,98.48,3.234,14.72
12,75,740.14,29.56,51.64,34.83,1.651,800.45
1,281,31.01,19.08,20.48,96.83,4.052,13.99
4,97,3.84,16.49,15.45,94.92,2.791,8.47
21,82,0.0,18.68,18.55,96.12,2.29,0.0
22,43,19.1,22.17,23.25,95.62,3.743,4.2
8,208,542.07,24.46,42.41,57.65,1.082,340.52
10,72,629.06,29.1,49.07,42.97,2.8,1013.01
17,159,407.96,22.77,36.58,66.54,1.615,701.05
12,269,752.7,28.76,54.05,34.79,2.035,1205.01
23,173,6.21,13.8,13.69,97.88,1.33,3.63
4,279,13.12,19.7,20.5,91.29,1.939,2.04
6,155,241.61,20.09,28.25,78.32,3.457,172.44
11,323,547.66,33.96,51.5,36.73,4.617,620.24
4,206,0.0,15.41,15.27,99.26,1.906,11.78
6,321,136.3,29.28,33.82,80.54,7.2,224.65
3,325,0.0,23.15,23.32,89.64,3.936,33.79
1,16,0.0,26.26,26.21,94.46,2.055,20.54
20,217,6.37,16.31,17.29,94.18,1.114,0.0
2,281,0.0,23.31,23.28,95.24,5.173,0.0
6,182,236.46,17.65,25.21,78.03,0.973,437.93
16,89,427.18,26.3,40.75,52.03,6.119,485.11
23,3,8.47,23.92,23.72,95.7,3.592,4.38
17,181,386.06,19.43,31.54,65.27,2.317,685.52
15,42,443.39,29.43,44.06,47.8,3.117,728.95
0,2,3.03,21.49,20.73,93.12,2.597,7.21
1,277,0.0,21.1,20.75,94.74,2.413,40.19
3,83,0.0,19.93,20.79,91.62,1.382,15.24
15,57,481.85,28.06,42.9,42.84,1.27,312.55
21,135,7.45,15.77,15.48,89.23,1.221,0.0
11,205,972.43,22.27,52.77,31.51,2.738,631.06
7,336,198.14,32.61,38.88,67.75,1.06,299.85
13,196,991.11,22.63,54.34,29.29,0.713,1609.49
14,173,874.71,24.33,51.4,31.71,1.039,587.57
23,229,1.62,14.76,13.94,96.08,4.019,0.27
2,286,20.03,21.08,21.47,92.88,5.347,0.0
5,160,5.88,15.92,15.83,85.07,2.029,1.86
21,136,9.95,13.11,14.14,94.33,4.239,0.0
1,137,1.97,11.83,12.59,95.27,0.733,0.0
17,328,205.7,27.7,34.34,66.42,2.754,230.14
22,94,2.38,17.33,16.92,98.22,2.339,0.0
12,275,705.99,27.36,50.38,38.36,3.261,781.43
14,323,508.96,30.24,46.11,43.62,2.18,816.5
5,190,6.79,17.97,18.6,87.5,4.803,0.0
18,81,187.87,22.71,29.05,77.99,4.658,125.81
20,227,16.8,16.7,15.93,94.32,0.856,18.59
7,281,227.28,25.43,32.57,68.79,2.007,152.9
2,210,17.55,14.37,16.34,93.95,3.939,41.61
4,186,0.0,11.22,10.97,94.39,1.799,15.73
21,339,11.22,22.6,22.98,91.23,2.973,0.0
22,59,10.66,21.95,21.12,92.07,2.729,7.74
3,73,6.94,18.96,17.9,96.05,0.923,3.89
9,164,722.97,23.02,45.94,47.68,3.05,801.36
0,192,0.0,15.5,15.47,94.62,3.967,0.8
11,338,532.9,32.46,48.83,38.45,3.963,889.23
5,35,23.35,24.96,24.06,88.71,0.842,9.3
21,189,6.56,15.85,16.64,93.8,1.978,5.61
8,67,368.47,29.21,39.88,60.49,0.867,278.17
12,333,518.15,31.01,45.93,36.66,2.46,379.76
21,181,5.64,15.81,16.46,98.53,0.956,9.19
16,211,533.11,21.02,36.91,61.29,1.64,582.43
2,97,14.4,17.62,17.99,95.15,1.661,14.75
9,77,558.18,26.12,44.55,46.06,0.703,910.43
19,253,0.0,20.7,20.76,90.61,3.18,3.53
4,23,0.0,23.92,23.87,91.9,2.676,9.71
5,238,16.84,17.51,17.79,90.01,2.796,13.8
12,147,1033.77,22.81,55.38,27.41,3.206,674.4
19,110,3.92,19.86,19.33,88.74,4.349,0.0
13,231,923.83,24.16,51.95,32.49,3.13,621.79
13,125,943.68,25.69,55.74,37.07,2.381,157.17
3,365,0.0,26.11,25.93,96.44,3.116,0.0
1,298,24.85,21.45,21.89,98.56,3.473,38.03
17,347,184.53,29.48,36.08,69.27,0.267,136.68
8,153,532.28,20.16,36.73,50.55,4.753,615.65
23,108,0.0,13.67,13.28,94.01,4.582,6.69
10,314,475.97,30.86,46.28,40.04,1.81,533.4
11,59,661.85,29.29,49.95,34.66,1.724,452.41
11,192,1010.17,22.78,55.64,30.88,1.469,1582.92
3,48,0.0,21.21,20.07,97.49,3.45,0.0
14,240,718.92,26.06,48.62,36.96,0.506,1166.7
5,184,0.0,18.2,17.66,92.86,2.157,0.0
17,268,284.71,25.36,34.2,71.27,2.077,188.74
10,282,596.46,28.36,47.1,37.62,3.225,676.28
12,151,1045.53,24.4,57.45,29.01,2.869,1638.41
9,112,640.38,25.62,45.18,49.87,3.389,1064.77
21,13,0.0,25.91,26.94,97.47,1.241,0.0
20,123,13.16,16.06,16.11,100.0,1.096,19.77
21,345,0.0,23.77,24.42,92.6,2.731,0.0
15,294,453.4,28.47,42.8,49.86,1.256,63.05
0,13,0.0,24.6,25.64,93.51,2.58,18.24
18,129,224.95,19.94,25.78,77.4,2.872,151.18
20,136,0.0,17.49,17.3,99.62,4.975,1.91
15,207,689.65,21.69,42.86,42.97,2.664,465.32
21,350,0.0,25.61,25.29,97.54,3.776,0.0
0,329,8.77,21.77,23.3,96.43,0.85,25.91
18,113,203.85,20.75,27.51,74.45,4.652,243.79
6,36,155.98,28.35,32.81,82.05,1.522,275.2
11,34,572.3,29.2,47.57,41.33,1.559,924.18
18,48,143.55,23.64,27.87,77.35,1.837,98.87
3,111,0.0,17.62,17.49,92.57,4.554,0.0
18,244,184.63,21.29,27.94,81.28,5.684,310.24
20,176,2.9,17.24,17.76,95.79,4.108,0.0
2,183,0.0,13.75,14.16,91.99,7.035,9.63
16,103,491.33,25.19,41.01,53.28,3.335,833.43
8,193,555.41,21.53,38.52,54.91,0.53,402.36
23,299,8.72,20.99,21.72,94.82,2.593,0.0
18,118,249.01,18.14,26.01,79.14,2.033,285.71
19,228,5.87,18.06,18.47,90.29,2.636,16.09
19,77,16.41,21.63,21.99,91.33,0.974,36.59
16,213,502.13,22.51,38.41,55.6,1.132,357.31
23,63,14.86,18.39,17.78,97.1,3.865,1.31
13,161,1009.47,21.3,52.99,30.95,2.028,659.88
19,15,4.67,27.63,27.49,87.73,0.491,3.0
1,143,0.0,15.38,15.94,94.23,1.414,16.9
14,335,443.73,33.19,46.64,42.13,3.325,757.5
13,327,558.9,34.46,50.52,37.11,0.93,591.09
2,315,0.0,23.91,24.39,93.3,1.038,16.72
19,331,14.44,26.1,27.22,89.61,1.288,0.0
13,206,952.49,22.14,53.01,34.74,5.672,1013.87
21,77,0.0,20.17,20.23,91.76,4.873,7.8
22,27,3.31,21.69,21.97,96.14,3.339,2.02
18,135,226.2,19.93,26.76,79.25,5.37,406.38
23,108,11.06,13.81,13.82,91.94,3.907,20.66
2,261,6.05,20.6,21.04,93.1,4.055,6.2
5,345,0.0,26.13,27.78,91.52,1.548,25.54
18,85,190.53,21.9,26.79,75.6,1.404,282.9
8,7,283.22,28.88,37.43,55.24,1.674,205.04
14,72,630.49,27.72,46.85,42.24,2.052,714.86
20,179,45.97,18.52,19.52,96.04,1.463,36.75
7,86,272.24,24.0,33.74,65.51,5.117,459.95
18,56,140.8,27.78,32.39,82.03,1.494,149.29
18,17,126.6,27.26,31.86,82.09,2.742,87.89
8,253,427.69,24.69,38.22,56.46,1.504,718.06
18,197,226.68,20.39,26.81,73.99,3.671,143.54
12,161,1056.17,23.21,55.45,29.38,2.628,1653.75
7,198,398.59,22.48,34.53,66.74,0.887,666.9
13,78,778.41,26.87,50.27,33.91,0.33,532.57
2,359,10.21,24.51,25.03,95.81,2.039,0.0
14,7,454.44,34.49,48.01,39.66,2.068,729.87
9,346,389.39,33.81,46.18,43.1,1.043,642.81
8,149,539.0,19.01,36.97,55.91,2.305,969.92
14,57,578.46,30.99,48.63,44.15,1.51,398.25
3,220,0.0,14.51,16.52,95.5,4.782,10.35
16,247,471.26,25.68,39.66,57.71,2.805,342.42
17,219,362.99,21.54,33.82,64.21,0.741,478.87
9,196,664.27,22.69,44.59,44.84,1.642,1128.03
16,326,285.2,30.06,38.6,58.25,1.019,31.34
6,234,219.51,22.25,29.32,73.66,4.003,372.03
14,16,495.15,30.96,44.96,44.6,3.339,826.32
0,75,34.1,19.95,21.54,94.98,4.236,5.19
6,331,126.77,26.16,30.41,78.87,2.253,141.82
1,362,0.0,23.46,24.35,94.96,3.848,12.54
20,257,0.0,22.8,23.23,92.17,4.465,10.5
10,47,529.87,29.75,46.79,41.42,0.811,888.4
14,344,453.92,33.46,45.48,43.5,1.105,746.46
7,199,375.58,20.14,31.14,63.25,1.152,257.47
13,55,640.49,31.15,51.84,41.48,3.115,1078.1
20,180,3.92,14.53,14.18,97.39,3.002,5.43
20,61,0.0,23.45,22.68,91.46,3.116,8.12
0,3,1.91,23.34,22.3,100.0,2.957,19.29
18,29,147.93,26.68,31.59,75.61,3.58,105.56
15,156,685.7,22.22,45.18,39.94,2.206,1185.42
2,363,18.07,23.79,25.39,96.84,4.438,45.56
23,98,17.23,15.14,14.68,93.18,0.537,0.0
13,230,889.91,25.07,52.68,32.16,2.815,577.32
7,214,351.57,18.76,30.15,64.27,2.61,240.11
20,303,13.0,26.47,26.02,96.26,1.769,7.74
7,108,328.52,21.82,30.96,64.6,5.317,405.15
17,279,254.47,24.3,32.39,67.12,2.777,201.93
10,69,619.39,28.84,48.86,42.0,4.26,394.62
3,96,13.74,19.61,19.57,95.74,3.479,7.8
13,94,823.69,27.03,52.13,29.74,4.535,508.48
16,132,492.33,21.95,37.36,54.88,0.623,358.83
13,249,789.44,25.0,50.33,33.86,2.676,540.16
3,122,4.59,16.63,16.51,92.27,2.265,7.91
2,124,0.45,13.81,13.39,96.01,1.701,0.0
17,85,307.43,23.78,33.96,69.25,4.404,518.16
16,92,433.7,23.28,37.19,55.42,2.26,305.6
20,332,0.0,27.09,25.84,95.08,4.604,19.57
9,117,653.76,25.97,45.38,43.36,3.459,445.77
10,20,440.02,32.52,46.59,42.96,2.676,336.74
0,159,21.95,13.96,14.28,93.21,6.978,32.98
19,312,0.0,25.87,26.53,91.25,4.081,0.0
4,83,0.0,18.53,19.81,93.71,2.851,18.58
16,13,284.53,30.96,40.37,55.16,1.678,460.11
19,98,4.3,22.11,22.8,90.9,2.618,15.4
14,345,441.75,31.4,46.03,44.58,3.093,744.12
17,343,212.16,28.02,33.75,67.21,1.286,370.41
18,312,121.65,25.72,30.92,77.92,2.422,78.19
1,344,18.16,24.93,24.67,86.29,4.626,7.87
23,58,0.0,19.62,19.16,97.34,2.306,0.0
23,225,20.61,14.19,14.18,95.59,2.123,44.75
8,320,323.61,29.71,40.22,54.39,1.873,347.51
2,107,9.88,18.21,18.45,100.0,0.924,10.67
5,325,17.94,25.61,26.45,85.42,3.4,36.25
22,168,0.0,13.23,12.55,97.04,1.22,3.14
8,337,291.04,30.14,39.64,54.4,2.397,322.42
3,141,10.49,14.24,13.82,95.25,1.499,16.28
9,226,641.0,24.07,44.5,46.48,1.824,1077.91
20,14,0.0,24.62,25.5,98.58,2.175,15.39
13,219,929.41,23.08,51.68,28.23,3.564,1476.23
6,59,149.82,25.58,30.45,79.54,2.378,115.43
0,98,0.0,17.72,17.64,99.11,1.59,0.0
22,306,0.0,22.66,24.06,91.32,2.702,0.0
23,341,4.8,22.1,23.31,91.57,1.498,0.0
12,166,1034.28,22.53,54.67,24.3,1.628,1624.68
15,94,581.24,24.21,42.33,52.55,0.184,397.14
15,82,547.1,24.08,41.67,42.85,5.111,81.52
12,83,798.33,28.41,52.99,39.15,2.298,1285.47
0,346,38.29,25.43,25.37,95.05,2.424,20.26
14,235,769.49,23.81,48.43,36.66,2.715,507.64
13,211,967.98,23.85,54.14,31.52,3.327,1019.1
23,74,38.17,20.85,21.72,97.94,0.482,16.36
18,106,226.88,21.81,26.87,71.79,3.901,397.16
14,144,853.91,24.66,51.88,38.75,1.946,1395.03
11,30,527.34,34.14,49.74,42.15,3.554,333.97
10,109,742.52,26.43,50.52,34.66,1.628,1194.58
18,321,100.71,25.08,27.18,82.67,1.798,174.86
16,203,496.7,22.22,37.59,54.88,2.106,341.49
4,328,31.67,26.18,25.31,92.67,2.64,8.79
13,204,968.18,22.94,52.54,35.12,5.439,1029.05
16,254,424.1,25.72,39.18,55.94,0.557,62.78
4,214,2.09,13.25,13.63,95.99,1.974,0.0
4,228,1.89,15.46,15.88,92.02,3.817,8.56
11,149,963.64,23.24,52.11,32.57,1.057,1546.8
18,254,209.43,24.1,28.99,78.31,0.289,365.54
17,115,355.68,25.71,36.65,67.6,2.447,384.86
2,361,6.03,24.89,23.93,100.0,5.42,34.0
6,229,230.1,18.59,25.7,71.85,3.161,412.83
20,274,0.0,23.45,22.44,95.62,2.987,4.43
0,159,0.0,15.65,15.19,91.94,2.421,9.68
10,35,506.49,29.32,44.32,40.3,2.882,817.4
15,331,392.51,30.53,42.76,47.68,1.029,259.74
17,307,241.5,28.74,35.44,67.7,3.422,169.17
2,53,24.89,22.94,25.13,96.32,4.342,27.45
14,71,626.5,27.3,45.24,39.52,5.482,692.3
23,178,17.78,12.15,11.35,94.53,1.61,9.73
2,39,0.0,23.59,24.63,99.03,3.131,32.59
21,209,15.78,14.71,15.65,94.46,4.217,0.0
10,22,481.24,36.44,50.69,34.57,1.992,300.93
1,210,39.31,18.76,19.73,92.03,4.535,71.41
5,207,0.0,17.28,17.64,88.79,1.738,13.19
5,339,0.0,24.74,24.53,88.44,1.662,26.27
4,22,0.0,23.66,25.47,98.21,1.749,0.66
14,151,877.91,23.64,51.18,31.92,3.946,1376.3
20,207,0.0,16.59,18.23,97.31,2.814,2.27
17,297,227.94,25.56,32.13,73.96,3.198,405.78
14,191,879.58,19.76,46.35,38.96,2.151,1455.73
12,263,785.34,27.24,51.41,33.11,5.439,537.95
0,4,0.0,22.81,22.68,93.45,4.515,10.89
0,96,7.29,17.4,16.71,87.97,4.522,18.11
9,354,405.48,33.38,44.68,47.34,3.624,225.42
7,201,390.72,19.54,31.91,64.06,2.317,719.67
8,154,534.45,21.76,37.74,58.85,1.428,911.64
14,145,855.88,25.07,51.4,36.34,1.408,596.59
7,28,202.56,26.01,33.76,69.08,5.659,161.0
9,336,391.61,32.87,45.53,46.09,0.667,620.01
14,278,591.73,29.75,48.4,42.02,2.351,960.44
10,169,904.77,21.74,50.35,36.71,2.379,1472.0
9,273,506.41,27.02,43.53,52.29,4.995,857.68
17,7,181.38,28.73,33.57,67.9,5.608,47.67
23,28,0.0,19.59,19.27,100.0,1.549,3.39
20,93,0.34,20.21,19.48,90.01,3.157,9.96
2,207,17.64,13.32,12.51,95.27,2.322,0.0
2,349,0.44,24.34,23.65,97.19,1.033,20.79
5,154,16.38,18.67,18.5,84.93,2.826,0.0
23,252,36.83,17.28,18.11,90.18,0.687,55.46
1,352,0.0,23.96,24.22,95.01,2.257,21.67
21,186,1.08,14.31,14.28,96.32,4.669,0.0
21,103,12.75,18.36,18.19,93.53,0.462,23.91
21,318,8.25,25.17,27.02,93.09,1.442,28.53
17,37,220.66,30.27,37.0,67.69,1.614,259.29
11,178,1014.62,23.52,55.23,29.31,0.165,1578.11
20,135,0.0,16.19,16.52,95.22,2.391,1.66
15,152,717.92,20.48,43.22,44.51,2.682,1184.28
1,161,11.44,15.84,16.66,100.0,4.208,15.12
14,104,746.85,24.83,50.11,36.41,2.479,528.88
2,264,0.64,17.96,18.58,93.2,3.508,13.16
2,212,0.0,14.66,14.41,89.28,1.0,22.8
2,164,4.79,12.36,12.01,90.49,0.683,15.41
17,198,387.57,21.09,31.64,61.6,5.906,266.55
13,152,996.33,21.89,52.87,29.4,3.574,1589.49
14,162,893.74,23.08,50.15,35.01,3.595,1389.22
7,58,263.42,24.79,33.67,65.83,1.515,202.61
23,289,0.0,19.6,18.79,100.0,3.005,10.29
16,258,449.97,26.08,39.62,58.89,0.57,745.99
15,11,368.01,33.42,45.02,48.51,4.306,600.72
5,110,9.05,18.68,18.78,88.41,4.405,12.42
0,132,11.08,14.28,15.18,89.43,2.232,20.22
23,221,23.09,13.27,12.59,96.97,2.744,16.45
8,203,527.66,24.06,42.75,58.99,1.091,912.31
21,152,1.94,14.34,14.91,97.27,2.063,0.0
22,226,3.29,14.17,14.45,93.08,3.547,0.0
15,309,393.24,28.07,41.05,54.36,0.892,441.51
12,212,1014.86,28.12,60.58,26.69,3.865,1579.02
22,273,24.22,22.03,21.79,91.78,1.329,6.21
8,141,530.42,20.26,36.96,52.38,2.346,890.91
15,294,447.48,31.61,45.15,49.73,3.236,310.97
4,214,0.0,11.46,12.56,95.2,4.052,19.18
5,78,6.6,26.05,26.19,86.51,2.97,4.31
14,329,477.6,31.98,46.75,42.59,1.193,321.42
1,120,0.0,14.35,13.59,95.75,3.358,6.82
21,166,0.07,14.79,14.96,93.04,1.802,1.13
9,319,368.05,29.23,40.13,46.97,1.214,632.06
8,40,353.25,28.33,38.62,59.53,3.029,249.86
22,203,2.0,13.75,13.17,95.37,1.112,6.28
20,338,0.0,25.92,27.13,98.24,3.854,16.45
7,52,212.52,25.35,32.47,67.17,4.601,165.53
5,211,0.0,20.51,20.8,85.11,0.975,31.78
23,341,0.0,22.74,23.55,99.46,3.88,0.0
8,78,373.89,25.96,38.3,57.19,0.857,65.98
7,161,354.32,20.25,31.42,69.89,3.5,66.73
7,147,376.82,19.13,31.12,65.72,5.552,452.66
17,279,265.48,26.62,34.83,67.98,2.151,447.21
0,266,14.49,19.44,19.09,92.08,1.963,29.61
8,332,270.73,29.21,37.39,57.94,1.031,208.47
20,138,0.0,16.95,16.05,90.31,1.045,0.0
2,185,0.0,15.78,17.04,95.87,0.793,41.23
11,244,835.61,26.64,52.72,37.68,6.493,1322.92
11,184,1007.55,23.7,55.14,29.89,3.259,1111.01
10,113,811.78,22.28,48.07,36.21,3.937,1305.01
12,267,776.86,27.75,51.32,35.4,2.801,1243.14
14,83,674.38,26.93,48.4,44.66,3.739,101.74
23,332,20.36,22.28,22.78,94.57,3.152,26.14
22,326,0.19,22.96,24.07,95.54,0.351,11.42
14,219,841.54,24.53,50.25,41.52,1.824,1346.48
15,93,614.26,23.9,43.13,47.05,3.522,408.68
1,213,29.63,13.15,12.09,97.84,3.154,60.85
21,158,8.44,14.85,14.53,96.63,3.905,0.0
2,49,6.8,20.41,20.07,96.34,2.734,0.0
23,5,6.24,23.8,24.38,95.53,0.671,0.0
15,31,396.08,32.06,43.18,53.18,3.81,277.9
15,343,341.48,31.07,41.15,50.8,0.943,554.33
17,42,219.0,29.32,36.69,61.63,1.425,149.65
19,250,1.57,18.95,20.32,89.45,2.758,4.94
16,240,449.55,26.0,40.38,55.82,4.138,756.75
20,288,26.2,22.03,21.09,96.71,2.759,2.2
18,250,210.96,21.06,26.62,78.88,3.308,344.23
11,277,717.21,28.83,51.75,43.74,1.385,791.71
7,105,331.6,23.96,33.42,62.87,4.691,564.29
11,26,540.12,34.7,50.15,42.22,5.184,352.74
13,71,727.3,26.72,50.21,36.85,3.84,1156.24
9,60,486.12,27.44,43.6,49.29,2.027,812.63
14,5,451.66,31.72,46.81,44.8,1.211,733.58
14,221,821.61,23.9,48.94,42.12,1.161,1334.97
7,336,175.68,29.95,36.32,68.8,2.263,129.42
8,128,503.06,22.29,38.75,57.03,3.974,333.31
6,363,111.04,28.8,32.82,82.28,0.358,149.04
13,118,909.67,24.96,53.85,29.73,0.456,551.71
6,175,234.31,19.66,27.23,77.39,3.053,423.01
6,257,191.84,22.82,27.9,74.31,1.834,339.42
18,307,159.49,27.86,32.58,72.63,1.102,249.24
11,328,506.25,31.65,48.16,40.85,1.581,854.42
19,215,7.9,15.82,16.47,93.44,0.451,0.53
14,365,435.71,32.12,46.6,43.55,2.499,722.93
3,93,33.11,15.5,15.28,94.42,6.551,26.14
18,304,167.85,26.98,31.94,76.87,1.312,115.97
15,260,554.15,26.19,42.91,48.55,1.379,930.96
17,95,313.32,24.63,35.06,72.36,2.18,241.87
23,223,3.38,13.37,13.81,99.74,3.796,0.0
1,244,11.53,17.92,17.65,84.32,2.789,39.84
2,172,0.0,16.75,17.63,95.14,1.374,0.0
1,78,4.73,17.94,18.94,94.27,1.801,0.28
20,69,7.76,20.8,21.93,93.73,5.837,14.86
6,161,260.28,17.86,27.62,75.95,1.751,475.18
19,98,6.83,20.8,21.0,87.25,4.296,0.0
20,43,0.0,24.79,25.43,98.46,2.452,0.0
19,218,0.0,17.86,17.73,90.61,0.423,12.98
9,358,355.4,30.42,42.02,48.94,4.246,602.71
1,195,1.17,16.12,14.81,100.0,3.01,0.0
1,292,8.89,21.07,21.19,94.11,2.649,6.29
15,173,728.42,22.13,45.57,50.16,3.813,511.39
8,144,517.64,18.76,35.48,55.93,2.508,917.13
1,309,22.57,21.8,21.31,89.45,4.399,8.7
4,55,10.18,22.24,21.82,95.58,2.036,5.86
19,161,12.9,17.58,18.58,88.37,2.891,6.41
6,69,171.71,25.86,32.48,73.34,4.296,300.66
1,62,0.0,20.13,20.78,92.49,1.424,12.93
14,122,823.01,23.15,47.81,40.82,1.308,879.54
10,136,868.1,23.61,50.6,37.27,4.486,951.87
14,253,713.57,28.47,50.14,43.14,1.803,463.23
17,272,275.36,26.39,35.33,65.52,1.945,320.56
20,204,0.0,16.26,16.53,96.89,1.955,20.76
21,345,0.0,24.55,24.72,99.08,3.154,11.87
4,335,17.01,23.72,24.89,93.1,1.7,0.0
4,205,22.77,14.02,14.21,100.0,5.743,0.0
4,190,30.27,11.38,10.83,97.29,2.095,42.09
4,358,0.0,25.8,25.58,98.63,4.451,0.0
20,148,0.0,16.99,17.92,94.08,1.627,28.72
18,308,145.96,25.45,30.39,78.6,3.566,255.12
18,6,119.01,30.76,34.9,78.76,2.762,161.46
12,68,739.58,28.13,50.88,29.5,2.393,511.5
16,208,523.1,22.18,40.12,57.92,3.668,384.22
16,11,288.91,30.47,39.78,58.87,1.987,189.85
6,108,227.57,18.77,24.52,75.22,2.715,410.13
9,90,566.35,24.33,42.38,47.29,2.336,410.41
8,297,299.21,27.87,38.46,59.26,0.659,525.44
3,136,7.08,17.6,17.19,93.42,0.546,0.0
8,254,388.82,25.41,37.18,54.0,3.165,468.09
12,106,911.53,28.23,56.94,24.54,5.418,605.04
6,98,190.73,21.54,27.55,76.76,3.55,232.0
11,259,782.32,26.87,51.37,33.57,3.928,837.27
15,251,588.73,24.54,43.83,53.8,2.992,952.6
1,308,27.61,22.81,23.78,97.16,1.507,58.97
14,170,884.64,24.3,50.24,33.97,0.982,1430.53
12,132,980.56,24.93,56.88,28.09,4.56,1562.19
22,157,13.07,14.1,13.8,97.78,4.59,16.19
22,237,0.04,15.83,15.75,100.0,1.248,0.0
11,175,1039.09,25.41,57.24,30.65,1.998,1110.75
17,51,254.5,29.66,37.32,65.62,2.274,289.62
12,323,566.18,33.95,51.44,34.1,1.516,923.26
20,243,3.45,16.35,15.84,90.46,4.167,0.0
16,57,312.69,30.19,40.82,59.3,2.034,551.95
20,58,10.88,20.72,21.36,93.1,1.105,0.81
7,7,183.05,29.9,35.7,68.19,2.829,116.44
3,140,0.0,13.39,11.9,95.22,0.928,0.0
15,237,659.94,24.5,45.58,46.91,1.13,463.68
20,60,27.63,24.64,26.17,97.1,2.883,25.5
9,159,726.49,22.42,44.42,41.03,2.57,1191.91
0,352,11.51,22.51,21.92,93.22,1.05,0.0
9,364,373.46,30.75,41.25,46.72,0.956,243.11
6,345,125.55,29.59,33.56,80.75,2.015,205.53
8,235,466.69,21.36,35.32,60.07,0.665,287.59
22,286,4.73,19.47,19.23,95.93,2.558,0.0
0,243,1.33,16.83,16.57,91.13,1.644,7.49
16,69,391.44,23.67,35.92,52.71,1.961,703.67
4,22,18.21,23.9,23.42,100.0,3.345,25.13
13,60,669.79,32.81,53.25,43.1,4.14,1094.85
1,67,12.73,20.07,20.22,91.66,2.576,29.81
18,197,254.03,21.41,28.49,67.94,2.379,447.32
18,263,195.23,23.0,29.97,73.47,1.361,228.19
12,85,814.62,27.37,52.45,34.7,0.847,558.1
19,296,13.16,24.62,24.69,85.11,1.152,0.0
2,167,8.43,12.23,12.98,95.45,3.39,37.97
14,270,640.16,30.77,49.77,40.95,1.339,105.39
2,311,0.0,23.17,23.73,95.35,2.685,6.11
17,269,277.58,24.2,32.18,61.91,2.535,488.41
10,37,503.94,32.44,48.92,41.44,2.947,323.12
18,10,117.21,25.32,29.16,81.88,3.15,235.03
20,94,9.15,20.35,21.37,97.79,2.742,27.99
2,313,0.0,24.26,24.48,94.44,5.44,13.93
19,240,5.81,20.91,20.31,91.26,2.335,25.97
9,121,682.39,22.35,43.83,49.07,2.544,1119.03
3,154,0.0,15.85,15.98,95.74,0.916,3.09
22,343,1.56,21.99,22.86,94.69,5.071,7.1
2,230,1.17,16.25,15.69,92.86,4.83,0.0
5,348,2.92,24.49,24.62,85.21,4.45,8.07
3,103,0.0,17.04,17.17,88.15,1.196,4.8
13,38,586.44,29.48,48.6,36.74,3.431,978.19
4,55,17.44,21.62,22.41,99.04,3.309,7.94
21,222,9.03,15.64,15.67,93.59,2.902,12.23
4,215,1.06,17.51,17.59,92.59,2.867,7.46
23,306,8.32,19.78,19.54,96.21,3.35,0.77
12,341,500.27,32.03,47.02,40.81,5.434,544.98
20,18,9.22,24.41,23.18,91.94,2.964,53.39
2,359,1.78,23.46,23.85,96.27,4.129,2.27
2,1,6.03,24.9,24.94,95.56,1.276,0.0
17,94,308.45,22.15,32.14,67.29,0.936,232.89
21,160,0.0,15.9,16.28,96.81,3.291,10.9
1,249,4.31,17.27,17.8,96.8,2.063,0.0
6,49,123.69,25.48,29.53,83.36,2.609,15.84
22,337,0.0,23.31,23.05,98.06,2.103,7.67
5,14,6.02,25.03,26.53,86.35,6.186,10.13
11,9,506.24,35.55,51.76,35.89,3.135,345.38
9,333,368.89,33.11,46.04,53.89,2.994,599.14
7,89,293.74,22.96,31.13,65.63,4.205,224.94
16,193,512.77,17.85,34.31,54.81,3.251,599.86
16,58,333.81,27.88,36.79,60.57,0.976,566.47
18,175,235.7,19.47,27.49,79.25,2.151,306.55
21,222,13.47,15.53,14.2,98.79,3.709,10.6
7,112,343.19,21.99,32.03,69.54,0.431,595.45
13,354,538.55,33.56,48.93,38.91,4.662,853.68
14,307,519.37,31.54,47.29,39.61,3.632,582.45
22,126,0.0,16.25,16.17,95.67,1.534,16.96
22,41,13.13,22.37,23.52,93.41,0.891,15.9
5,208,0.0,15.31,14.79,88.05,4.994,0.0
13,56,660.98,29.8,51.59,34.75,4.266,446.49
11,121,921.29,24.6,52.89,29.88,3.306,1452.2
23,32,7.07,19.52,19.48,95.48,4.744,0.0
15,259,574.17,26.09,44.26,48.94,2.295,94.11
15,194,728.45,20.97,45.46,44.39,3.348,1190.87
0,2,0.0,22.92,23.34,91.15,1.265,11.54
3,93,0.0,17.55,18.67,97.55,2.958,12.62
19,9,0.0,26.15,23.94,88.66,1.651,0.0
15,204,696.19,21.55,41.39,47.84,0.828,521.9
19,346,7.92,29.33,29.17,84.79,6.05,10.65
4,343,8.72,22.25,22.18,99.76,1.66,0.0
17,243,297.57,23.49,32.73,63.97,1.8,184.26
6,132,235.45,18.61,26.19,74.48,1.18,385.23
2,208,6.85,14.92,14.66,97.63,1.559,14.19
16,48,334.45,30.21,40.59,62.35,4.874,584.46
11,160,1009.15,22.26,54.19,30.31,1.701,1086.46
6,311,108.07,29.06,32.57,80.84,2.486,203.97
11,161,1008.44,24.54,55.75,33.89,3.266,1580.85
15,296,439.42,28.99,43.83,52.75,1.894,311.71
7,51,237.41,28.37,35.76,67.2,6.908,385.05
6,246,188.35,21.64,27.75,75.63,3.219,362.18
15,10,377.08,30.03,42.4,49.84,1.931,271.88
11,246,800.19,23.58,47.46,41.51,0.19,543.64
6,130,246.74,21.4,29.58,78.19,1.396,417.95
8,133,537.39,23.58,39.92,54.6,1.132,86.52
5,139,7.83,17.53,17.13,84.52,0.698,38.72
10,134,834.63,23.35,48.85,34.91,0.837,126.3
17,8,178.89,30.19,35.97,63.52,0.776,154.5
1,344,17.41,26.16,26.74,100.0,3.471,3.25
23,143,4.23,13.91,14.28,97.79,2.964,1.05
13,349,513.48,32.8,50.04,37.02,0.864,323.32
16,217,492.63,22.96,37.91,50.15,3.737,848.19
6,237,221.19,22.26,28.15,79.31,3.097,360.86
14,85,665.68,26.96,49.15,41.81,2.134,742.69
0,257,0.0,19.46,18.72,93.72,1.035,12.85
1,227,0.0,14.98,15.43,94.62,5.252,5.79
10,175,886.53,22.4,49.52,32.04,3.049,613.81
8,68,384.98,27.78,40.86,59.15,1.612,625.27
23,298,0.0,20.89,21.42,98.49,1.661,5.14
13,225,890.59,25.87,54.74,30.31,1.474,1432.61
12,192,1051.12,24.5,55.76,27.12,3.874,668.61
7,308,223.41,26.71,36.05,70.55,2.054,368.71
18,291,150.9,25.39,30.67,78.32,1.8,108.55
18,228,207.36,18.69,25.07,80.11,0.774,135.87
23,156,4.01,10.45,9.88,93.58,5.1,15.68
9,249,582.42,26.29,45.64,45.71,2.774,381.47
3,106,5.95,17.88,18.76,92.36,1.787,0.0
9,89,570.79,24.63,42.67,42.67,2.199,677.88
17,260,256.48,24.03,31.29,67.72,0.215,449.17
17,154,365.08,20.27,32.34,64.25,3.833,278.94
5,281,0.0,23.03,22.61,85.97,1.842,12.43
8,137,519.57,21.12,37.55,55.14,2.873,889.15
17,111,335.7,22.54,33.69,63.54,1.817,596.37
18,249,208.78,24.22,31.57,73.95,1.567,368.89
4,30,0.0,24.04,24.09,100.0,1.443,0.0
15,10,346.07,30.02,40.86,55.43,3.52,226.34
2,72,5.73,20.34,20.53,88.41,1.721,0.0
22,53,17.12,19.6,21.77,98.25,6.887,58.81
4,202,0.0,15.05,14.91,98.37,3.409,32.4
6,274,171.84,21.85,27.35,81.94,4.646,123.71
23,51,17.05,17.75,17.56,97.79,2.245,10.47
11,192,1002.95,24.78,56.4,32.3,4.508,632.47
7,130,357.75,17.74,28.05,65.38,2.793,430.3
17,283,278.5,24.82,32.67,63.78,0.475,491.36
19,338,25.38,29.36,29.76,85.4,5.051,10.74
8,239,490.03,23.81,37.75,56.33,1.32,854.38
22,290,0.0,22.12,22.32,91.47,2.025,17.64
18,186,245.23,18.91,26.62,74.92,2.086,288.96
16,165,565.12,20.2,37.21,55.71,4.957,960.97
16,262,434.56,26.24,40.31,57.14,2.207,738.39
0,218,0.0,18.26,18.26,96.0,4.479,0.0
13,172,1038.07,24.59,57.15,26.72,1.274,1624.49
5,32,0.0,24.58,24.94,84.74,2.216,13.03
2,263,0.0,17.85,18.61,91.26,3.258,0.0
12,357,501.44,35.07,51.56,31.72,0.221,815.69
1,167,4.07,14.98,14.82,92.43,4.326,0.0
6,92,174.44,22.54,28.12,77.11,4.12,138.91
12,343,529.6,35.9,53.57,40.48,1.608,327.17
23,25,17.42,20.03,19.92,95.48,2.292,42.11
6,124,240.24,20.26,27.81,83.74,1.81,429.81
0,308,7.83,26.97,27.16,90.96,1.795,0.0
7,94,306.1,22.72,33.0,64.11,1.325,529.16
2,333,10.25,24.2,23.94,93.95,3.359,7.63
4,57,4.5,21.29,21.97,92.75,2.822,0.0
15,97,595.52,26.54,45.35,42.54,3.414,414.08
10,344,451.55,32.24,48.4,44.08,1.339,341.8
9,269,521.96,29.27,45.91,49.57,1.112,581.26
5,35,0.0,24.82,25.11,86.93,1.982,4.68
23,25,44.95,23.69,25.48,93.39,3.07,44.53
3,97,0.0,16.7,16.68,94.44,2.054,2.36
15,314,386.24,30.23,42.69,51.31,1.145,462.98
20,291,40.07,19.42,20.97,93.13,2.537,51.96
15,61,497.27,27.54,43.57,44.85,3.026,333.1
15,155,727.7,21.36,44.85,47.51,2.569,511.53
2,155,10.34,14.31,15.54,92.5,0.888,7.8
22,220,5.03,14.84,14.8,97.0,2.878,25.84
12,302,621.92,33.0,53.34,38.16,4.51,402.77
3,354,11.55,25.14,25.23,93.49,1.024,18.55
22,132,22.18,16.62,17.29,94.09,2.169,31.61
7,292,229.41,25.79,32.23,68.94,2.639,414.63
20,163,18.66,14.15,14.37,92.52,2.79,33.51
1,6,13.89,24.31,24.93,93.72,5.991,22.7
16,38,313.64,30.56,39.19,56.67,2.897,557.87
0,107,18.94,16.6,16.59,92.7,5.267,29.12
12,329,559.19,32.87,49.67,37.85,1.222,603.72
7,308,214.58,27.63,35.23,66.05,3.135,365.75
14,202,839.37,22.42,49.07,36.94,4.341,1364.05
9,218,680.42,23.7,44.53,43.15,4.225,107.47
13,196,982.01,26.32,56.36,27.86,1.541,1523.95
21,237,23.98,16.86,17.54,95.83,3.914,23.96
8,274,385.61,27.31,39.66,58.99,2.703,644.2
23,13,12.99,22.45,24.13,94.69,1.075,3.49
1,66,0.0,17.86,16.81,92.26,2.415,0.0
16,333,301.13,30.01,40.1,63.57,4.394,497.55
10,59,624.79,29.5,47.85,38.98,1.253,428.34
13,329,524.81,29.95,47.65,38.15,3.973,871.61
0,202,0.0,13.53,13.81,96.37,3.318,6.51
11,257,790.73,25.62,51.3,33.84,0.93,1317.67
9,244,590.11,24.05,42.98,50.06,5.474,991.24
0,261,4.74,21.74,23.09,95.13,3.935,11.15
22,136,13.15,16.28,16.12,91.34,3.479,12.56
20,226,11.81,18.5,18.31,87.9,2.003,26.6
15,162,764.76,23.4,47.75,46.59,3.869,1219.73
9,44,422.95,27.49,41.05,47.94,0.922,742.67
18,131,235.87,18.84,25.39,76.17,5.908,169.83
13,277,661.13,27.13,47.94,38.9,2.349,466.56
21,321,15.57,23.58,23.46,98.97,2.867,20.36
10,12,466.45,32.84,47.13,42.48,2.385,298.09
10,326,449.19,33.29,46.92,43.94,0.392,310.17
22,94,11.08,19.99,20.15,95.42,2.969,0.51
14,210,852.34,23.39,50.34,39.83,3.611,929.33
21,351,6.73,24.19,24.2,93.6,3.199,49.29
16,9,265.57,27.91,36.52,60.97,3.633,311.79
12,27,551.33,32.64,50.81,37.6,3.004,916.25
12,64,709.42,29.96,52.68,32.54,1.823,1130.73
4,31,3.65,20.35,19.57,92.36,1.017,6.61
12,318,573.01,34.89,53.58,33.1,2.319,389.77
23,101,0.0,15.91,16.88,94.23,3.573,0.0
6,77,202.31,22.77,29.24,76.68,4.365,153.27
19,129,0.0,17.19,17.67,89.02,3.65,0.0
14,295,562.51,31.8,48.93,40.34,3.591,891.0
19,74,14.15,22.48,21.53,92.24,2.821,12.08
15,183,744.83,19.45,43.16,44.26,3.302,95.77
10,184,899.56,24.17,53.41,34.19,5.044,620.95
12,316,582.27,33.66,52.32,34.02,0.389,414.01
9,156,722.27,21.17,44.95,46.9,2.534,1195.58
8,324,295.28,27.54,36.93,59.3,3.713,476.38
1,54,0.0,20.98,21.17,94.04,2.33,3.16
19,148,9.92,18.04,18.64,92.63,4.672,0.0
22,288,11.02,20.17,20.66,96.62,1.854,23.74
1,317,13.71,21.8,22.07,95.67,2.054,4.23
5,262,20.39,20.32,20.56,87.04,1.562,37.84
13,145,939.88,23.07,52.39,31.83,1.011,1040.64
13,172,976.84,19.09,49.41,29.12,3.593,151.77
3,327,7.43,23.27,23.37,94.09,1.855,10.8
20,129,0.0,19.43,20.05,95.95,0.949,0.65
2,316,0.0,21.8,21.14,96.13,1.102,0.0
11,322,540.65,31.94,48.37,36.04,0.438,614.57
6,222,232.15,18.59,25.7,73.82,1.201,415.14
3,30,6.76,23.75,23.95,95.6,4.33,4.8
17,188,363.37,19.42,31.47,60.99,5.479,626.89
2,220,4.79,14.04,13.51,95.93,2.128,0.0
2,126,0.0,14.02,13.42,99.12,7.498,20.41
3,342,3.96,21.4,20.88,94.56,1.965,0.0
18,349,114.89,29.14,31.71,81.02,2.349,91.16
11,313,588.37,32.18,50.36,32.18,4.272,953.18
10,111,804.71,21.91,46.82,42.84,1.923,880.37
9,328,366.61,31.26,42.92,48.23,0.747,247.54
9,2,354.13,29.82,39.99,52.45,4.216,573.7
19,348,0.0,25.07,25.53,88.61,4.867,2.19
18,255,174.95,19.56,24.33,72.03,2.171,298.5
10,139,866.45,22.79,49.28,36.51,3.488,594.5
6,116,201.52,18.52,24.27,83.24,1.534,390.43
21,264,0.0,17.42,17.75,95.11,1.302,0.0
9,214,659.07,22.73,44.38,44.24,1.243,1110.08
13,119,927.34,23.54,51.89,35.36,0.847,1026.69
12,299,600.34,31.78,51.17,37.82,1.805,420.72
5,98,17.69,22.24,23.32,90.32,3.837,23.56
0,155,6.23,12.77,12.87,88.62,3.349,0.0
12,357,515.49,36.4,52.25,35.81,3.635,851.17
8,306,319.71,30.23,40.45,56.44,3.853,368.85
6,166,245.41,17.16,23.91,78.93,2.917,421.08
3,361,9.43,24.43,24.68,94.06,1.248,5.05
16,246,473.41,24.34,39.36,54.09,3.506,801.74
5,80,0.45,25.78,27.25,91.51,1.438,0.0
20,166,6.74,15.93,15.47,94.08,0.694,0.0
21,40,0.0,22.69,23.45,96.07,2.25,20.78
11,301,650.54,30.64,48.82,36.54,4.373,1049.71
19,365,7.7,27.62,26.59,89.04,2.296,11.03
2,72,27.5,20.54,20.54,92.78,5.247,0.0
18,189,235.36,18.8,25.88,73.12,2.667,186.99
20,193,0.0,15.93,15.75,93.74,1.649,3.08
15,339,350.63,33.92,46.01,50.0,2.278,389.96
12,66,770.07,28.36,52.1,34.55,5.041,513.44
17,86,309.11,26.7,36.15,62.32,2.71,53.81
10,359,457.72,31.9,46.39,40.74,1.035,310.54
7,205,356.29,23.06,34.2,66.09,1.765,402.26
22,29,2.23,24.93,25.87,88.53,2.913,1.89
16,99,470.82,23.68,38.2,51.8,1.597,764.1
3,181,0.0,14.58,14.77,91.1,2.578,9.24
2,20,12.44,24.24,25.41,95.64,1.493,35.75
21,51,15.04,22.51,23.22,96.03,0.772,48.63
5,22,0.0,26.92,27.35,95.9,2.219,8.69
4,130,0.0,16.07,17.08,98.18,1.812,0.0
16,47,330.58,26.91,36.71,57.69,0.944,379.62
6,211,233.68,21.51,29.31,77.48,3.913,410.72
10,29,490.46,31.2,46.33,46.29,4.643,768.76
23,295,9.19,21.25,21.4,100.0,3.189,30.83
8,137,539.56,21.73,39.66,50.42,1.076,617.75
12,359,548.08,35.38,51.15,39.32,1.822,871.64
8,257,447.4,26.63,39.13,61.76,3.371,301.22
9,322,406.27,29.12,40.59,42.98,0.367,248.39
9,298,462.96,29.27,43.78,49.64,1.675,771.27
5,183,0.0,16.15,17.69,89.6,0.926,1.06
13,126,917.57,24.34,52.56,29.02,2.774,996.87
14,160,873.12,20.92,48.46,39.31,3.951,573.92
15,29,398.13,31.81,43.74,47.61,4.76,633.94
1,78,13.24,18.96,18.92,97.67,1.795,0.0
11,283,671.04,31.89,53.5,34.4,1.743,462.25
10,146,865.87,20.49,47.71,38.54,5.517,1440.97
2,134,12.04,14.3,13.92,96.58,4.217,0.0
1,336,30.4,23.09,23.12,93.03,1.843,22.24
20,160,7.84,14.84,15.78,97.41,1.887,5.41
6,328,120.94,27.96,31.34,78.93,4.588,223.91
14,226,833.36,24.99,50.17,33.78,2.617,1301.92
20,312,0.0,24.27,24.27,100.0,1.227,0.83
21,201,10.27,15.0,14.39,93.73,0.922,14.88
4,333,0.0,24.38,22.95,94.84,0.462,6.07
22,52,0.0,20.4,21.28,98.68,3.129,0.77
3,140,4.72,13.95,13.26,93.02,2.695,0.0
10,144,852.13,23.33,49.45,36.35,2.086,1399.2
1,165,0.0,14.51,14.85,97.32,3.592,0.0
21,352,26.8,25.8,26.79,97.68,1.746,9.44
2,130,0.0,12.85,13.33,94.63,4.707,12.02
8,44,327.73,28.01,38.59,62.17,0.676,384.91
8,218,500.51,23.68,39.34,59.53,1.056,860.94
12,138,1020.4,22.18,55.74,31.04,1.661,1639.43
20,52,0.0,23.49,23.56,96.46,3.526,10.97
18,80,166.61,23.68,28.41,76.38,0.737,310.89
21,32,0.56,22.52,22.37,96.96,4.762,0.0
23,205,0.0,12.6,12.37,97.65,3.75,12.16
14,274,622.3,26.85,46.28,36.26,2.477,1040.92
17,73,258.55,27.11,35.42,57.17,3.58,171.39
21,188,0.76,12.46,10.85,90.65,1.574,5.95
16,35,319.66,28.34,37.47,62.1,1.283,519.7
5,104,13.69,19.37,19.41,88.4,1.475,0.0
9,39,447.71,29.41,42.74,55.66,0.994,743.15
5,349,15.67,27.41,26.52,89.6,3.418,18.75
13,193,977.17,22.79,52.61,35.69,4.83,667.14
5,263,15.53,21.28,22.27,86.92,4.715,15.2
7,339,193.71,32.19,39.15,65.73,3.281,347.56
19,174,29.26,19.66,20.19,94.65,3.482,7.68
9,100,625.6,23.61,44.88,44.33,2.952,1039.01
7,309,217.1,24.46,31.79,66.11,1.442,373.37
20,52,15.93,22.66,23.88,97.94,2.517,8.44
2,81,0.0,18.87,19.62,97.05,1.898,3.22
10,88,686.17,28.66,49.02,40.81,0.513,1126.76
2,48,10.05,20.82,21.07,88.67,2.619,3.38
1,110,0.0,15.67,15.96,94.62,3.418,0.0
23,42,0.22,20.72,19.72,96.29,1.483,15.24
16,187,531.56,20.52,37.41,56.89,1.297,642.82
3,324,0.0,24.55,26.09,96.34,1.031,12.24
13,348,501.93,32.53,48.74,38.02,2.178,368.27
2,229,0.02,13.33,14.12,95.76,3.836,11.3
9,250,556.4,25.94,45.65,47.32,3.385,409.54
16,179,548.92,18.42,34.25,52.97,3.882,667.59
15,242,608.13,25.56,45.29,45.87,5.358,436.85
10,114,779.69,25.97,50.54,38.73,3.284,129.39
15,117,653.19,23.63,44.68,41.01,2.277,467.46
12,153,1035.05,23.38,55.69,37.22,3.073,1644.63
13,223,917.57,25.57,54.65,29.92,4.138,617.2
3,248,7.26,16.3,16.64,93.71,4.272,0.0
2,362,1.39,23.75,23.39,94.83,0.823,0.58
9,360,351.18,31.29,43.79,49.55,2.594,578.66
9,175,710.33,20.45,43.88,42.77,5.898,470.09
12,198,1002.46,22.44,53.16,32.92,2.611,1098.85
9,124,650.03,25.34,45.72,44.86,3.445,1117.34
7,266,275.84,25.86,34.61,63.8,0.783,471.17
0,77,15.0,21.8,23.12,95.07,1.375,23.79
20,212,17.24,18.76,17.73,89.88,1.893,6.96
14,72,633.8,27.97,47.35,43.37,1.954,1047.08
6,46,191.02,23.69,29.81,77.56,1.123,121.44
21,248,0.0,17.19,18.49,91.38,0.751,3.09
1,233,4.5,16.45,17.31,91.17,3.752,26.12
21,359,9.96,26.42,25.9,99.46,3.464,9.08
1,309,0.0,23.56,22.4,94.55,3.076,0.0
18,336,108.8,26.41,30.05,81.48,4.221,181.71
6,240,207.83,21.24,26.88,77.81,4.692,128.22
16,69,399.75,25.38,37.3,54.96,0.681,271.12
20,180,33.92,15.23,16.18,95.26,1.546,66.95
16,325,314.89,29.78,39.04,56.57,2.035,539.22
21,164,0.0,14.0,13.75,91.16,4.475,12.28
22,86,1.81,19.26,18.49,98.67,3.413,16.32
7,14,199.0,31.37,36.33,72.31,2.529,141.4
13,52,615.68,28.59,48.52,37.94,2.396,404.06
13,23,545.1,32.06,48.66,36.97,4.893,380.95
9,9,368.74,32.82,44.21,48.39,3.642,288.09
15,337,339.18,30.69,41.44,50.01,2.543,240.47
0,62,8.39,20.52,19.72,94.14,2.887,3.19
15,38,401.48,26.66,39.5,48.93,3.527,79.69
15,342,382.52,29.88,41.9,51.98,0.901,238.21
3,340,0.0,23.49,24.88,99.74,3.898,5.22
1,13,18.98,25.34,25.82,91.02,1.635,50.91
8,67,393.2,29.1,41.49,57.1,1.304,258.78
5,196,0.0,19.09,20.44,87.64,1.412,0.0
16,343,286.35,30.24,39.59,54.67,2.952,502.81
11,143,985.81,23.44,54.42,31.18,4.462,1051.21
17,163,368.29,20.26,33.44,64.89,2.6,662.05
15,134,670.59,21.97,43.06,47.79,3.342,1104.42
3,322,1.99,23.81,22.87,92.44,3.435,0.0
17,68,242.38,26.29,34.39,67.79,2.572,158.51
10,292,542.35,29.94,48.24,40.19,0.457,386.24
4,14,0.0,26.34,27.13,95.1,3.992,0.0
8,282,346.97,26.17,39.3,55.43,4.457,580.05
11,172,1009.86,21.81,53.83,31.84,3.221,1623.44
6,179,257.04,20.45,28.39,72.4,1.91,333.39
11,304,604.33,33.41,52.53,39.08,0.766,663.18
12,218,955.99,25.52,55.76,31.81,1.646,1544.22
2,199,15.74,14.52,14.97,98.72,5.394,0.0
21,102,22.28,18.61,18.99,94.28,2.53,50.96
5,58,0.0,27.89,27.46,89.23,1.575,4.35
14,348,443.64,32.42,45.62,38.75,1.379,325.18
14,222,803.58,26.67,50.94,40.97,1.648,547.34
10,14,448.26,30.87,45.02,43.86,3.629,291.82
0,316,16.09,23.9,24.62,90.92,3.212,20.13
10,365,451.96,34.75,50.01,40.39,3.318,700.14
21,29,2.44,24.77,25.6,92.34,1.858,0.0
10,119,800.69,26.37,52.58,41.73,2.8,1281.48
15,272,538.76,26.45,42.41,55.88,3.312,353.9
1,235,17.24,18.58,19.37,94.36,3.792,0.0
18,253,172.36,22.88,28.05,79.66,2.851,293.26
2,251,57.97,15.95,17.12,93.39,3.167,45.57
2,257,0.0,19.38,20.32,99.15,0.391,0.0
2,161,1.09,14.12,12.86,95.6,2.724,5.07
16,311,305.41,30.06,39.16,57.19,1.552,220.24
14,349,428.3,35.08,49.27,40.87,3.697,484.3
17,221,334.11,18.9,29.0,65.14,3.305,576.89
1,244,21.21,18.57,16.73,94.76,5.226,4.79
1,21,5.95,24.33,23.1,89.92,1.145,6.86
3,211,8.81,15.09,15.69,100.0,1.564,24.06
8,322,284.89,30.54,38.74,56.62,2.078,451.09
15,92,605.96,28.35,47.48,46.76,2.26,429.83
17,109,341.87,23.21,34.0,66.7,0.914,578.1
21,35,0.0,23.37,24.3,92.39,1.545,0.0
11,184,991.52,22.09,52.68,30.82,1.763,156.99
11,144,985.59,26.81,58.15,27.34,0.8,653.18
22,223,0.0,15.16,16.55,98.1,3.496,0.0
8,329,295.48,29.71,39.4,60.51,5.63,507.06
15,144,732.71,22.62,43.78,41.7,2.353,1229.09
6,39,108.02,25.19,28.34,81.16,2.548,96.6
1,356,15.25,24.25,26.33,96.74,2.258,0.0
16,347,256.91,28.79,35.73,56.86,0.565,333.96
14,262,684.39,27.13,49.1,42.24,1.191,1107.41
20,4,12.24,26.66,27.28,93.66,4.538,0.0
8,306,308.7,29.8,39.93,57.94,1.93,234.02
8,120,518.54,22.69,38.34,53.42,2.095,873.93
0,46,14.72,20.28,21.53,96.06,6.798,12.96
11,242,863.07,26.2,52.08,38.46,1.267,137.07
10,152,880.29,22.24,49.43,33.93,4.706,962.2
20,248,0.0,18.86,18.2,95.59,2.393,4.11
6,360,97.39,28.32,32.02,80.32,5.796,202.5
22,144,10.61,15.57,16.23,93.27,0.982,9.6
22,223,32.31,15.27,15.18,94.09,3.442,12.4
18,27,164.34,29.32,35.41,77.04,0.474,282.01
7,67,258.06,23.19,31.98,68.19,2.94,324.86
1,342,0.0,22.61,23.39,96.22,4.28,0.0
13,260,762.96,24.32,50.74,34.42,1.983,535.28
9,130,670.21,22.95,42.69,50.32,0.259,783.39
14,135,875.22,22.44,48.46,38.08,1.932,591.46
2,43,17.36,22.02,22.09,90.43,1.476,32.12
3,6,8.58,23.35,23.03,91.83,3.002,10.99
1,356,6.22,25.98,25.75,91.94,3.629,0.0
8,339,270.09,28.6,37.87,57.45,2.952,39.16
5,282,0.0,24.96,23.99,85.02,2.304,9.39
15,262,520.65,25.41,43.41,45.42,2.413,587.76
16,298,339.06,26.76,37.46,56.31,2.651,599.16
23,7,6.65,19.31,18.67,91.92,2.597,27.43
7,244,291.97,24.35,33.15,68.26,0.827,342.6
14,31,509.64,33.27,48.67,42.0,2.479,809.32
22,263,6.08,14.54,14.45,97.18,2.592,0.0
5,69,16.26,23.87,24.41,85.94,3.377,5.03
8,69,369.35,24.4,35.2,54.55,6.177,241.11
21,160,19.11,14.55,14.18,99.73,3.567,0.0
23,60,0.0,20.37,20.14,97.77,2.265,10.33
2,20,0.0,24.32,24.85,87.72,2.236,10.43
17,52,233.63,25.68,31.91,69.02,3.735,179.97
20,202,0.0,17.3,18.63,96.69,2.684,2.09
0,240,0.0,18.57,18.3,95.53,3.519,6.23
12,290,696.35,29.91,52.29,30.4,2.216,1082.56
1,173,0.0,12.79,12.63,96.6,2.62,0.0
12,203,993.8,22.31,53.89,33.17,2.566,638.59
17,201,351.31,20.08,30.9,64.07,4.154,281.37
11,223,947.11,26.66,56.06,36.3,7.614,590.68
16,265,418.34,26.43,39.91,53.96,3.087,715.09
1,180,1.54,12.89,12.11,94.07,1.977,4.92
23,166,37.95,13.52,14.71,93.76,5.191,33.09
5,195,19.08,21.04,21.94,88.46,2.414,6.82
21,233,0.0,16.91,16.4,91.67,2.457,0.0
18,166,252.52,16.02,23.85,79.02,1.509,476.54
22,258,0.0,19.56,18.25,92.3,5.363,14.82
10,214,837.84,22.16,48.84,38.65,2.887,1352.71
22,265,0.0,22.13,22.6,93.84,0.13,13.43
14,351,470.49,31.61,46.01,39.86,2.717,325.86
19,202,9.69,18.79,19.68,89.17,1.283,4.81
16,358,267.61,30.47,39.47,55.7,2.12,462.33
16,157,525.12,20.45,36.23,52.41,3.098,632.91
8,228,532.86,20.74,37.24,55.43,3.748,875.11
12,101,876.91,24.84,51.58,32.33,1.782,1425.64
21,282,4.22,22.04,22.52,100.0,1.826,22.64
4,128,14.96,14.19,13.55,94.75,5.956,16.0
22,365,16.59,23.89,26.23,94.67,0.645,11.2
2,214,0.0,17.19,18.29,95.1,3.426,0.0
4,151,27.82,14.01,14.04,91.15,2.591,0.0
22,232,0.58,18.39,18.02,95.75,1.978,0.0
22,337,9.66,24.14,24.95,91.9,3.516,23.17
17,322,204.03,29.27,35.86,65.27,1.057,279.25
16,2,256.91,31.64,38.84,61.14,2.989,175.25
21,327,18.91,23.74,23.98,96.48,4.422,18.77
19,347,12.83,23.2,22.9,85.28,0.828,9.52
7,78,289.3,22.64,31.48,67.88,3.916,250.32
16,114,468.02,22.85,38.4,57.08,0.281,555.66
12,71,733.77,30.95,53.61,30.63,0.432,487.42
16,18,314.73,30.11,40.22,60.42,0.98,349.77
16,213,520.23,21.82,37.35,57.37,4.661,873.15
14,353,444.68,35.48,49.62,42.07,2.536,730.88
23,185,0.0,12.12,12.42,97.14,2.501,5.92
1,181,0.0,13.48,14.06,93.75,3.782,0.0
7,35,208.8,30.96,36.86,63.28,2.389,360.64
19,336,5.72,21.58,22.41,88.43,1.047,6.74
4,81,2.11,20.65,19.85,98.29,0.847,17.7
1,192,3.03,13.64,14.03,96.76,5.222,17.78
12,77,766.91,28.38,51.84,35.33,4.632,509.01
21,316,3.93,22.93,22.89,97.53,2.165,4.13
20,159,0.0,17.13,17.84,96.12,3.074,2.17
1,114,9.36,15.11,15.51,97.41,0.646,27.62
21,365,3.1,25.95,26.56,92.74,2.328,0.0
2,32,0.0,22.75,23.07,97.38,4.625,15.41
19,306,31.19,24.19,25.19,86.6,1.791,15.65
20,22,0.0,26.04,25.34,91.41,4.13,0.0
9,136,675.91,23.23,44.2,43.08,2.698,1140.84
15,356,346.96,31.31,41.12,51.39,1.356,258.92
22,42,43.75,21.29,23.32,90.97,0.406,95.21
12,85,801.42,27.29,52.53,29.95,2.493,892.29
22,270,0.0,18.72,17.94,93.7,1.246,0.0
9,261,557.64,27.66,44.2,42.02,3.797,911.13
14,307,514.36,31.25,48.15,42.76,2.578,860.9
12,168,1016.32,23.83,56.45,26.38,3.482,1598.74
21,332,0.0,26.37,27.47,93.74,3.303,6.85
2,80,21.98,20.29,21.62,94.58,1.928,11.0
2,162,13.52,16.06,15.08,95.84,1.43,3.03
16,54,318.36,25.83,36.66,57.43,1.317,563.45
17,334,199.97,31.02,37.01,64.86,0.471,146.23
12,177,1045.71,23.13,56.21,27.68,2.332,692.1
15,331,368.43,32.11,44.79,50.26,5.61,613.61
8,40,334.47,29.58,40.51,55.84,2.833,50.75
6,356,123.2,26.16,30.33,77.15,2.366,235.73
21,153,0.0,12.88,13.43,98.27,2.595,0.0
0,170,4.67,14.25,12.89,95.71,2.125,25.83
15,155,722.09,21.86,45.95,38.85,4.287,501.67
5,228,0.0,19.51,18.87,87.74,2.016,5.95
8,12,305.47,32.27,41.84,54.88,1.155,342.3
11,334,550.23,31.63,49.05,36.59,1.454,91.36
17,134,351.35,21.88,32.46,64.58,1.537,431.92
7,150,347.88,20.1,32.37,64.22,2.6,639.57
13,84,772.86,27.63,50.68,40.43,2.163,1253.24
7,120,345.12,23.11,33.97,64.88,2.958,48.82
18,322,122.88,25.05,28.17,82.31,3.173,205.48
11,125,957.32,25.79,55.23,30.63,1.234,147.04
22,20,0.0,25.18,24.3,94.96,3.457,25.91
22,241,0.0,17.81,18.47,91.68,4.679,0.0
16,57,370.25,26.7,38.52,60.6,2.274,265.36
15,268,514.5,23.83,39.05,52.3,3.896,868.31
23,165,5.02,14.67,13.48,95.63,2.042,19.16
0,346,0.0,24.79,26.14,93.86,2.774,2.86
12,293,650.52,31.23,51.39,33.51,4.664,471.98
13,120,901.31,25.96,53.88,29.47,2.938,564.38
2,251,14.84,17.06,17.1,100.0,0.991,8.91
3,361,9.1,23.28,23.52,89.05,2.144,28.3
22,338,3.01,23.63,25.02,100.0,3.863,6.65
10,46,573.82,32.47,50.35,35.47,3.837,909.28
11,213,922.08,24.24,53.28,31.94,1.201,1003.6
7,234,323.73,22.56,33.08,63.6,1.76,564.22
9,357,351.21,30.84,42.49,41.18,3.377,239.58
3,110,4.23,15.28,16.0,92.27,3.558,0.0
11,80,756.29,27.07,51.6,36.5,2.507,1218.95
3,82,17.6,22.15,22.29,92.61,2.343,0.0
23,155,0.0,9.12,8.78,94.92,4.217,11.43
15,220,659.87,23.23,45.71,41.79,3.477,456.42
5,186,4.63,16.93,16.83,90.41,2.532,8.88
2,82,2.6,18.89,19.12,99.44,2.631,6.83
17,62,243.59,26.78,35.65,73.32,0.669,461.4
6,173,262.0,16.23,24.56,75.16,0.324,311.89
6,132,243.17,18.81,26.07,72.92,1.385,312.16
10,143,902.74,22.04,49.15,38.38,2.022,1407.12
0,183,5.78,13.42,13.29,93.35,3.209,6.21
10,236,764.81,27.19,52.28,36.22,2.832,497.48
2,174,6.66,13.65,13.24,97.32,2.621,15.92
6,230,206.95,19.79,27.76,78.33,3.253,229.57
20,365,23.44,25.6,27.0,94.66,3.249,41.18
6,24,133.89,26.21,28.78,75.88,1.887,197.09
12,354,515.62,31.09,49.08,42.04,1.695,848.38
12,51,661.79,33.15,54.15,29.03,0.805,719.18
9,53,473.39,27.72,42.84,49.56,0.1,781.77
8,311,262.41,31.05,40.88,58.06,5.299,483.04
20,68,0.0,21.02,21.85,99.06,1.82,0.25
10,67,614.16,28.07,48.11,43.29,2.025,423.87
9,157,718.28,20.7,44.01,52.57,0.986,492.13
18,250,186.68,21.82,28.77,72.18,1.706,237.9
5,10,0.0,24.72,25.04,90.83,3.727,0.01
0,128,18.11,14.83,14.7,93.19,2.841,2.01
15,360,368.56,31.52,43.11,48.49,1.719,273.16
14,198,898.97,22.54,50.13,39.34,2.802,1424.31
14,285,617.47,30.06,47.89,36.59,4.456,415.24
21,92,7.11,20.21,19.61,91.8,0.616,13.47
17,258,256.89,23.09,31.09,64.19,0.452,193.8
15,3,398.01,31.62,42.22,46.28,2.487,648.85
18,255,210.17,22.73,28.8,75.9,2.743,155.64
14,84,688.16,28.84,51.06,43.17,2.023,106.71
7,60,216.17,29.77,37.56,65.01,1.237,172.23
5,295,20.95,28.13,28.47,92.12,1.617,34.41
5,215,0.0,20.8,20.76,86.28,4.464,4.5
7,139,341.68,18.89,29.68,68.52,0.151,602.24
2,254,0.0,18.47,18.04,90.99,3.552,0.0
8,95,410.29,25.2,38.3,54.33,3.976,714.52
11,114,871.72,25.06,52.36,37.24,0.949,618.01
10,331,465.07,31.55,45.66,42.96,4.74,756.99
13,46,608.81,31.01,50.6,37.16,4.545,418.05
15,235,620.0,23.52,42.71,46.54,1.595,466.07
18,38,124.61,26.57,31.0,77.37,0.899,29.46
8,41,315.11,27.21,37.82,61.99,0.89,556.17
4,85,3.63,18.92,19.37,97.77,2.665,0.03
14,5,469.59,33.17,47.92,40.34,1.868,776.09
23,163,0.0,11.62,11.52,95.04,6.865,18.13
5,252,21.06,21.03,21.82,88.42,2.297,38.62
14,186,909.27,23.0,50.5,36.59,1.554,991.55
7,290,245.92,26.56,34.5,68.65,2.352,281.49
3,114,13.62,16.45,15.74,95.72,1.003,1.97
5,160,0.0,21.38,22.22,86.6,2.189,13.86
0,362,2.71,24.86,25.19,93.37,1.573,5.86
2,23,25.98,21.67,21.44,92.77,6.037,10.5
12,242,898.11,26.23,53.99,30.28,1.846,961.2
10,345,457.94,31.05,46.84,52.89,3.585,723.52
11,197,1012.08,23.3,55.12,33.23,1.478,663.72
9,27,380.93,29.9,41.16,48.59,5.404,656.67
8,341,261.69,30.52,38.38,61.18,1.709,298.62
16,96,427.43,26.88,39.31,53.31,2.115,721.5
10,222,826.31,25.42,51.11,36.56,2.2,1311.57
11,91,783.65,24.41,47.69,36.48,1.331,1281.67
7,293,199.73,27.47,35.31,62.82,0.383,262.96
21,320,5.99,20.98,22.52,96.0,0.729,6.19
12,40,631.82,27.99,48.22,36.26,0.385,1045.12
17,47,254.89,25.66,34.03,67.22,2.682,321.6
13,11,511.57,30.64,46.67,41.37,0.409,584.63
10,350,429.26,32.75,45.45,42.1,5.237,683.62
0,293,1.52,22.32,23.49,94.76,4.474,0.0
15,150,718.23,21.02,42.43,48.74,3.147,529.41
2,181,2.68,13.22,14.53,93.62,1.301,7.16
1,43,12.92,20.2,19.59,100.0,3.977,3.44
22,6,6.61,23.64,22.67,98.08,4.249,29.86
10,351,445.68,33.99,46.74,45.54,2.178,306.8
17,22,232.13,28.9,36.37,68.39,3.001,293.5
10,206,867.48,21.16,49.62,35.43,0.706,1415.15
6,349,93.57,27.57,31.52,78.35,3.125,206.38
6,238,230.83,21.91,28.8,77.51,2.054,373.65
17,354,170.8,30.6,35.93,73.18,2.183,307.72
17,17,211.22,29.61,37.89,66.77,2.805,136.37
23,267,11.32,15.68,15.43,87.92,2.538,40.73
17,105,334.55,25.0,35.31,68.73,1.674,564.03
13,262,732.72,25.64,47.78,40.51,2.858,1223.39
17,223,325.02,20.0,31.39,67.36,4.388,224.3
16,70,406.46,25.67,38.68,54.94,1.466,471.72
20,88,0.0,19.61,19.66,92.54,3.6,13.56
18,239,224.96,21.62,27.55,78.71,1.944,261.35
20,311,0.51,22.66,23.16,92.25,4.405,5.08
0,101,16.16,18.14,18.17,94.06,1.304,9.4
13,178,1038.08,24.04,56.33,33.15,1.572,675.4
9,240,647.42,27.85,48.42,44.31,0.957,446.58
9,250,573.34,25.74,43.42,53.04,3.418,974.44
19,132,5.84,18.48,19.07,88.24,2.008,0.0
4,36,8.93,23.77,24.19,100.0,3.667,18.94
23,286,13.5,18.84,19.21,100.0,1.465,28.74
7,269,284.88,24.34,32.35,64.09,1.343,189.45
21,5,2.29,23.25,23.95,97.22,1.831,3.1
3,324,0.0,25.37,25.07,97.37,2.725,15.37
22,94,22.65,17.59,17.41,93.0,3.432,8.79
5,114,0.0,20.24,20.31,83.91,3.488,20.21
3,131,0.0,12.77,13.05,95.26,2.071,6.19
17,312,232.64,28.81,34.92,68.05,2.786,385.31
19,339,0.0,28.72,29.06,88.02,2.941,0.0
10,360,458.07,32.55,48.17,45.72,1.307,734.02
12,235,874.63,24.98,52.29,33.0,3.799,1413.56
19,5,12.81,26.45,26.73,93.14,1.159,39.21
10,346,445.27,28.47,41.94,39.81,1.077,526.25
23,10,0.0,19.53,20.74,98.51,1.393,5.49
19,187,0.0,17.17,18.46,91.29,2.18,0.0
8,218,498.16,22.73,38.04,51.37,3.896,372.51
22,256,11.52,16.12,17.78,92.12,6.508,0.0
21,324,0.0,22.19,21.9,95.48,0.481,0.0
4,31,22.47,22.43,22.6,96.28,1.549,3.19
11,160,1016.66,25.4,58.3,35.3,2.641,636.12
16,59,337.51,27.66,38.11,54.24,0.65,242.72
0,341,0.4,24.33,24.11,97.37,1.065,0.0
8,33,292.33,30.11,40.55,60.7,1.79,183.65
15,364,372.98,31.26,43.63,50.69,3.487,576.34
10,321,471.17,30.34,44.89,42.05,3.486,762.16
21,24,1.11,24.54,24.28,95.85,3.46,23.66
22,128,0.0,13.85,14.52,97.12,0.698,14.94
12,45,634.08,27.78,47.33,33.63,0.969,743.26
11,80,758.76,31.44,54.35,38.11,1.681,1213.29
4,264,0.0,19.09,19.2,98.62,4.325,4.18
21,174,31.0,13.91,15.65,99.07,2.291,43.37
12,117,961.84,27.3,57.69,29.32,1.622,613.13
0,287,28.5,17.79,18.66,93.85,3.42,60.41
13,343,476.83,34.73,49.17,41.72,2.788,770.71
15,112,633.82,22.08,42.57,45.01,0.942,459.75
12,68,725.36,29.14,52.52,37.15,4.001,501.41
21,50,0.15,23.7,22.63,91.66,2.86,30.93
15,111,656.7,24.0,44.16,47.42,2.149,1081.09
1,186,0.0,12.54,13.57,94.91,0.756,5.92
18,15,133.11,25.57,30.51,69.96,3.294,230.31
19,209,7.76,18.31,18.92,87.91,2.345,0.0
20,46,0.0,23.33,23.33,98.97,2.849,0.0
3,117,0.0,17.86,17.95,97.34,1.533,5.19
11,44,612.76,33.83,51.86,39.81,4.244,1010.38
5,281,7.32,24.23,23.93,88.6,4.139,0.0
1,327,1.77,27.57,28.05,91.42,3.786,9.5
0,362,5.02,23.12,24.03,93.67,1.668,1.28
2,211,3.45,13.73,13.86,93.98,3.161,0.0
19,217,0.0,16.83,15.79,88.5,0.098,0.0
15,68,490.69,26.56,41.96,42.02,2.874,585.59
7,208,346.76,22.04,32.54,69.6,2.69,641.77
7,339,190.61,31.34,37.16,68.12,3.103,141.73
13,10,517.93,31.91,48.69,41.22,3.596,354.9
19,167,26.61,17.45,18.47,86.47,3.231,6.24
10,282,608.59,27.25,45.84,41.82,4.733,425.77
7,334,199.42,30.06,36.26,67.89,0.424,340.21
2,267,0.0,17.88,18.41,90.23,2.724,16.4
7,222,298.24,21.6,29.68,62.67,2.355,532.2
18,242,218.63,21.63,27.8,77.19,5.509,270.68
2,269,0.0,13.66,12.55,91.72,3.62,9.9
23,326,5.37,21.21,21.8,100.0,5.308,0.0
8,39,312.14,28.81,38.39,64.03,3.337,70.18
9,279,510.06,28.32,44.87,49.72,0.625,584.92
12,201,1016.44,21.83,54.11,26.01,0.06,673.18
1,286,0.0,21.46,21.56,89.66,1.015,9.08
18,285,150.89,26.68,31.13,77.19,2.463,277.78
4,215,0.0,17.45,16.78,94.03,3.695,0.0
10,302,523.61,31.16,48.8,41.95,1.087,839.46
3,348,31.49,26.92,29.07,100.0,1.903,75.13
21,331,2.1,22.65,23.06,90.41,4.365,9.96
11,248,824.66,23.59,49.48,30.55,2.459,1323.9
20,322,0.11,23.67,22.37,100.0,3.286,0.0
16,219,507.22,21.49,35.65,53.72,3.169,324.67
21,294,6.45,20.53,21.46,90.78,0.451,7.27
5,354,0.0,25.73,24.34,87.42,0.553,0.0
23,82,0.0,17.86,18.78,95.69,3.208,8.06
23,259,0.0,16.83,16.44,95.12,2.983,34.78
11,41,610.29,31.78,51.0,34.89,3.632,411.8
12,73,785.98,29.1,52.05,32.7,1.652,835.66
2,199,1.43,14.13,14.43,96.17,2.03,26.37
9,257,536.41,25.68,41.73,47.28,3.524,910.22
0,158,3.48,11.71,12.24,94.15,2.424,1.95
4,25,14.59,24.38,23.5,96.39,1.804,13.55
13,316,543.87,30.42,47.2,38.1,2.641,356.39
11,169,1000.2,23.06,54.11,32.13,0.944,1604.79
5,224,5.54,19.89,18.94,90.53,2.938,0.0
22,229,0.0,13.84,14.48,95.94,1.323,7.22
14,201,847.71,22.12,49.85,35.45,2.707,1386.72
4,33,7.68,22.04,23.37,99.01,4.576,0.0
0,132,1.07,15.8,17.36,92.87,5.127,7.79
11,160,1003.36,25.83,56.44,30.17,4.022,1574.04
16,354,261.77,30.64,38.33,54.76,0.77,19.1
17,241,338.75,21.93,32.05,64.85,4.067,576.23
3,155,7.43,14.68,16.24,98.16,3.847,0.58
3,166,14.3,13.69,14.35,95.17,1.269,1.88
3,85,27.2,18.94,20.28,96.08,1.186,26.04
9,310,413.59,28.09,42.36,51.73,2.35,494.78
4,306,47.81,23.81,24.65,99.65,4.203,37.25
9,13,373.43,33.06,43.24,50.63,1.352,56.29
13,93,800.42,23.35,48.68,31.87,2.734,554.83
17,168,379.97,17.07,29.18,66.75,1.96,658.26
13,142,946.5,21.1,50.94,34.98,3.997,669.39
16,57,349.79,29.73,41.09,53.89,1.344,234.33
6,252,180.2,20.69,27.3,78.39,3.122,313.31
16,239,487.5,24.68,40.36,51.7,4.649,829.14
3,270,13.88,20.39,19.86,89.48,4.115,20.94
15,177,716.9,24.11,45.76,40.02,1.33,494.28
14,210,836.18,23.93,49.48,32.5,1.826,1369.22
10,94,711.04,26.66,49.31,36.27,3.097,473.85
14,259,685.52,26.75,48.6,38.66,3.512,1119.14
5,41,16.43,25.98,26.13,88.01,2.22,2.42
19,50,26.68,24.36,25.17,88.77,2.512,6.24
23,102,0.0,14.03,15.88,97.96,0.543,0.0
0,73,0.0,20.01,19.93,90.59,2.743,0.0
9,333,361.63,32.4,43.34,54.41,8.361,405.09
7,289,242.27,28.72,35.94,69.62,1.994,428.09
9,183,707.15,19.07,41.04,43.47,3.818,473.25
15,257,567.26,24.59,41.81,44.84,1.648,393.37
2,229,21.59,18.33,18.57,92.68,2.824,16.09
0,320,1.25,22.74,23.22,98.17,0.466,0.0
16,279,379.55,26.5,38.71,53.4,1.943,635.6
8,23,303.59,32.56,42.43,58.52,1.146,327.74
4,131,4.06,14.16,15.15,95.46,4.737,0.0
12,255,852.31,28.31,55.06,36.71,3.89,563.27
7,241,321.75,24.82,35.32,62.31,2.582,560.76
20,65,12.74,19.84,20.54,93.09,2.341,29.77
3,81,7.4,16.58,17.7,93.79,0.538,1.22
7,269,295.29,26.16,34.54,68.4,0.786,211.27
9,225,640.55,22.06,41.9,45.73,2.679,1060.38
6,186,257.4,17.81,25.56,74.55,3.51,192.66
18,313,150.97,26.88,30.83,77.59,3.698,32.59
6,87,185.47,22.91,28.61,81.72,2.937,298.99
11,309,573.28,32.26,50.95,40.02,3.34,925.09
13,221,920.04,27.31,56.68,31.89,1.905,1444.35
10,2,492.74,34.9,49.01,36.65,4.743,537.56
22,86,0.09,16.72,15.11,95.43,3.534,0.0
23,323,0.0,24.21,23.79,97.32,4.743,0.0
10,206,856.96,22.31,49.86,38.72,4.867,1370.75
14,139,830.77,22.88,48.08,39.18,2.115,1367.44
5,167,0.0,17.39,17.3,87.16,0.362,16.71
21,244,5.01,17.04,15.59,92.09,3.582,40.09
21,352,13.51,24.18,26.01,100.0,4.678,9.56
15,14,437.26,31.36,44.98,52.19,1.716,314.55
3,11,27.82,23.0,24.51,97.9,2.537,21.74
17,338,198.54,31.82,37.75,67.32,2.87,323.29
11,309,579.88,31.59,48.83,35.37,3.777,951.33
8,346,274.46,27.16,36.77,57.59,2.3,185.29
16,83,451.53,25.89,40.8,50.67,0.938,731.35
2,81,8.5,18.62,18.03,89.96,4.597,0.0
17,18,201.02,27.77,34.31,74.7,0.969,243.64
5,182,16.25,15.2,14.18,89.12,2.896,21.48
3,154,0.0,15.38,15.59,89.32,0.415,3.0
15,238,654.67,23.69,43.47,45.96,3.2,761.51
23,75,0.0,14.69,14.63,95.85,6.39,0.0
18,108,218.11,21.29,28.84,77.85,3.112,399.63
19,241,12.88,19.46,20.83,87.66,2.792,6.67
12,16,557.71,32.77,49.72,35.92,4.618,881.46
10,114,765.45,21.33,44.78,35.46,3.344,144.46
23,135,45.28,13.49,14.42,95.41,3.357,34.55
7,74,292.8,20.3,29.6,64.56,1.985,533.43
3,16,22.86,23.86,24.6,96.72,3.596,11.17
16,154,543.35,23.37,40.99,54.33,0.631,371.89
3,46,1.43,20.95,20.61,95.93,2.98,11.82
12,24,565.42,32.61,51.11,37.79,4.239,362.19
4,257,43.87,18.18,18.42,91.08,0.959,33.95
23,145,0.0,15.02,14.1,93.66,0.6,0.0
23,180,0.0,9.19,9.04,88.21,2.906,0.0
4,96,8.17,17.51,17.79,97.22,1.746,1.23
21,15,0.0,25.09,25.12,97.03,6.403,14.73
5,172,0.0,18.67,19.29,87.05,1.645,3.1
18,304,140.13,24.8,28.96,76.17,5.533,252.41
9,196,723.45,23.83,46.69,41.19,4.01,1189.59
6,348,141.01,28.11,32.05,80.98,0.48,237.29
13,270,707.51,27.4,50.2,39.11,2.536,486.34
0,339,7.36,24.84,25.9,96.49,0.453,0.0
15,70,522.88,27.73,44.47,48.75,3.246,318.9
21,85,5.38,17.62,16.65,91.17,3.198,0.0
4,265,0.0,19.91,19.46,95.86,0.699,26.16
11,193,1019.27,23.82,54.77,25.61,4.423,1639.19
20,227,8.48,16.58,17.8,96.27,0.484,7.49
3,128,18.4,15.85,17.31,96.17,2.007,0.0
4,77,0.0,20.52,19.18,95.65,4.228,15.13
17,249,299.5,24.45,34.58,72.78,2.625,513.5
2,4,16.5,24.5,24.19,93.15,3.73,9.04
21,103,9.6,15.35,14.54,97.1,0.857,4.18
12,258,846.21,26.18,52.07,29.32,4.577,1334.61
21,256,14.89,16.49,17.17,88.4,5.162,17.02
18,96,182.61,21.75,27.91,74.98,2.832,143.71
4,222,6.23,18.17,18.43,98.96,7.217,0.5
7,165,390.05,21.21,33.57,65.38,2.671,451.88
4,73,15.8,19.37,17.47,98.16,4.604,0.0
0,214,2.73,14.82,15.03,91.04,2.6,0.0
10,183,887.27,20.57,47.89,36.74,2.99,1430.22
8,301,329.16,30.43,40.25,60.69,2.453,364.2
14,200,867.03,21.92,47.6,32.17,1.857,1432.13
11,245,789.16,25.66,50.9,31.5,2.599,1307.33
17,76,254.75,24.6,33.73,66.38,1.436,447.76
18,307,144.59,27.83,31.58,82.08,2.113,154.93
15,353,342.35,33.95,43.86,50.6,2.303,560.55
21,80,22.01,19.52,20.23,95.44,3.203,9.16
13,220,924.38,25.99,55.41,28.77,6.086,998.7
21,326,0.0,22.27,21.32,95.14,2.689,15.02
9,26,397.54,28.12,41.42,50.51,2.533,59.2
8,175,524.02,21.52,41.26,54.63,2.713,634.84
10,246,731.52,28.31,51.2,40.86,1.048,477.94
7,157,391.9,17.49,30.11,67.8,4.104,293.08
16,328,279.94,31.17,40.46,62.51,2.481,508.29
17,190,394.04,21.3,33.68,70.07,1.246,670.38
18,307,122.59,27.73,31.26,78.04,3.062,95.41
23,294,10.03,20.87,22.04,91.85,4.709,14.19
1,235,6.63,15.13,16.1,94.46,1.459,27.02
5,199,0.0,17.57,17.05,89.26,3.118,21.31
1,289,7.4,18.68,19.44,94.17,4.122,5.78
15,255,561.66,27.94,44.63,48.15,5.445,924.54
22,289,0.0,17.94,17.64,92.68,3.43,28.93
7,128,350.52,22.16,32.5,71.05,2.392,642.91
17,123,335.05,21.68,32.06,60.19,2.91,610.79
19,33,10.87,25.61,24.78,91.11,0.741,0.0
6,32,139.46,27.9,30.86,83.22,3.909,222.4
17,265,304.82,27.43,35.49,68.91,3.279,525.28
19,298,15.73,24.28,23.87,89.77,2.075,0.0
8,220,503.98,22.16,38.27,61.75,2.579,343.56
3,333,45.45,24.37,25.77,88.47,2.991,8.17
4,326,28.22,25.94,27.0,96.4,3.523,7.3
4,293,4.93,22.03,22.79,95.84,2.018,9.17
11,354,505.79,34.36,49.52,35.26,1.978,841.1
21,275,37.48,17.72,19.18,98.98,4.145,79.83
6,47,136.92,25.34,30.1,83.15,1.974,249.27
12,209,999.9,22.24,54.52,28.68,2.031,632.33
8,75,362.3,25.25,36.32,57.9,4.117,441.66
13,252,793.69,25.55,49.98,35.1,3.709,1280.54
17,117,333.81,21.14,31.68,65.49,2.864,596.46
14,228,785.48,25.05,50.29,37.92,2.285,858.29
15,175,708.57,20.55,42.55,49.34,1.528,1165.66
23,220,0.0,14.65,16.06,96.52,3.135,11.91
5,355,3.12,26.18,25.27,97.25,1.546,0.0
22,297,10.55,19.46,19.85,96.89,3.734,11.12
12,2,547.86,32.11,50.19,35.21,4.697,400.94
17,113,367.71,21.53,33.17,66.99,1.364,78.09
13,251,859.6,26.9,52.14,35.31,2.408,545.72
13,96,804.66,26.16,51.51,34.29,2.341,1311.74
1,229,16.88,14.8,14.49,96.46,1.467,14.66
19,54,42.74,23.34,24.16,88.66,2.553,43.16
13,102,864.23,22.18,48.69,33.02,4.766,592.95
10,167,909.08,25.17,52.84,36.72,2.712,1443.2
12,360,528.13,33.3,49.6,35.74,3.774,893.89
0,263,0.0,20.62,20.21,96.7,3.136,22.6
10,168,901.78,24.89,53.06,37.42,1.259,1472.13
6,36,164.32,24.75,28.93,68.81,0.307,283.8
17,241,323.04,24.74,35.18,70.15,1.823,547.35
14,9,478.59,33.35,48.42,40.93,2.238,316.55
22,317,5.57,24.24,24.95,89.39,1.142,17.65
9,245,606.72,26.45,44.93,50.22,3.988,428.89
9,63,508.85,28.6,44.47,48.69,1.291,81.86
13,197,963.65,23.46,52.93,32.79,2.117,1056.61
14,92,704.95,27.93,50.35,42.07,1.63,457.65
16,141,526.28,21.94,38.04,54.21,2.699,109.94
11,361,515.12,34.17,50.72,39.42,2.305,844.56
4,243,23.25,17.43,19.61,91.04,0.738,59.7
11,33,574.87,32.28,49.62,37.76,1.511,955.15
11,277,679.64,29.93,51.32,34.92,2.325,461.45
7,9,194.31,31.98,38.34,61.64,1.28,144.83
10,63,561.7,30.69,48.79,43.13,3.722,931.1
4,64,0.0,20.76,20.25,96.92,1.022,0.6
5,272,0.0,23.04,23.64,88.51,5.13,3.27
2,76,21.06,18.81,20.2,99.01,2.076,37.03
20,144,1.87,16.69,16.71,93.67,1.264,14.11
3,324,13.63,22.41,23.47,91.64,3.665,13.74
19,3,0.0,29.34,29.73,94.25,2.705,12.23
15,195,693.78,21.83,43.39,47.05,3.355,1160.65
23,25,0.0,21.22,21.64,96.03,1.641,13.09
11,328,516.39,31.29,47.49,33.16,1.958,347.02
0,184,33.84,14.6,16.52,94.9,1.9,49.84
22,6,17.88,21.96,21.92,98.91,2.169,25.67
18,32,127.69,24.89,29.4,84.63,2.737,235.14
19,235,0.0,21.72,20.81,96.36,3.914,15.85
8,363,306.96,29.71,38.86,59.25,3.431,232.9
7,256,282.48,27.64,36.59,64.87,1.9,496.42
3,33,8.48,24.56,25.25,97.54,5.001,6.02
12,34,627.03,33.96,53.2,27.72,3.73,381.4
20,193,14.96,16.96,17.82,99.81,2.364,12.84
18,253,193.53,21.96,27.19,79.14,2.698,222.04
12,120,939.83,24.8,53.52,30.83,2.889,642.34
18,24,141.96,27.09,31.31,82.34,2.176,234.78
11,247,830.93,24.55,50.2,41.02,2.097,566.99
15,290,453.58,27.8,42.43,48.44,2.944,777.21
4,155,19.43,15.59,16.89,90.24,0.652,8.05
16,283,392.45,26.72,39.54,50.88,2.44,669.89
7,265,294.47,24.32,33.94,64.61,4.475,335.97
7,45,232.13,29.14,37.89,70.02,4.113,387.06
20,164,9.18,14.12,13.3,89.11,1.566,29.63
18,277,152.05,24.01,28.19,73.48,2.55,297.91
3,44,13.91,20.61,19.35,94.71,0.527,40.54
22,128,0.0,16.24,16.54,92.35,1.559,0.0
20,228,29.34,17.17,18.05,92.91,3.516,67.97
4,270,0.0,19.44,20.25,97.24,0.431,29.27
3,40,0.0,23.32,23.66,100.0,2.126,0.0
13,307,572.09,30.78,48.39,29.54,2.543,626.88
19,56,1.26,24.65,24.92,95.21,2.681,3.48
20,164,31.93,17.48,19.18,93.24,2.464,48.35
2,175,24.83,13.34,13.96,91.98,3.138,47.41
14,42,536.18,29.71,47.17,43.55,1.426,366.88
8,295,356.13,27.87,39.48,59.63,2.08,594.06
11,70,705.86,29.83,52.53,32.55,2.163,475.0
5,79,7.07,22.43,23.34,84.58,2.161,22.97
2,99,24.31,17.86,18.57,98.32,3.146,13.18
9,49,442.01,27.47,41.41,49.25,3.059,725.38
23,19,33.59,21.28,23.17,97.63,6.573,0.0
9,124,669.95,21.86,41.36,48.11,1.551,768.2
17,78,287.44,27.64,37.08,68.45,4.412,467.25
10,206,867.16,23.22,50.11,36.17,0.93,969.47
2,187,20.01,14.76,14.73,92.35,3.316,3.46
5,197,0.0,15.22,14.74,87.7,3.449,3.78
8,339,302.37,33.37,42.82,52.63,3.716,222.46
13,204,945.92,24.28,52.88,28.49,0.633,647.19
13,330,490.4,32.69,49.28,36.63,4.813,810.75
18,335,130.83,31.09,36.97,81.01,0.928,171.79
19,13,7.79,26.58,27.48,91.68,2.246,0.0
23,351,22.05,21.09,21.12,92.53,1.174,35.34
21,20,25.48,21.32,20.55,94.69,3.105,18.35
0,139,0.0,13.41,14.93,96.36,3.828,0.73
20,328,13.8,27.62,26.55,99.56,0.594,0.0
10,73,625.1,30.06,49.74,38.99,2.535,1017.78
12,351,507.18,31.68,47.7,41.91,4.931,361.94
3,275,16.12,23.43,23.41,100.0,1.387,24.89
18,171,229.78,14.84,21.57,73.24,2.479,284.03
20,293,0.0,23.92,23.6,98.63,2.49,5.2
23,58,30.27,20.92,22.12,95.51,0.823,46.07
5,189,10.13,17.89,17.81,86.04,1.754,2.95
0,136,9.04,16.98,16.61,96.55,1.908,15.27
9,110,612.1,22.77,42.06,41.58,3.035,1076.26
23,96,8.84,15.36,16.15,96.59,5.387,32.57
4,144,0.0,12.61,13.25,99.65,3.914,1.38
12,128,977.07,22.75,53.54,30.95,2.708,1573.6
6,224,208.47,22.33,28.74,73.85,1.898,356.71
4,157,22.67,17.42,17.84,88.91,2.447,19.78
5,242,0.0,21.46,20.99,86.05,4.159,16.62
12,84,795.42,26.57,51.34,40.26,0.855,1274.87
22,26,6.08,19.68,20.06,95.05,2.51,5.5
4,197,10.61,15.44,16.79,95.17,1.556,35.48
22,360,12.19,20.9,20.22,89.82,0.885,8.84
5,17,0.0,26.18,25.68,93.31,0.832,0.3
5,13,6.43,24.39,25.35,87.45,4.798,2.16
14,90,695.07,23.95,45.13,36.71,2.443,1169.45
13,351,496.66,31.86,48.42,41.73,4.686,805.99
9,267,552.19,25.68,43.51,47.18,3.4,616.41
21,116,17.99,15.17,15.22,92.16,1.973,31.58
12,75,734.54,26.84,51.26,32.46,3.299,1231.86
13,330,510.13,31.62,48.01,37.09,4.12,552.56
10,173,894.24,24.54,50.72,34.28,2.33,631.65
10,282,596.43,29.85,48.54,43.18,2.404,995.94
0,107,0.0,17.24,17.07,94.25,1.295,0.0
10,71,605.98,29.34,48.83,40.91,3.158,1014.93
5,175,7.71,16.66,16.01,92.2,1.939,6.65
11,341,512.27,33.8,50.07,46.35,2.115,347.79
23,196,15.34,13.49,14.16,100.0,3.613,7.79
11,275,699.64,29.8,50.45,33.44,0.958,474.87
9,185,709.36,20.73,43.64,44.24,2.916,809.23
2,22,11.52,21.84,22.57,100.0,3.987,7.46
6,274,148.24,24.21,27.86,82.65,1.558,279.91
19,328,8.64,26.61,27.13,86.07,1.869,1.93
7,145,381.08,19.45,32.24,64.86,0.587,694.33
15,244,611.22,25.26,43.57,49.83,2.458,430.83
15,110,593.74,22.84,42.0,48.29,2.938,983.29
20,284,0.68,21.53,22.11,99.5,1.905,16.73
23,262,0.0,17.8,17.7,94.88,3.48,4.28
10,47,572.32,30.73,49.96,43.56,0.834,370.29
15,122,643.98,26.36,47.14,42.12,2.276,745.51
9,142,743.88,24.13,45.84,45.53,0.083,824.31
3,346,23.62,25.25,25.44,95.63,2.36,27.83
9,73,533.94,28.18,45.65,54.17,2.89,364.36
16,222,514.45,22.6,39.28,49.85,3.813,79.52
2,110,11.86,18.7,21.01,97.19,0.708,29.8
16,324,281.13,30.3,39.49,56.55,1.044,457.92
5,206,11.64,19.89,20.84,88.82,4.126,30.29
0,214,0.0,17.84,18.19,95.57,2.168,17.78
13,74,702.52,30.39,51.5,37.14,1.291,1126.12
21,77,0.0,20.25,18.39,95.17,0.971,5.69
17,322,191.75,29.46,35.03,69.09,1.22,334.07
8,279,380.74,25.38,38.36,58.69,2.829,53.34
16,329,262.47,30.1,38.62,61.4,1.939,292.51
4,214,1.56,16.87,17.34,90.89,2.32,4.92
11,121,894.4,23.81,50.96,37.32,2.736,1452.85
8,286,331.82,27.41,37.95,57.39,4.548,384.63
21,218,24.95,14.4,15.33,93.08,3.05,27.08
15,10,389.72,30.53,42.93,47.68,3.908,250.37
17,251,292.29,25.64,33.25,65.68,4.219,199.42
3,263,0.0,19.58,18.94,95.0,4.732,38.99
20,305,0.0,22.58,22.02,92.98,0.989,3.5
22,296,0.0,20.77,21.17,96.39,3.4,0.0
23,286,3.86,20.18,19.81,97.39,1.583,0.22
20,361,1.58,24.75,25.5,92.74,3.855,15.92
9,115,657.67,23.01,42.58,49.46,2.862,1067.35
14,101,748.68,24.13,48.16,36.14,3.364,820.43
17,33,207.22,29.14,35.42,67.35,2.688,46.29
21,161,20.76,13.11,13.53,94.65,3.147,49.36
10,153,927.36,23.62,52.18,28.72,1.275,646.89
17,244,320.84,22.64,32.69,73.42,1.675,382.63
7,62,257.13,26.71,36.09,67.16,0.587,407.39
11,302,618.52,28.73,48.46,35.76,3.855,418.76
23,217,0.0,11.02,10.68,91.94,1.293,6.1
22,298,13.46,24.01,24.26,97.17,2.565,35.34
23,245,0.0,15.74,15.78,96.17,5.394,9.53
21,33,10.5,23.26,23.96,90.51,4.103,5.99
9,29,423.74,30.12,42.95,49.9,0.653,685.75
10,340,473.7,33.16,46.72,36.37,0.356,310.65
16,345,310.03,32.03,41.38,55.91,0.726,200.31
1,19,6.18,25.83,26.34,94.89,2.627,13.13
18,219,239.29,19.25,26.98,78.33,3.749,433.86
8,139,525.25,23.07,39.51,55.97,4.649,357.92
14,290,580.98,29.79,47.28,47.59,2.728,641.77
14,45,543.75,28.5,44.44,36.69,2.284,905.63
16,313,348.11,30.49,41.66,56.17,1.045,574.49
3,161,0.72,15.71,15.07,95.09,4.449,19.54
6,300,144.65,26.1,31.36,81.29,1.46,252.14
10,283,579.44,30.2,48.04,41.12,2.236,79.76
6,186,233.8,17.33,24.0,77.44,2.643,163.12
3,35,13.91,24.25,24.18,91.39,2.482,1.53
14,288,578.79,26.99,43.5,44.21,1.465,947.27
1,95,4.69,17.52,17.98,94.65,4.768,6.65
21,363,0.0,25.75,27.35,99.8,0.564,3.36
21,110,5.06,17.61,17.19,94.25,2.98,0.0
22,192,12.33,12.31,13.01,92.7,2.22,36.42
0,177,0.0,15.54,15.26,93.32,2.063,0.0
1,59,2.7,21.27,21.27,97.92,1.107,8.61
16,147,513.54,19.86,35.98,53.26,3.728,623.92
3,138,11.93,16.73,16.84,91.79,3.614,0.79
17,324,211.25,25.19,32.17,69.39,3.362,138.92
16,214,480.48,20.71,35.54,55.09,1.243,339.67
9,320,380.46,32.46,43.4,54.17,2.382,635.76
20,122,7.83,19.09,19.99,100.0,1.41,10.76
7,298,226.42,27.46,34.33,70.36,5.334,148.29
8,112,463.99,22.69,37.31,58.04,2.889,797.0
12,349,516.6,34.94,52.25,29.37,0.94,543.27
12,43,593.32,30.59,49.57,32.16,1.252,956.38
13,190,1027.26,20.94,53.38,32.02,4.359,1640.99
18,40,136.51,27.37,31.39,84.68,1.541,278.95
22,74,7.31,22.55,21.75,95.15,2.967,6.34
14,133,823.74,23.09,49.11,34.23,1.107,1342.12
14,354,438.95,32.82,46.82,42.96,0.56,478.4
10,352,459.57,32.24,46.56,41.3,4.682,732.18
13,127,907.85,23.31,52.49,25.69,2.874,607.74
18,250,216.46,21.86,27.66,78.0,2.197,341.49
21,299,6.86,21.61,21.73,98.77,2.893,3.28
4,281,8.58,21.04,21.94,95.79,2.634,29.68
16,77,416.84,27.59,40.46,53.28,3.168,284.81
19,42,0.0,23.52,24.58,88.47,3.423,13.73
3,330,0.0,25.39,26.1,95.23,1.617,0.0
1,249,0.0,20.25,20.02,100.0,2.801,13.11
14,241,738.14,25.5,48.44,39.06,2.725,1199.83
2,52,0.0,21.48,20.73,93.31,3.104,3.84
6,41,133.56,23.95,28.57,77.23,1.758,89.23
1,55,9.12,20.07,19.63,96.65,2.639,8.4
18,305,127.74,28.27,32.18,72.09,0.969,164.98
23,182,0.0,11.36,10.8,96.97,2.745,0.46
10,274,642.09,29.81,49.99,42.42,0.724,109.57
21,31,1.12,25.32,24.68,94.79,5.909,2.5
14,108,776.52,24.07,46.55,39.81,2.221,1281.51
0,195,0.0,14.81,16.03,93.53,1.159,1.99
17,10,212.58,28.46,34.51,70.6,2.889,342.4
22,349,15.61,25.09,23.96,95.59,2.928,19.72
6,272,149.17,23.37,29.02,75.42,2.07,169.83
18,130,206.29,21.02,27.54,79.38,1.606,158.62
17,142,387.42,22.54,34.33,63.35,3.481,672.99
5,73,6.53,21.28,20.49,89.58,2.206,3.62
5,238,8.18,17.62,17.55,88.68,1.263,4.76
19,183,26.83,17.87,18.6,87.65,3.042,10.14
12,28,576.02,30.55,48.5,33.84,3.573,931.43
8,304,354.16,27.51,38.24,57.46,0.156,563.21
5,155,7.96,18.21,17.82,91.42,3.166,0.0
0,329,0.0,23.58,23.14,93.47,2.346,0.0
20,270,21.18,23.23,23.32,96.08,2.156,0.0
23,285,0.0,22.4,22.81,98.34,2.496,17.41
12,7,528.11,34.26,51.06,33.2,3.701,575.31
18,250,174.22,20.12,26.15,72.25,1.286,134.38
8,359,247.8,28.84,36.02,65.88,0.946,188.4
13,259,752.85,27.82,50.59,33.01,3.438,529.93
10,182,895.66,23.16,50.51,33.89,1.604,571.91
1,168,0.0,13.39,14.3,90.56,1.762,6.26
5,58,0.66,22.72,23.06,89.88,1.047,0.0
8,264,383.05,25.44,37.11,55.63,4.401,622.32
19,244,39.47,21.07,22.27,83.79,0.916,86.6
3,47,12.99,23.89,23.29,100.0,1.142,0.0
10,79,674.78,26.81,49.14,42.48,2.33,1079.8
23,257,3.34,17.45,17.69,91.04,2.848,9.74
8,117,510.93,22.77,39.84,55.62,3.07,78.33
6,291,135.88,26.47,30.41,70.71,3.184,241.18
15,95,600.4,27.26,45.46,44.95,1.607,401.57
2,266,50.33,17.84,18.95,93.1,3.198,13.49
23,72,0.0,17.66,16.85,95.35,0.784,2.27
14,269,629.53,27.26,47.06,39.97,0.812,1027.67
11,46,612.78,27.09,46.29,40.28,1.899,685.74
0,98,0.0,17.67,16.91,98.68,2.165,9.31
17,150,375.34,18.45,29.78,71.73,3.188,85.65
17,128,337.57,19.9,30.97,64.04,3.475,576.04
16,68,382.0,28.11,39.71,57.28,6.091,450.95
2,46,0.0,23.32,23.36,92.2,0.882,14.12
1,312,29.5,21.12,20.88,93.31,3.954,30.18
6,216,210.33,19.12,26.15,74.94,4.37,269.53
13,312,568.22,34.91,52.2,33.72,1.072,584.61
15,62,487.19,27.41,41.65,50.04,1.689,331.0
15,163,721.15,23.12,46.85,49.66,3.93,510.77
11,160,1001.16,19.22,50.19,30.16,0.916,1652.27
15,240,621.42,24.7,44.27,46.04,0.982,405.56
1,113,21.79,15.4,15.95,97.13,3.91,35.15
20,348,5.37,26.15,26.35,89.59,2.319,18.8
13,73,704.57,30.15,51.93,37.18,1.601,1158.05
2,56,3.03,20.25,20.17,93.28,4.382,11.95
14,106,776.33,25.27,50.0,35.49,3.296,1254.89
1,130,0.0,14.98,14.77,94.94,3.982,10.28
15,268,547.34,28.53,45.6,42.57,2.914,388.71
16,96,442.84,25.42,39.32,55.08,2.443,739.29
0,99,12.66,16.54,16.31,99.59,3.351,7.19
10,92,677.81,26.19,48.54,42.38,3.537,1158.82
1,192,10.11,12.5,12.5,100.0,3.355,0.0
16,350,266.31,30.38,38.06,59.12,4.242,478.94
1,60,0.0,19.74,21.52,92.07,2.909,17.18
4,183,8.79,12.95,12.99,98.9,5.644,2.71
19,62,18.52,20.87,21.42,93.05,2.928,14.32
14,297,590.96,29.98,46.14,35.26,4.361,382.47
13,124,924.24,24.98,53.17,30.16,2.475,620.58
0,93,0.39,21.47,22.32,84.61,5.457,0.0
13,74,699.91,29.2,51.58,38.58,4.655,766.67
8,232,482.21,22.65,38.18,59.36,2.992,822.27
4,131,19.06,15.97,17.59,91.6,0.342,14.67
8,232,485.86,23.52,37.84,55.58,3.935,347.35
17,152,383.31,20.21,31.19,69.71,2.067,638.43
16,134,541.76,21.19,37.9,60.7,3.704,358.44
11,342,496.45,30.58,47.01,38.81,1.142,573.69
7,17,195.28,29.8,36.29,66.2,2.853,43.17
5,32,7.89,27.29,27.18,87.59,1.445,0.0
15,127,668.82,26.23,48.03,47.4,0.879,1119.0
16,335,279.88,29.07,38.08,64.11,3.33,175.69
17,328,201.95,30.24,38.01,62.71,5.14,346.57
1,156,0.0,13.17,12.39,91.43,2.228,0.0
1,159,13.1,13.81,14.59,95.11,2.63,29.68
19,231,6.79,20.25,21.19,90.18,4.583,0.0
4,311,38.47,22.08,22.69,94.55,2.478,33.88
14,205,844.09,22.89,48.87,40.44,2.873,941.49
15,139,717.71,23.8,44.45,42.25,0.95,1173.37
6,132,206.16,20.96,27.25,78.06,2.013,381.11
0,96,0.0,16.59,16.35,96.19,3.181,26.66
12,108,924.21,28.52,57.4,32.72,1.518,593.43
16,170,576.52,20.92,39.78,55.2,2.668,669.78
23,271,0.0,19.77,20.33,92.89,2.341,0.0
7,338,205.58,27.89,33.75,67.25,1.212,360.76
0,179,17.75,15.53,16.24,95.09,2.785,9.79
15,122,699.4,22.51,43.96,48.34,6.103,1153.6
21,361,27.27,24.15,23.54,93.46,4.539,22.06
4,74,14.52,18.1,17.12,96.14,4.276,52.79
19,251,5.3,20.0,19.96,88.55,4.011,4.28
7,45,217.91,26.48,32.44,64.47,2.552,259.96
22,274,0.0,17.26,17.61,95.76,2.547,4.62
7,281,261.24,28.69,36.3,62.29,3.976,281.62
4,160,3.54,16.2,16.37,97.31,1.833,32.22
0,146,17.23,14.79,14.76,99.86,2.583,18.56
16,307,313.82,27.55,37.64,56.4,0.195,232.42
23,115,32.09,15.04,16.2,94.84,3.082,9.89
2,148,8.03,16.08,16.24,93.05,4.192,5.74
8,276,374.4,26.44,38.86,52.66,5.297,435.37
8,273,341.1,28.51,38.56,59.0,4.111,224.14
17,207,356.32,20.13,32.47,64.15,5.756,600.18
10,128,812.44,22.49,48.73,38.8,1.637,128.31
0,233,11.7,19.83,20.82,97.32,3.487,13.13
2,76,0.0,20.46,21.01,92.13,2.553,38.41
9,9,353.91,29.63,40.32,47.84,4.658,596.03
19,133,21.91,17.2,17.28,90.46,4.694,4.84
11,253,800.83,26.09,50.32,36.15,1.655,527.03
19,133,19.02,19.38,19.36,86.67,3.645,0.0
14,344,460.66,32.25,45.82,45.28,0.186,767.22
21,58,13.19,21.93,21.76,95.68,3.274,13.05
9,126,652.13,25.59,47.45,44.99,1.47,1079.03
9,256,575.09,24.87,43.02,51.88,3.506,946.57
12,184,1049.29,22.29,56.35,28.0,2.581,1642.05
19,188,37.26,19.18,18.88,90.49,2.008,15.37
18,83,202.03,21.69,28.37,77.86,4.316,340.43
1,336,0.0,24.77,25.05,96.62,3.04,4.71
5,365,0.0,25.57,25.53,92.64,3.193,10.63
12,227,958.88,25.52,54.87,27.44,3.458,1499.19
18,120,196.76,18.94,26.73,73.73,1.443,375.72
1,299,3.39,18.58,18.88,93.81,5.113,10.17
11,26,555.03,30.0,48.19,35.83,2.386,919.83
18,307,130.69,26.49,30.21,78.97,1.137,89.53
21,283,11.79,22.51,23.6,92.51,4.74,4.55
16,48,318.62,26.64,37.21,59.79,1.722,562.42
5,153,0.0,16.96,16.03,86.83,3.584,0.0
7,294,234.4,25.01,32.13,73.16,2.513,411.52
1,264,20.81,19.31,19.56,96.46,0.872,10.03
13,326,525.26,34.65,51.61,35.6,6.136,873.11
19,106,9.67,19.83,19.26,93.65,4.855,0.0
15,144,717.12,24.95,46.65,41.77,3.289,799.04
2,109,0.0,16.55,15.6,94.69,3.074,0.0
18,295,144.07,28.21,32.79,82.56,3.459,18.91
15,81,558.04,24.55,40.73,43.99,1.389,920.97
0,236,7.91,15.45,15.99,100.0,2.245,19.0
20,118,10.18,17.0,16.61,91.64,2.991,0.0
14,106,758.26,26.13,50.79,43.85,2.806,1194.32
16,151,512.88,20.33,37.47,54.71,3.113,874.07
23,69,0.0,19.72,20.12,99.11,5.737,2.72
14,72,645.54,27.82,48.78,44.27,1.14,470.81
3,254,0.66,18.33,17.69,97.99,2.603,8.64
19,271,5.6,23.22,22.7,86.73,1.829,10.19
3,240,0.0,16.54,17.36,93.61,6.453,27.71
1,2,11.98,22.99,24.47,95.44,0.198,8.47
15,154,750.64,21.52,45.7,44.43,1.883,1220.57
11,43,605.21,32.99,53.2,42.26,2.154,376.07
17,219,332.32,19.56,30.01,68.12,1.813,598.66
6,96,189.95,21.78,27.77,75.42,2.619,126.32
6,234,231.79,22.03,30.69,85.23,3.409,291.95
16,248,429.13,21.45,34.68,58.39,1.977,307.25
18,14,118.79,28.38,32.8,80.42,4.561,222.27
6,261,159.67,20.65,25.67,81.2,1.852,188.34
21,144,7.43,14.65,13.45,96.19,0.593,4.93
10,207,848.24,24.54,50.37,34.67,1.972,1346.65
18,105,184.2,22.06,28.24,75.26,2.989,337.84
17,329,189.97,29.2,35.49,65.16,4.209,257.42
0,211,19.67,13.55,13.25,90.61,0.33,36.99
23,142,6.54,11.36,11.21,96.72,1.279,2.66
0,156,15.66,13.05,13.43,93.33,2.262,21.41
14,118,775.67,22.58,46.67,34.54,2.009,832.19
4,196,38.48,13.77,14.29,94.25,3.203,11.34
12,59,687.1,30.67,50.24,34.77,1.196,1104.03
8,121,489.22,24.43,40.73,57.61,1.399,549.32
16,10,249.66,30.61,39.11,56.56,2.866,297.47
8,201,504.86,20.49,37.79,53.51,1.961,77.21
14,329,436.91,29.79,42.64,42.81,1.644,318.34
2,88,17.18,18.8,19.16,100.0,3.709,8.97
23,63,0.0,18.07,19.26,98.42,0.707,0.0
6,228,187.7,18.72,24.83,76.35,1.903,132.62
20,12,1.47,25.17,23.6,95.53,3.559,2.98
7,187,412.83,20.34,32.35,62.35,2.021,706.09
9,250,627.33,26.27,44.68,43.45,2.646,427.72
0,35,0.0,21.99,22.25,90.34,1.276,11.95
15,9,382.64,33.07,44.4,51.94,4.942,243.37
15,208,705.38,23.69,46.29,44.55,3.762,472.17
21,219,14.08,14.92,15.8,95.37,2.265,12.67
12,195,1011.36,21.67,54.3,31.7,2.049,1590.3
14,58,585.21,26.96,45.86,46.99,6.105,413.49
3,277,9.5,20.2,22.44,97.34,4.53,20.42
3,99,21.11,18.36,18.6,93.8,2.938,34.69
13,364,527.36,32.85,48.94,35.63,4.139,359.37
1,311,4.67,23.86,22.66,98.59,4.361,7.92
15,143,713.94,23.11,45.02,43.68,1.762,124.44
3,266,19.82,17.3,16.35,93.53,2.494,26.57
23,286,0.0,17.21,16.73,93.95,0.976,0.0
12,23,575.61,30.01,47.3,40.66,1.863,925.81
6,209,234.2,19.91,26.47,77.53,0.765,406.7
16,184,546.31,19.3,37.06,55.52,1.683,358.34
23,270,11.67,17.09,16.4,93.12,4.981,0.0
4,220,0.0,15.94,14.71,95.19,4.608,0.07
0,27,15.32,24.0,24.44,94.58,5.178,21.8
15,8,389.89,32.24,45.02,53.62,0.37,293.95
6,311,124.52,29.24,32.4,78.93,2.35,157.07
8,358,250.34,32.08,41.02,53.91,1.87,442.22
9,57,471.64,28.63,43.3,51.31,5.698,321.33
14,261,640.15,26.0,46.81,39.8,1.624,1061.06
18,48,149.02,25.53,29.81,78.02,4.287,113.88
4,78,5.74,19.84,20.5,91.41,4.055,20.17
23,290,0.0,19.94,19.42,94.95,3.941,0.0
3,14,0.0,23.52,23.03,96.38,3.416,0.0
11,95,836.28,25.47,51.32,32.98,4.883,563.0
5,92,0.0,21.47,20.27,86.93,3.143,4.95
2,198,11.72,14.84,15.11,96.41,5.211,14.85
19,44,13.19,26.99,27.42,86.88,3.24,44.1
10,114,785.78,23.85,48.27,39.76,1.273,530.41
22,237,8.67,18.65,18.27,100.0,3.732,0.99
14,88,717.78,24.66,47.38,36.54,3.162,1201.37
21,53,16.41,21.69,23.43,92.58,1.253,0.0
11,290,659.93,31.79,52.98,33.89,1.514,409.43
17,349,207.86,30.64,36.76,69.48,3.795,231.56
4,8,2.6,24.77,24.89,96.71,3.465,0.37
5,154,0.0,17.07,18.24,81.7,2.627,9.1
6,352,106.22,25.87,29.21,77.91,1.67,202.64
14,13,430.46,31.9,44.81,43.3,3.778,758.94
13,270,733.9,30.51,52.36,34.81,2.424,1161.26
10,286,550.64,28.02,44.44,43.99,2.903,919.15
9,167,737.22,20.96,44.19,47.5,1.421,834.07
6,302,153.32,26.38,31.51,73.44,2.536,13.35
15,10,371.93,32.76,44.42,47.23,3.581,590.54
0,112,4.48,16.4,15.97,94.15,3.686,4.26
19,335,8.74,25.42,25.5,87.87,0.744,2.31
17,81,298.99,23.51,32.49,65.24,4.511,513.33
0,295,28.03,22.35,21.81,92.43,4.034,32.37
13,331,530.93,31.56,48.99,45.61,2.846,598.22
0,356,17.25,23.66,24.46,90.08,3.061,36.83
17,249,321.03,24.41,33.6,65.22,3.04,222.83
22,65,31.24,19.16,20.02,100.0,2.197,3.13
3,169,4.33,14.12,13.8,98.88,3.36,24.87
10,75,613.93,26.92,47.62,41.25,2.285,1041.52
22,82,0.0,20.17,19.53,96.48,0.759,16.27
20,91,14.11,20.0,20.53,93.61,0.911,6.75
13,68,716.45,28.54,49.47,33.6,3.821,1187.75
4,360,0.0,23.47,23.04,98.97,0.295,0.0
21,41,0.0,21.51,22.89,92.96,2.168,20.79
22,211,0.0,13.52,13.52,95.09,3.845,11.27
2,16,0.0,22.79,21.95,100.0,4.102,15.64
11,257,758.27,27.37,51.7,32.67,0.488,1226.51
22,32,3.09,23.61,23.88,95.57,1.833,6.13
1,337,8.35,21.9,21.65,92.59,4.195,0.0
10,152,861.01,23.01,49.54,38.23,3.781,1368.89
14,60,593.42,29.08,47.34,37.49,1.77,969.62
3,327,0.0,23.91,22.91,93.96,2.119,17.74
20,358,0.0,24.12,26.14,96.23,3.434,5.45
2,160,1.16,13.37,14.54,94.88,2.171,18.68
13,124,937.08,23.71,53.4,30.96,2.686,1474.12
0,289,0.0,21.32,21.53,95.32,0.982,0.0
10,245,730.16,26.08,49.4,43.63,4.216,1194.88
10,252,710.22,26.16,47.41,41.2,1.105,809.69
8,356,255.31,32.27,40.23,54.02,2.142,201.97
3,131,0.0,14.45,14.49,93.99,2.269,14.31
3,18,0.0,25.61,24.84,88.37,0.348,6.19
10,67,617.27,30.1,49.33,36.61,2.77,1004.61
1,62,11.34,21.22,21.37,95.71,1.158,12.63
5,184,0.0,16.8,17.34,87.61,3.565,0.0
4,133,17.99,16.42,15.53,93.3,3.236,9.95
13,340,510.05,34.44,51.35,41.43,1.725,824.03
3,123,5.84,14.42,14.2,96.5,0.671,12.41
8,252,430.32,21.93,36.14,52.67,0.782,307.96
23,104,18.79,15.72,15.66,93.0,3.193,24.94
18,232,222.11,21.35,27.98,71.98,4.606,163.39
23,227,0.0,15.21,14.74,93.23,0.713,4.53
10,138,835.54,25.12,50.88,37.84,2.028,1341.99
12,362,563.19,31.45,49.31,36.72,2.105,355.93
7,348,180.11,28.48,33.9,64.59,1.274,212.72
2,202,16.36,17.66,18.12,95.46,3.684,49.39
18,301,159.67,27.12,32.39,83.24,4.454,272.51
11,283,662.82,29.83,50.66,36.77,1.426,430.35
8,364,276.87,30.43,39.53,60.95,2.488,204.49
13,310,569.89,27.81,45.74,39.34,4.351,922.79
19,349,2.45,27.73,26.96,87.15,5.398,34.18
16,155,539.61,20.02,37.19,54.81,2.628,395.95
17,228,356.7,24.78,36.53,71.5,2.02,429.04
4,301,21.5,19.38,19.58,96.07,1.952,33.9
3,309,3.0,26.16,25.49,96.86,3.863,17.84
20,350,9.86,26.48,27.13,95.49,2.384,2.04
19,66,15.0,21.98,22.43,89.25,1.456,0.0
12,309,599.76,29.8,47.93,36.59,1.333,977.36
18,41,118.25,27.36,33.34,77.69,1.326,101.73
21,35,10.16,23.66,24.21,95.18,3.928,16.13
19,306,7.15,27.45,26.55,96.44,2.346,2.99
19,155,2.45,18.68,17.23,90.6,4.381,3.97
11,144,989.41,25.06,56.59,33.54,2.607,1565.05
1,101,11.21,16.16,16.43,97.99,1.757,2.89
1,349,0.0,22.22,22.99,94.6,3.875,0.0
14,114,792.22,23.53,48.51,40.02,0.896,134.53
18,68,154.06,25.75,30.21,76.52,1.447,95.31
9,332,357.5,33.7,45.78,51.0,5.056,269.62
1,354,14.96,24.79,23.53,92.47,2.726,4.45
18,7,103.25,28.14,31.87,80.7,2.367,30.31
5,269,4.06,21.01,20.07,86.92,2.501,0.0
5,285,7.17,26.11,27.19,87.68,3.696,8.46
18,120,204.64,20.8,27.59,77.64,0.984,370.67
6,343,131.66,28.1,33.01,76.51,7.794,241.8
7,212,353.08,19.29,30.29,66.46,2.059,641.97
3,308,0.0,22.12,21.95,98.4,1.685,7.96
15,164,742.67,22.29,45.58,47.38,2.807,855.22
3,42,24.02,23.37,23.59,93.36,4.266,13.03
3,328,0.0,22.01,21.52,97.55,1.437,13.05
18,70,162.51,25.75,31.64,78.01,3.419,119.82
13,51,638.25,27.87,46.95,38.16,1.943,1051.34
8,208,545.57,22.73,39.37,52.03,1.411,876.89
0,89,12.86,18.04,19.13,93.87,2.068,0.0
1,240,1.29,17.91,17.6,94.8,3.362,16.19
11,259,771.76,27.12,51.52,27.79,2.47,1264.71
23,296,7.17,17.91,17.22,94.45,0.788,10.9
22,318,0.0,24.61,25.61,98.19,1.22,30.54
14,7,444.79,32.28,45.55,46.04,3.295,300.02
9,128,671.91,25.29,46.71,43.76,0.879,1106.52
2,93,0.0,18.56,16.82,96.21,1.375,0.0
4,166,3.15,14.71,14.28,92.21,1.207,12.74
22,343,7.07,22.73,22.35,92.4,1.802,0.0
4,40,50.48,22.08,22.84,95.49,0.854,26.42
16,44,311.75,30.71,41.49,59.33,2.537,564.31
14,338,464.14,33.06,47.55,43.63,0.86,320.27
5,106,0.0,19.73,20.31,85.35,4.823,19.38
14,124,814.79,22.94,49.0,31.38,0.725,1309.6
4,129,0.0,14.9,14.84,90.79,0.711,9.52
10,69,643.83,26.58,45.69,43.34,3.019,1049.9
22,22,7.44,23.84,23.18,95.84,5.01,0.0
22,332,0.0,20.03,19.52,92.82,0.406,21.25
8,86,418.38,27.3,40.28,55.31,2.894,671.03
12,139,985.56,26.07,56.18,28.74,2.98,1566.77
22,332,6.87,23.87,23.68,96.37,2.394,39.72
10,243,759.87,22.83,46.9,38.37,0.855,846.83
1,291,4.49,19.58,19.34,91.46,1.644,0.0
5,320,0.0,25.75,25.58,88.48,1.271,0.0
8,157,511.62,21.69,37.66,54.7,0.993,873.04
20,137,8.84,17.59,17.5,96.84,2.243,15.19
13,214,916.31,24.14,52.78,33.66,2.131,151.71
1,257,2.14,17.28,18.29,93.92,1.085,0.0
15,133,692.93,19.16,40.41,42.54,3.188,1168.7
23,293,17.52,20.54,22.32,90.31,3.324,0.0
17,58,264.35,25.78,33.87,65.15,0.817,484.47
10,288,556.23,28.13,45.71,41.93,4.776,628.88
0,304,13.52,25.04,26.72,100.0,3.375,0.0
12,4,521.62,33.42,50.23,37.74,2.342,591.11
15,9,312.73,31.46,41.19,47.2,3.025,532.36
20,334,0.0,23.51,23.08,95.13,2.125,6.23
17,73,285.74,25.03,35.33,63.42,2.34,501.28
11,230,879.33,27.34,54.57,36.3,3.789,575.82
12,62,674.65,33.19,55.16,33.11,2.288,435.53
4,254,8.06,18.22,18.52,92.09,2.286,4.37
23,128,12.1,15.46,15.54,99.58,2.856,3.39
21,240,0.5,15.85,16.29,95.78,3.674,4.09
4,122,5.62,15.83,15.3,93.24,3.18,13.68
14,319,466.59,31.01,45.86,43.33,2.82,770.68
20,196,14.24,14.6,15.72,96.92,0.27,18.37
10,34,537.49,31.62,48.44,44.6,2.611,340.26
12,42,612.74,31.84,52.11,31.84,0.366,398.67
21,129,15.27,17.02,18.19,92.1,2.365,0.0
3,328,6.16,22.97,22.8,99.47,1.726,0.0
8,141,504.47,19.59,34.91,53.22,4.32,909.81
8,120,494.49,24.37,40.15,60.21,4.016,846.73
10,159,911.3,22.17,49.45,34.86,6.083,603.35
8,347,265.97,31.33,39.67,58.22,1.671,208.26
15,271,493.28,27.3,43.07,44.79,2.83,840.57
18,98,153.78,20.87,23.28,79.21,4.322,190.93
21,167,4.81,15.26,14.94,95.02,3.969,0.35
6,224,241.73,20.77,28.32,74.66,0.542,189.72
22,343,0.0,23.49,23.7,92.46,1.757,0.0
9,166,773.12,21.08,44.48,45.51,4.022,1267.17
13,264,752.38,24.37,47.63,33.23,3.076,514.48
13,218,921.36,23.77,51.75,30.19,3.087,627.03
3,326,28.24,21.6,22.74,99.9,0.977,70.99
5,331,0.0,27.1,27.11,81.92,3.787,29.63
12,188,1042.81,22.17,54.69,26.59,1.968,1657.9
1,229,4.45,15.9,15.84,91.07,1.547,0.0
13,338,520.42,33.24,48.8,39.41,2.206,339.81
15,6,395.21,32.56,43.67,52.39,2.278,653.04
16,101,440.09,23.38,36.06,60.24,2.929,741.77
5,324,0.0,27.42,26.58,84.62,2.471,0.33
3,257,20.12,20.32,20.33,92.87,0.407,0.0
4,43,8.41,24.32,24.27,95.2,1.558,22.71
11,98,856.72,25.58,51.96,29.88,0.951,1370.63
10,220,834.36,22.23,48.06,34.09,2.743,1329.76
15,232,623.84,25.46,44.14,46.01,0.411,422.05
12,292,670.31,29.31,51.49,31.06,2.647,443.09
14,195,861.76,24.24,51.31,36.65,4.029,1404.83
5,331,11.03,25.76,25.33,89.58,4.65,12.82
15,189,736.47,20.96,44.45,45.94,3.77,524.51
12,209,991.52,25.12,56.05,32.35,1.16,1545.3
12,105,905.39,28.39,54.35,33.32,3.499,586.59
20,102,0.0,18.46,19.65,100.0,1.984,4.62
16,85,385.98,26.17,37.63,62.3,2.029,675.26
18,19,120.03,28.91,32.87,74.07,4.367,235.21
11,324,517.02,29.45,45.45,40.05,1.727,872.07
14,284,588.64,29.2,47.1,40.02,1.778,935.03
6,230,229.75,21.94,29.91,72.79,1.019,178.33
11,23,566.94,34.49,50.93,38.2,1.932,349.33
5,102,16.42,19.21,20.78,90.91,1.455,47.82
22,2,0.0,23.97,22.87,88.65,2.552,2.98
18,232,208.13,18.18,24.51,79.41,0.778,352.42
3,239,18.03,16.78,16.42,94.65,3.028,21.47
22,95,12.83,17.37,17.92,93.69,3.061,31.47
0,139,18.26,15.06,14.35,91.76,1.84,0.0
13,257,801.32,25.73,51.06,29.57,5.18,505.74
5,307,0.0,26.59,26.51,91.52,1.243,4.91
21,51,0.0,19.61,19.99,92.64,2.966,12.85
14,165,886.74,27.09,55.48,35.58,3.285,1401.59
17,92,300.37,23.28,31.93,63.22,5.401,349.31
2,208,11.83,11.83,12.4,93.39,6.56,0.0
21,220,0.0,14.06,14.07,91.09,2.595,0.35
22,291,9.83,20.69,20.89,92.34,2.122,2.11
17,187,392.05,20.31,32.76,66.25,1.06,442.95
1,56,10.47,22.66,23.28,96.61,1.862,1.92
7,134,351.07,19.9,31.14,61.83,4.689,614.53
21,197,1.37,13.59,14.42,94.46,2.112,14.62
3,82,8.84,16.12,17.22,97.42,1.624,0.0
21,215,1.07,17.26,17.7,93.26,2.703,0.0
9,48,460.07,30.67,45.72,52.22,1.998,744.3
0,91,0.0,17.31,17.97,92.79,2.529,0.0
4,123,11.58,14.23,13.72,91.57,4.107,0.0
2,269,4.48,18.21,18.02,95.68,0.606,0.0
7,182,397.42,18.84,30.43,62.51,0.451,700.69
19,334,22.78,28.08,28.65,90.29,3.162,0.0
15,291,458.06,30.99,45.72,54.08,3.623,90.86
12,26,564.05,31.03,48.07,33.96,5.593,354.28
12,193,1016.8,22.62,53.52,32.46,3.822,654.2
0,176,0.0,13.71,14.3,95.81,3.16,7.4
22,108,0.0,16.31,17.45,93.77,4.097,12.11
17,317,245.73,29.83,36.55,65.57,2.09,374.08
16,130,542.96,21.18,37.7,53.92,4.277,384.91
11,141,940.38,23.18,53.12,32.67,3.265,1493.78
0,156,2.03,14.36,15.34,88.85,1.131,24.25
1,329,10.72,23.22,23.21,89.44,1.906,29.28
18,33,136.06,27.88,32.32,77.3,2.896,170.61
8,267,400.17,26.06,37.48,58.2,4.446,690.98
22,117,21.51,15.18,15.41,98.77,2.195,65.24
14,8,470.22,30.57,46.32,46.81,5.299,784.38
1,274,2.74,20.12,19.23,97.37,1.208,0.0
18,96,215.34,24.03,30.12,73.23,2.815,381.95
2,140,1.36,13.72,14.62,98.95,3.4,0.0
19,155,31.98,17.88,20.21,91.37,2.557,52.59
0,264,0.0,18.27,18.3,96.18,2.355,0.0
19,248,0.0,21.69,22.03,87.7,3.833,13.05
1,266,3.42,19.63,18.18,94.68,4.084,37.32
23,141,6.61,13.98,14.8,92.93,0.939,0.18
18,230,207.24,19.69,26.88,74.2,5.038,252.22
3,27,13.06,22.82,24.38,95.52,2.376,0.0
2,332,0.0,24.8,23.83,96.58,2.116,12.27
8,129,528.74,22.87,38.57,55.17,3.549,889.94
7,71,260.86,24.6,33.48,66.43,2.046,304.74
12,238,913.4,26.88,55.75,32.65,0.827,621.05
7,196,362.45,20.46,31.73,65.59,3.918,271.88
13,40,582.86,30.55,49.36,40.35,2.134,654.99
18,40,124.99,26.23,29.33,81.94,1.242,100.67
19,327,0.0,26.1,25.56,91.26,2.012,14.38
3,303,2.04,22.57,23.06,94.25,4.387,0.0
14,38,511.06,27.04,42.1,41.57,1.598,839.93
23,104,2.04,13.72,14.14,91.44,1.455,12.3
15,68,500.49,25.95,42.82,48.07,1.448,837.62
10,96,732.88,26.05,48.89,36.86,2.005,512.06
3,62,6.66,22.02,23.04,99.89,1.479,21.12
2,140,9.63,16.47,16.93,93.03,1.201,21.87
18,231,247.45,22.68,31.49,77.84,4.076,451.9
23,153,0.0,13.83,12.45,88.62,0.4,10.98
9,36,418.23,30.04,43.78,52.34,1.055,312.84
15,244,593.42,25.04,43.31,49.46,4.99,984.62
23,256,22.45,14.21,13.76,93.33,1.659,22.66
21,147,21.14,14.71,14.85,95.21,0.646,24.64
22,200,0.0,11.75,12.15,92.95,1.956,5.49
13,178,1035.61,22.23,54.38,28.92,2.797,1616.32
14,113,806.47,23.0,47.75,38.89,1.666,1305.94
6,353,96.58,26.34,29.35,77.98,4.589,100.1
17,195,396.35,20.42,32.32,63.95,2.841,671.01
14,360,440.71,29.09,43.31,43.26,2.959,341.69
12,223,941.65,22.9,52.17,34.56,2.149,1038.85
0,328,15.89,22.17,23.36,95.82,3.955,10.21
4,94,13.05,19.33,19.88,93.92,4.52,7.04
22,226,0.97,14.67,15.38,91.53,1.293,12.47
7,200,364.88,22.11,33.74,68.05,1.301,603.59
19,4,4.88,26.72,27.69,85.89,0.523,6.92
7,54,238.46,27.27,35.1,68.48,1.983,160.6
4,162,26.6,15.04,15.07,97.94,2.653,15.32
3,44,0.0,21.61,21.51,94.85,2.322,0.0
20,42,3.4,24.24,25.17,96.37,3.556,15.24
15,115,662.29,21.82,43.02,43.96,2.713,469.08
14,303,525.2,31.87,47.37,41.31,2.715,351.73
10,209,873.01,19.57,46.57,34.64,1.257,575.45
0,76,55.7,18.02,19.04,97.16,0.308,2.72
9,297,428.59,27.57,42.18,51.38,2.176,489.34
7,132,349.83,17.61,29.12,68.81,4.649,287.94
6,161,221.44,15.99,22.86,80.31,2.011,174.63
12,52,630.99,32.23,52.57,34.08,5.011,1055.42
12,132,976.0,25.16,55.35,20.7,3.679,1068.16
7,92,278.09,23.91,32.68,67.73,3.39,211.1
4,179,10.95,17.98,18.48,96.47,1.205,12.54
20,212,0.0,15.98,14.84,98.08,1.715,0.56
6,273,167.83,24.55,28.24,75.19,1.504,311.98
14,14,477.94,35.72,49.51,46.38,1.154,318.85
13,342,483.93,31.36,48.39,38.48,2.733,803.03
11,358,481.24,30.01,44.77,40.27,1.408,773.82
8,257,426.98,25.57,38.27,59.07,3.568,736.39
7,275,255.1,24.12,31.89,66.96,2.114,271.74
10,39,519.77,30.15,47.32,41.28,1.936,875.99
5,39,8.08,25.12,26.02,90.33,3.922,15.76
4,354,0.0,22.65,22.31,93.55,2.12,27.83
15,118,637.65,22.9,43.62,44.62,3.281,1060.06
7,324,221.98,27.64,34.83,71.51,1.628,155.37
15,162,737.28,20.49,43.49,45.44,2.715,1218.95
8,72,387.72,24.83,36.83,55.69,1.935,666.54
22,9,1.96,24.46,23.56,97.85,1.247,7.59
2,216,0.0,15.33,14.89,91.65,3.367,17.01
14,199,848.98,21.07,49.11,36.23,1.29,574.83
5,7,4.86,28.38,27.73,91.97,2.218,0.0
1,301,4.9,26.22,26.16,93.12,1.955,9.83
11,288,660.64,30.78,51.77,37.4,3.174,1064.49
21,31,0.0,26.46,24.75,97.79,1.692,5.88
9,180,718.88,23.96,45.94,48.32,0.529,1182.87
7,125,368.71,19.69,31.8,66.96,2.147,409.94
13,273,709.82,30.51,53.14,32.28,2.978,501.7
6,268,193.99,23.93,30.4,79.56,2.227,334.92
0,295,5.03,23.29,24.45,93.5,1.696,14.72
20,293,33.57,24.06,24.01,95.84,4.333,16.22
0,203,17.62,12.76,12.55,93.28,6.366,0.0
0,41,0.0,22.11,21.19,93.75,3.144,0.66
16,167,540.91,21.36,38.63,53.03,0.247,93.68
12,363,520.6,31.71,48.21,38.69,3.999,586.98
3,237,26.27,12.64,14.47,89.18,1.203,6.37
8,96,436.53,25.28,40.05,57.7,1.904,502.06
14,345,432.16,32.5,44.83,40.86,1.883,724.93
8,50,328.8,30.07,41.49,61.56,2.938,40.46
12,110,906.24,26.57,55.49,31.0,3.349,1415.39
5,5,38.43,28.52,28.67,89.32,2.976,55.37
18,267,206.88,23.12,29.85,79.12,3.319,380.18
14,97,725.28,26.44,49.24,39.14,2.922,479.6
15,214,695.45,19.76,40.36,45.33,1.805,1164.99
2,193,0.0,16.04,16.55,96.1,1.506,18.7
9,353,370.23,29.53,41.03,51.19,4.044,645.16
5,88,17.97,20.94,22.0,85.62,1.163,40.67
18,261,181.42,19.01,23.73,82.28,3.071,325.16
20,219,5.02,16.57,16.7,93.61,3.756,12.26
8,157,534.26,20.5,37.01,53.51,3.277,378.23
18,170,239.35,19.56,27.9,75.13,0.777,420.03
10,88,706.38,27.24,49.77,36.07,3.586,440.33
14,72,651.33,27.34,47.27,40.53,4.578,709.87
14,289,565.19,27.74,45.46,41.18,2.979,953.25
11,112,888.71,28.12,55.6,33.52,5.052,557.2
11,361,488.45,35.11,50.53,40.89,2.809,311.16
19,291,10.86,23.0,24.5,97.06,1.465,2.14
10,143,852.99,23.41,49.63,41.96,2.284,556.28
10,253,701.45,27.32,49.75,38.11,2.188,1142.08
11,274,681.85,28.68,49.34,38.71,0.333,1110.15
15,32,394.53,29.79,41.09,52.43,1.08,305.31
17,213,373.61,21.92,33.81,65.65,2.862,50.84
1,260,2.49,19.8,19.36,95.92,1.833,0.0
1,170,24.52,15.19,15.37,94.85,3.181,20.66
5,71,9.52,24.7,26.23,85.33,1.083,7.33
15,288,455.23,29.32,43.26,48.86,1.247,770.49
20,116,11.86,18.8,17.98,92.34,2.572,17.7
3,13,0.0,24.6,24.83,94.52,2.53,0.0
9,136,687.12,23.38,43.67,44.38,0.912,1117.31
5,208,19.83,19.66,21.11,87.62,0.588,15.81
20,362,9.82,23.88,24.56,94.93,1.501,0.0
22,320,21.17,23.63,24.55,95.65,5.439,25.86
6,342,121.77,31.11,35.12,81.45,6.096,78.31
17,144,371.39,20.27,32.03,64.8,1.55,257.52
3,3,0.0,25.82,25.41,92.88,3.749,7.16
13,327,529.86,28.42,44.31,34.83,2.028,99.78
5,140,1.59,17.28,17.71,91.83,2.636,13.89
21,226,9.59,16.79,16.74,100.0,1.238,0.0
12,354,522.45,34.31,51.26,38.72,6.164,827.46
21,24,0.0,18.7,18.81,94.16,1.306,0.0
14,25,491.4,31.73,46.19,43.14,4.319,776.55
21,283,0.0,21.48,22.53,92.67,3.765,0.0
0,255,0.04,18.15,18.1,95.72,2.518,0.0
18,187,215.34,16.56,22.38,80.08,1.379,401.27
3,13,20.64,24.6,24.89,100.0,4.322,26.44
18,91,169.3,23.47,29.17,77.22,3.008,198.11
19,60,0.0,23.57,23.12,87.2,3.05,11.29
10,15,466.04,34.14,47.74,42.92,3.596,509.02
5,356,13.05,27.1,28.23,92.7,2.772,10.53
23,112,0.0,13.27,13.31,94.22,3.955,3.23
21,337,2.65,24.37,24.56,93.19,2.108,23.12
3,271,0.0,18.33,20.22,98.25,2.283,0.0
7,10,192.63,29.14,34.77,66.87,6.017,324.63
3,108,0.0,16.32,15.64,97.92,2.731,0.39
17,131,352.68,21.37,32.53,61.69,2.745,592.9
0,321,0.0,22.74,23.42,93.34,2.485,5.22
9,75,529.22,27.02,43.32,44.38,1.603,865.96
5,217,15.24,16.33,16.4,89.05,0.544,0.0
22,19,11.28,24.83,23.01,91.52,3.801,17.77
10,146,871.63,24.78,51.72,39.6,3.779,586.9
18,290,136.64,26.16,30.58,80.31,2.681,240.3
18,337,127.3,27.68,32.38,78.58,2.206,98.55
17,303,218.38,26.8,34.27,70.6,2.224,155.04
2,42,0.0,20.03,20.88,93.95,1.873,2.29
13,59,664.36,28.52,49.66,33.9,3.066,444.26
1,98,0.99,14.65,14.47,94.44,3.003,8.64
23,97,0.7,16.64,16.72,97.28,4.541,14.04
8,201,548.83,24.84,41.23,52.54,0.745,627.08
7,223,359.82,22.2,33.5,69.62,5.171,657.16
9,347,359.63,30.61,41.88,54.03,0.979,604.96
14,259,676.3,28.88,49.24,42.19,2.199,1107.61
20,272,13.0,20.31,20.34,97.22,5.182,0.0
23,209,26.26,13.7,13.91,90.5,1.401,17.38
20,119,0.14,19.48,20.6,96.74,2.352,0.0
9,292,460.27,26.89,41.01,54.13,4.239,770.12
22,108,16.54,16.15,16.21,96.98,1.356,0.0
22,362,7.67,22.09,22.81,96.03,1.997,33.91
6,37,127.29,24.93,28.99,73.02,6.089,102.75
10,319,496.75,28.12,42.73,46.28,4.571,358.09
17,131,389.01,19.19,31.34,62.74,2.793,263.36
19,73,0.0,23.61,23.85,93.41,2.891,5.33
9,51,463.27,28.98,43.55,42.95,0.912,325.6
22,79,0.0,18.05,17.62,98.26,3.182,7.88
18,161,246.4,18.26,25.11,73.38,5.143,427.74
1,9,6.4,21.77,21.27,96.14,1.061,16.04
7,323,205.38,26.95,35.4,64.59,5.155,364.63
14,277,627.95,27.33,47.24,39.0,0.426,1033.47
20,133,0.0,17.82,18.67,98.61,0.705,5.57
19,331,14.1,26.09,27.45,90.27,3.163,5.42
3,349,0.0,24.14,24.28,93.33,3.971,16.78
21,336,4.34,23.57,22.58,92.38,3.478,3.35
23,148,7.69,14.25,14.99,100.0,5.369,9.49
14,338,454.81,30.56,44.33,40.93,1.293,749.34
17,122,355.96,21.13,32.14,65.12,1.642,609.14
15,321,379.45,31.11,43.52,49.33,3.025,660.63
5,267,0.0,22.14,21.67,87.51,1.324,6.81
15,79,540.22,26.33,43.21,45.86,7.017,916.08
14,347,445.67,30.39,43.92,39.37,2.042,709.44
7,239,316.99,23.07,32.83,65.66,5.409,573.4
3,329,4.74,23.0,23.43,96.14,1.98,42.28
19,289,4.96,22.08,22.18,85.07,1.251,36.17
23,16,4.53,22.46,23.08,100.0,3.77,0.0
19,105,0.0,22.49,21.59,84.64,2.29,42.84
3,228,0.0,15.2,14.05,93.37,3.735,17.38
22,155,0.0,13.32,13.97,92.52,2.259,11.26
2,87,13.23,20.0,20.46,90.38,2.864,12.91
7,30,200.19,29.34,35.59,65.72,1.604,354.58
3,76,0.0,22.15,22.24,97.64,2.539,8.28
1,253,0.0,19.26,20.12,88.93,3.238,10.03
3,142,11.87,14.78,15.32,96.83,2.249,18.0
23,54,10.75,21.37,23.39,95.5,3.687,3.23
12,306,597.41,31.6,50.74,34.23,2.788,1023.37
18,349,144.16,27.25,31.74,83.12,2.174,119.38
20,64,0.0,18.4,17.2,96.23,2.652,3.2
16,10,282.12,31.15,40.09,59.4,1.379,458.44
4,282,0.0,23.5,23.83,95.79,2.398,0.0
5,184,12.8,17.6,17.36,87.69,1.801,13.41
17,306,240.83,26.77,33.22,71.05,3.761,409.04
2,137,14.89,16.14,15.9,89.04,1.255,4.24
6,142,198.61,19.38,24.66,78.01,1.316,239.23
11,312,568.34,30.98,49.53,42.81,1.656,948.84
1,160,0.0,11.65,12.1,96.76,4.047,13.14
2,160,5.27,14.13,14.49,92.86,0.997,32.45
10,209,842.33,23.13,51.14,35.32,1.168,563.55
4,183,2.83,14.14,13.55,100.0,1.603,12.96
17,248,307.62,23.79,34.6,63.86,6.716,549.0
0,145,0.0,15.53,16.41,94.64,7.251,0.0
4,235,0.0,17.18,17.37,95.75,3.351,0.0
11,344,476.37,33.33,49.55,38.84,1.853,348.73
23,148,0.0,14.08,14.2,92.28,5.679,0.0
4,318,3.41,23.21,23.95,96.29,2.923,14.24
23,219,0.0,14.56,14.54,96.96,1.122,14.27
0,145,0.0,15.98,16.09,95.38,4.287,9.93
21,281,0.78,18.74,18.01,95.98,1.642,0.82
21,100,3.72,19.65,19.95,93.68,2.339,0.97
16,155,527.19,19.22,35.75,53.91,5.286,417.06
11,135,985.01,22.82,52.72,31.69,1.792,657.49
7,31,226.18,26.13,32.47,60.87,3.149,177.21
15,67,493.91,25.24,39.92,44.0,2.156,810.97
22,68,0.0,18.23,18.5,94.16,1.756,0.0
10,337,467.05,32.87,47.2,39.19,3.62,755.22
5,104,5.42,20.63,19.65,89.59,4.519,14.8
17,98,298.59,23.79,33.7,64.48,2.29,533.68
22,30,14.59,23.3,24.38,91.82,2.436,24.46
4,268,0.0,19.94,19.86,93.92,4.446,6.52
11,312,543.58,30.02,47.24,38.93,4.248,608.49
20,177,3.4,16.03,13.82,93.5,2.501,0.0
16,217,507.17,24.08,40.01,58.18,2.49,76.24
10,34,484.23,30.59,45.87,44.92,1.9,562.19
7,214,349.81,23.73,35.05,68.09,1.419,621.66
4,120,0.17,17.12,18.61,94.29,2.677,0.0
10,323,475.44,32.14,45.7,42.16,0.359,782.93
5,29,38.81,26.31,27.55,87.05,1.668,28.45
14,294,561.45,32.34,49.23,38.59,2.61,620.6
15,231,615.26,26.22,46.3,42.52,7.136,1036.13
4,28,4.07,21.75,22.79,96.67,2.283,11.54
7,107,342.79,23.05,34.18,67.92,3.137,573.03
10,140,868.78,21.08,47.6,40.81,2.337,620.04
14,184,897.91,22.75,49.5,37.54,4.547,1469.2
12,262,800.56,25.85,51.4,29.77,1.671,1273.67
9,122,677.82,23.64,44.55,44.79,1.004,1150.4
1,101,0.0,17.39,16.84,91.7,4.213,3.43
21,38,0.0,22.84,24.29,95.05,2.631,16.3
15,153,699.19,21.76,44.52,45.36,2.37,1173.76
2,9,4.72,22.9,23.21,95.8,2.531,19.55
17,103,306.02,23.01,32.13,64.8,5.955,353.07
21,216,5.36,16.62,17.55,96.36,1.861,8.05
18,354,112.53,30.37,31.79,78.16,5.827,183.95
4,171,11.3,16.32,16.15,93.52,6.405,4.59
12,302,636.49,30.54,49.75,33.67,1.343,1021.42
13,229,886.88,25.91,53.94,33.77,4.669,599.44
20,365,0.0,25.58,24.07,96.72,2.173,0.0
11,132,943.04,24.5,54.63,33.77,1.785,999.74
18,232,198.92,20.14,26.01,76.77,1.91,60.82
12,328,555.14,32.14,49.61,33.75,3.177,919.19
11,193,960.46,22.41,52.85,34.08,0.769,1530.36
5,212,7.53,17.58,18.9,87.61,2.798,0.0
19,310,0.0,27.91,27.94,84.41,2.483,0.0
8,212,527.93,22.56,40.31,55.04,5.618,365.75
14,180,904.16,23.0,50.24,35.51,1.953,1436.45
23,4,2.91,22.12,22.96,98.98,2.377,0.0
16,57,340.48,28.96,39.64,50.52,4.209,585.72
0,182,0.0,13.62,13.56,94.27,2.56,0.0
15,4,370.9,32.08,43.56,53.05,3.653,267.33
17,137,352.82,18.74,30.16,67.05,2.326,620.82
19,300,16.49,22.84,23.58,88.5,1.719,25.07
12,51,659.93,31.22,50.97,39.53,2.729,748.29
4,19,12.61,24.52,26.29,98.23,1.889,18.52
1,217,0.43,17.09,17.47,94.87,4.813,19.87
9,104,624.12,28.18,48.01,47.43,4.382,702.48
11,241,827.52,25.81,50.41,29.91,1.295,1334.21
14,36,520.62,31.41,47.71,42.97,5.006,862.55
17,126,328.32,20.64,30.6,66.3,2.918,576.55
14,12,449.46,33.24,47.56,46.18,0.682,292.65
3,125,4.55,14.01,13.77,94.61,4.05,6.67
15,47,431.25,30.26,42.54,48.59,3.271,729.28
3,242,1.59,16.94,16.2,94.31,0.945,6.02
7,133,377.93,20.03,31.47,60.29,0.725,652.97
23,20,12.22,23.05,23.24,94.17,4.077,2.91
0,295,20.45,22.61,22.61,93.97,1.482,13.47
5,224,0.0,16.9,16.59,91.0,4.196,16.85
21,296,2.56,21.87,23.46,92.44,2.26,0.0
16,40,329.07,31.9,42.22,52.82,2.492,529.75
17,35,213.84,28.13,36.07,64.57,2.913,361.69
11,330,535.7,34.29,51.03,40.9,1.322,349.72
7,173,387.72,18.91,30.97,70.28,5.266,284.46
3,159,0.0,15.09,16.12,96.25,4.624,2.68
8,263,391.89,27.82,41.07,57.11,2.227,690.68
23,89,9.96,13.72,14.52,99.46,2.839,0.0
9,365,369.38,32.9,44.25,45.88,3.214,245.72
10,89,722.2,26.57,48.1,39.14,1.599,1179.63
6,205,215.95,19.64,27.16,78.95,3.106,386.08
6,74,184.88,23.46,28.71,75.71,0.793,304.18
14,44,560.76,29.2,47.49,38.54,1.518,360.65
7,181,364.3,18.82,29.59,64.79,2.609,269.44
5,286,0.1,21.22,21.64,86.51,2.582,15.57
1,126,8.05,19.21,18.98,100.0,2.127,21.77
14,353,436.75,31.02,45.02,40.08,5.84,740.55
10,243,745.21,26.39,49.01,36.76,0.526,466.3
5,234,6.94,18.41,18.45,86.19,2.223,0.66
11,360,535.98,30.93,48.04,38.8,1.998,855.34
8,275,396.18,25.41,36.45,56.41,1.991,275.35
23,317,0.0,23.69,23.13,98.63,0.305,0.0
0,206,23.53,15.61,16.13,92.32,2.267,0.0
16,310,329.22,31.69,40.85,58.89,3.049,553.61
4,257,0.0,18.14,19.52,91.39,0.819,14.73
16,10,293.53,34.27,42.84,58.71,3.042,67.8
1,241,7.19,15.59,14.44,93.56,2.84,2.34
11,48,610.77,29.27,49.57,33.25,3.734,395.66
20,267,3.67,19.87,20.26,92.6,3.6,25.22
8,329,290.85,31.81,40.31,56.19,3.798,181.66
14,314,486.52,33.62,47.85,43.14,1.844,553.73
23,118,24.48,14.67,15.35,97.64,3.306,5.32
13,5,505.65,30.92,45.49,31.85,2.401,839.5
3,148,0.53,13.88,14.89,95.62,3.228,4.32
16,271,389.1,27.13,40.55,55.75,2.94,628.94
4,60,9.04,18.8,20.06,100.0,2.596,20.42
15,26,384.03,31.09,42.7,51.14,0.278,278.7
13,109,897.29,24.12,53.32,29.02,2.708,988.02
14,13,487.81,31.12,45.69,46.16,1.591,293.05
15,64,505.99,27.26,43.14,50.02,3.519,333.75
23,237,12.88,14.38,14.05,99.78,2.572,19.75
7,211,350.0,22.7,34.5,62.73,0.971,617.78
13,322,506.46,31.34,47.75,37.9,3.207,816.88
23,30,0.0,20.34,21.7,93.99,1.744,0.0
11,112,883.32,25.11,52.14,29.72,2.469,558.57
4,132,10.12,13.81,14.54,91.81,0.821,25.87
18,223,213.38,18.91,24.88,77.6,0.835,423.96
15,296,437.81,29.06,42.63,48.6,0.864,737.62
12,228,948.44,24.85,55.03,30.91,1.303,630.78
21,153,0.0,14.38,13.54,97.55,1.729,3.11
1,137,1.79,14.57,15.24,89.99,6.169,1.66
7,120,311.32,20.55,30.48,66.35,1.9,557.35
9,283,493.0,25.25,39.51,48.68,1.723,85.85
18,331,125.57,24.01,28.46,73.11,1.515,179.93
2,190,14.99,16.06,16.66,99.46,2.141,7.18
7,113,327.58,24.61,35.01,62.58,4.877,383.71
16,201,514.97,22.87,39.26,48.61,0.795,855.09
22,355,25.31,25.0,24.61,90.91,4.783,0.0
10,7,468.61,32.38,46.48,45.12,0.397,93.53
12,101,851.57,23.87,50.3,33.78,4.645,597.02
3,249,12.41,18.43,18.48,96.66,2.879,2.29
1,126,44.18,14.33,16.81,90.89,3.086,44.3
16,33,304.57,27.09,35.58,56.67,3.692,523.93
13,256,776.11,27.66,51.28,37.65,3.216,1273.02
5,305,10.95,25.9,26.11,85.83,0.88,41.57
20,254,0.94,19.28,19.68,99.91,0.478,0.0
10,270,634.78,26.44,45.9,40.31,5.835,1023.23
18,96,180.08,20.62,26.88,77.87,4.948,118.87
19,245,5.84,21.17,21.21,90.63,3.315,7.6
7,298,217.45,27.83,35.2,67.84,1.052,242.87
19,314,0.0,23.57,23.87,91.83,4.019,11.94
19,262,0.0,22.65,21.85,88.22,1.633,24.34
1,15,5.78,23.04,21.96,89.94,4.633,0.0
6,336,97.78,28.73,31.63,79.07,2.128,206.67
19,79,1.23,20.98,21.97,86.72,4.362,13.67
22,339,0.95,22.43,23.21,98.49,3.021,18.6
8,233,478.18,23.34,37.5,51.4,1.707,826.92
8,194,513.47,20.27,36.02,53.51,3.491,904.02
14,78,684.67,27.13,47.9,41.67,3.255,1106.1
4,208,0.0,14.77,14.43,95.15,1.714,10.02
0,103,16.03,16.3,16.82,93.46,1.227,0.0
2,152,4.99,15.15,14.9,95.16,2.95,3.79
7,291,237.39,26.58,33.31,67.01,1.83,181.66
16,142,545.68,22.3,39.93,54.48,1.385,897.67
13,229,883.18,24.3,53.95,31.62,5.962,621.68
23,257,29.88,17.58,17.27,97.76,3.85,30.35
13,145,968.35,24.93,55.36,34.36,2.864,1534.55
2,210,0.14,15.99,16.17,89.05,1.949,24.45
19,119,0.0,16.53,16.24,90.75,2.77,0.0
7,354,181.43,30.87,36.66,67.88,4.683,326.9
11,174,1027.88,20.66,52.16,38.98,0.329,679.94
20,112,20.53,17.24,17.34,96.62,5.02,21.46
22,151,24.3,10.73,11.14,89.23,3.163,24.87
0,188,4.6,13.63,13.78,94.58,4.324,2.18
4,65,1.66,19.94,20.98,95.11,3.277,13.48
10,29,493.7,31.67,47.11,45.35,0.811,327.25
11,52,625.75,30.45,49.83,35.25,2.165,1018.07
6,212,234.91,20.08,26.96,77.53,4.772,170.05
16,35,284.72,31.72,41.97,62.54,1.996,190.66
19,62,7.23,24.25,24.03,83.31,1.972,0.0
14,92,729.04,24.93,47.62,38.47,2.589,1188.66
20,292,16.58,22.55,22.75,99.43,1.059,0.0
6,25,124.59,26.55,31.06,83.98,3.154,88.7
15,240,612.75,25.67,44.0,44.55,0.927,412.63
7,359,192.42,26.99,33.37,66.11,2.311,127.45
2,252,20.11,17.77,16.9,93.1,1.721,3.69
16,37,305.58,32.08,41.72,58.24,4.641,488.61
19,100,0.0,18.77,18.88,92.35,3.218,2.14
2,266,7.43,19.72,20.25,96.32,1.038,0.0
17,124,357.02,20.77,31.69,68.64,1.64,610.3
15,213,664.9,22.57,43.54,46.78,6.652,1102.69
17,255,328.58,24.67,35.51,68.46,2.145,370.46
8,365,307.24,31.16,40.76,62.01,1.745,502.22
1,109,8.2,17.7,17.26,95.11,1.133,18.71
4,7,33.84,26.12,25.38,100.0,4.207,39.75
11,324,506.94,31.26,47.31,39.01,1.104,94.62
16,295,336.85,30.19,41.3,61.2,4.097,573.82
22,147,0.0,12.16,12.85,98.84,3.616,0.0
17,312,228.57,28.55,35.84,70.21,1.085,178.13
1,275,6.26,20.21,19.51,97.15,0.026,2.39
3,280,18.7,21.04,22.85,93.38,0.386,15.17
7,183,366.74,20.75,33.0,60.81,1.293,628.89
15,131,694.07,21.95,43.19,46.32,2.497,472.25
7,238,324.99,23.02,32.97,65.04,1.622,579.93
10,304,549.37,29.11,47.12,38.9,2.163,876.34
15,324,375.79,30.84,43.83,50.57,1.656,617.35
7,94,314.71,24.47,32.05,67.99,2.677,239.62
15,77,499.86,27.32,43.46,51.91,1.678,834.61
11,348,503.42,33.65,48.53,31.88,1.352,808.43
5,286,0.0,21.98,21.9,88.12,1.092,7.09
0,12,4.25,20.39,22.19,100.0,2.433,2.49
1,14,0.0,24.91,26.06,97.82,2.546,14.72
10,52,550.41,29.85,45.87,42.39,2.76,403.83
21,56,1.47,24.81,26.04,93.68,5.979,7.82
5,108,6.98,18.73,19.62,90.32,0.404,0.0
8,292,346.77,24.89,35.33,52.69,2.132,585.97
15,338,362.09,32.93,43.28,49.21,1.31,633.88
18,54,128.92,23.37,28.9,74.81,1.311,125.96
10,192,872.72,23.53,50.87,38.42,3.119,1398.72
15,91,589.39,26.19,44.14,50.25,4.585,386.97
9,229,661.31,23.43,44.18,42.96,0.162,466.42
7,276,271.45,23.72,33.52,70.32,1.951,451.54
19,291,23.57,24.65,24.73,91.65,7.111,33.46
14,98,721.89,27.29,50.05,34.3,1.147,1178.16
23,323,0.0,21.61,22.01,94.38,2.0,0.0
10,243,745.08,27.12,51.37,37.5,4.155,821.49
17,219,357.89,20.39,32.43,69.12,0.183,259.15
8,132,538.48,23.9,40.4,56.93,3.574,923.42
6,14,139.19,25.02,28.41,86.73,6.708,205.99
20,270,3.59,18.08,19.05,97.44,5.778,0.0
19,116,22.69,16.97,17.81,89.49,1.893,48.19
3,158,0.0,13.44,12.5,96.02,1.44,0.0
4,226,47.23,14.95,15.56,100.0,2.802,100.65
11,210,957.51,23.1,52.49,29.39,0.999,1538.65
20,333,1.22,26.01,26.44,96.89,2.549,0.0
20,231,9.27,17.75,17.86,96.24,0.61,0.0
5,100,25.03,17.4,17.84,94.57,1.722,26.12
18,336,128.6,29.82,32.99,81.5,2.915,69.84
16,284,353.4,28.85,40.44,53.43,5.749,426.43
20,93,4.52,19.29,19.17,97.1,1.022,0.0
7,159,364.69,17.68,30.21,63.73,2.576,274.07
17,241,346.04,21.78,32.4,68.41,1.381,580.26
18,274,154.51,26.69,32.05,77.96,3.236,277.8
10,219,831.85,25.98,51.56,37.47,2.889,582.1
5,281,26.44,23.3,23.12,91.57,2.63,26.09
4,147,13.58,13.43,13.63,94.63,1.335,37.11
5,93,9.4,20.98,20.67,91.82,1.175,0.0
20,199,0.0,17.17,17.15,89.26,1.259,0.0
6,309,141.93,29.7,34.97,79.3,1.277,88.9
11,55,651.2,29.57,51.15,38.93,4.674,717.67
14,167,898.6,22.03,51.28,33.39,1.684,1463.53
2,231,30.21,19.25,18.02,96.05,2.068,51.69
0,249,17.85,18.88,19.25,99.07,2.388,14.13
0,50,0.31,23.22,23.21,98.53,3.793,0.0
4,192,0.0,14.6,16.24,89.13,2.813,9.78
19,239,2.78,19.45,19.94,87.97,4.274,20.6
3,128,13.15,18.27,19.48,93.78,1.474,14.19
4,101,3.69,18.59,17.71,94.14,4.77,11.85
14,50,545.03,29.42,46.34,44.92,3.092,885.57
6,333,138.69,27.76,32.54,73.35,0.241,237.69
1,249,1.85,17.54,18.53,93.95,2.486,28.52
17,272,246.52,27.17,35.56,67.12,2.732,197.65
14,82,672.99,28.25,50.4,42.89,1.913,470.72
12,192,1019.01,24.31,56.95,32.36,2.487,1095.21
7,302,216.62,27.86,34.41,64.94,1.67,377.35
13,116,904.28,23.52,51.62,39.2,3.289,1474.53
15,224,669.31,24.96,45.94,52.3,3.046,113.53
20,253,36.21,19.94,21.22,99.77,2.436,35.12
8,203,537.29,20.69,39.46,54.65,3.252,904.63
4,228,22.02,15.28,15.01,95.24,2.156,4.95
16,296,334.49,26.99,37.9,56.21,2.558,218.17
5,160,15.02,17.24,17.71,87.31,1.343,9.03
8,226,497.9,22.75,38.02,51.89,3.355,316.13
1,9,0.0,23.13,23.95,99.5,0.99,0.0
12,122,963.02,26.85,57.99,27.65,4.589,602.08
12,13,545.96,33.05,52.07,36.37,2.237,872.17
21,208,2.9,14.54,14.0,95.46,0.669,17.37
20,27,4.57,23.17,23.65,96.55,2.749,3.2
3,131,0.0,16.68,16.05,96.24,2.985,11.87
17,117,337.45,21.52,30.78,64.63,3.372,245.46
1,261,3.94,20.72,20.24,100.0,0.79,7.53
11,337,530.18,33.04,49.95,38.31,1.664,841.26
23,88,9.03,16.77,16.38,94.68,4.496,2.94
11,356,479.28,33.62,47.68,37.57,2.034,797.16
0,303,0.0,23.79,22.41,89.44,2.853,4.47
5,258,0.0,19.99,19.95,88.55,1.912,14.84
5,60,0.0,23.78,23.7,92.47,0.464,1.9
6,323,144.85,27.41,31.52,79.5,6.154,239.3
17,232,334.76,21.74,32.06,69.83,5.233,243.26
13,72,767.23,27.25,50.99,35.38,1.853,487.06
22,67,0.0,20.3,20.13,96.1,4.239,19.18
16,356,270.13,31.39,40.62,63.36,2.499,485.58
4,158,2.17,15.24,14.35,92.62,3.011,0.0
14,174,918.15,22.01,48.73,35.93,3.453,1487.07
14,49,585.49,29.23,47.05,43.28,4.756,398.38
13,299,590.8,29.9,48.16,35.83,2.739,957.18
1,271,24.59,19.69,20.1,91.41,1.253,29.95
23,321,9.52,20.09,20.54,90.98,2.312,9.14
22,314,11.52,19.84,20.65,92.32,4.197,12.91
19,234,24.66,21.26,21.55,88.93,5.495,15.91
3,41,0.0,22.09,21.03,98.54,3.259,0.78
13,98,843.06,28.17,55.56,32.39,2.562,1326.6
4,20,0.0,22.0,22.02,95.08,3.36,10.7
20,50,6.97,21.98,22.09,95.01,1.609,0.0
11,193,984.13,22.46,52.77,39.69,4.753,653.47
9,103,636.3,24.89,44.5,46.09,2.524,1043.03
7,84,304.21,25.58,35.75,64.2,2.483,518.32
13,193,984.47,23.75,53.84,26.46,2.485,1581.19
14,164,876.09,22.96,49.54,40.05,3.634,613.3
23,17,0.0,22.27,21.42,95.21,0.446,1.66
4,204,27.45,13.37,13.56,98.47,1.522,52.6
17,37,209.38,29.65,35.98,62.36,1.577,144.53
22,357,0.03,23.83,23.37,99.43,0.908,2.97
5,288,0.0,23.71,24.31,86.08,2.74,8.54
21,347,6.35,23.83,22.94,96.77,1.221,0.0
2,161,13.41,13.02,13.74,92.81,1.72,3.92
1,326,2.85,21.79,22.47,92.73,1.473,16.12
13,284,676.2,28.99,48.98,34.66,1.509,1067.8
10,328,437.35,32.12,45.75,46.35,3.516,733.49
12,8,541.18,31.49,48.73,32.53,3.148,879.18
17,48,214.29,28.56,34.31,68.16,1.426,378.0
5,33,0.0,26.25,27.94,88.9,1.081,26.58
10,253,723.16,25.6,47.77,44.19,2.527,501.76
1,308,3.41,21.1,21.03,93.56,2.197,0.0
15,85,561.25,25.97,42.3,45.77,2.925,403.31
16,231,476.72,22.14,36.21,49.66,0.626,338.69
13,238,892.67,26.15,53.24,34.25,1.727,1410.16
10,254,703.68,25.18,47.8,39.12,2.562,474.78
19,23,20.54,26.89,26.82,90.72,2.467,24.17
3,156,0.0,14.97,15.74,97.59,1.317,13.7
15,64,505.32,27.55,42.89,52.6,3.873,353.32
19,145,0.0,15.97,16.21,88.23,2.578,16.96
17,131,359.08,21.64,32.57,63.03,4.87,430.95
1,358,0.0,23.06,21.9,88.76,2.931,0.0
8,178,538.36,21.06,36.41,56.06,0.982,400.79
9,294,464.88,29.32,43.99,45.45,3.076,724.69
6,238,191.64,22.5,26.95,70.43,4.12,321.13
2,43,42.69,19.13,21.21,92.15,5.073,36.34
10,175,875.42,22.01,50.18,40.62,1.134,1430.17
19,118,0.0,17.45,18.95,92.27,3.698,7.0
13,76,737.14,29.37,53.42,35.86,2.981,1149.03
16,296,319.07,31.24,42.96,57.67,2.895,558.46
12,155,1007.83,25.86,57.38,25.5,0.988,1601.57
21,38,31.88,21.94,22.72,95.37,6.509,30.24
8,317,311.2,30.72,39.7,57.12,1.576,498.52
13,107,879.81,27.14,55.1,34.15,3.887,1390.75
7,167,372.93,15.95,28.83,65.35,1.558,447.62
11,241,848.28,26.18,53.27,31.31,2.936,1318.35
16,285,368.37,28.46,39.76,52.88,1.164,645.4
7,266,290.18,23.79,33.37,66.2,3.053,186.08
6,277,168.82,26.81,32.82,79.75,3.527,116.07
18,355,118.67,27.3,30.47,80.29,5.752,148.9
2,269,0.0,21.03,22.68,99.63,3.519,9.96
0,155,13.84,14.99,15.72,94.28,6.301,33.51
6,210,229.43,19.1,27.65,74.35,0.97,170.66
5,10,0.0,26.56,26.24,89.4,5.269,19.13
3,168,0.0,15.59,15.68,91.43,2.125,10.6
23,315,2.31,21.79,21.96,94.51,2.136,0.0
12,307,615.63,33.22,52.4,36.15,2.79,962.04
22,79,7.89,15.94,16.0,93.51,2.479,7.87
5,358,0.0,26.67,26.91,89.93,2.303,4.11
5,222,0.0,22.07,21.99,93.08,1.03,11.88
10,295,536.63,29.05,44.9,44.04,3.515,403.87
9,238,621.0,25.29,44.68,46.65,2.388,1029.77
7,262,291.76,24.39,33.23,67.13,2.956,498.74
1,93,20.67,19.23,18.09,91.64,3.061,36.38
3,224,0.25,15.58,16.07,93.04,3.411,25.1
12,9,556.9,35.74,51.79,34.24,0.803,892.52
15,258,557.7,25.51,42.64,45.61,3.038,375.43
12,241,905.28,27.33,55.97,34.83,3.024,1428.49
5,192,14.07,18.64,18.81,97.31,2.776,4.22
20,134,0.0,14.5,16.06,96.21,1.557,5.97
10,330,450.35,33.05,47.67,39.05,1.831,294.71
16,255,406.34,25.64,38.7,62.2,1.388,687.72
21,91,0.76,22.09,22.77,94.01,3.098,3.36
5,34,0.0,26.33,27.23,83.72,2.767,0.0
4,108,0.0,16.28,16.37,97.83,2.497,0.0
3,340,18.06,24.25,25.11,95.69,2.026,3.8
18,137,255.31,18.87,26.24,77.8,2.511,444.37
18,124,233.24,22.49,29.35,72.22,1.245,300.16
10,6,443.58,32.73,47.82,42.98,2.994,738.54
6,4,135.61,30.06,34.39,79.22,2.999,253.26
12,139,1018.87,25.88,58.91,30.34,3.084,1571.01
18,252,170.77,19.85,26.82,71.44,2.575,301.72
6,5,134.38,28.74,33.41,78.7,0.885,231.95
0,185,10.27,13.84,13.72,95.46,1.288,18.01
7,112,321.65,22.33,31.07,64.14,3.503,51.46
2,30,9.31,24.89,25.43,90.37,1.123,0.0
0,54,10.38,20.53,20.9,97.1,4.682,4.36
12,13,538.3,31.66,47.82,31.21,2.861,894.28
4,210,0.0,16.78,17.22,89.26,5.379,13.26
8,198,548.61,23.05,39.66,51.63,3.879,104.71
16,167,515.72,20.79,37.13,55.47,3.469,884.42
0,21,20.68,24.75,25.39,94.71,1.437,29.11
10,42,542.6,31.19,48.44,36.84,2.378,892.07
8,221,518.5,21.99,37.84,57.07,2.207,394.99
8,3,276.1,30.4,37.18,55.54,0.747,470.31
6,357,91.99,29.04,31.99,80.04,2.923,125.23
5,301,16.44,25.04,24.85,88.37,0.887,7.6
19,118,0.0,19.7,18.4,82.37,2.701,0.0
3,117,4.41,14.86,14.46,97.22,1.277,8.89
7,181,382.81,21.17,32.51,61.79,4.703,432.17
2,256,0.0,19.71,20.29,85.97,1.968,13.91
21,87,0.0,16.55,16.03,93.84,5.003,16.65
20,209,0.0,17.01,16.47,94.63,1.998,5.85
23,104,6.93,12.29,11.36,88.22,1.719,31.01
22,339,7.44,21.68,21.89,100.0,2.347,0.0
9,274,531.55,26.87,43.65,53.28,2.769,99.15
8,320,275.31,30.28,40.18,61.52,4.451,206.8
8,352,255.4,29.15,38.1,60.62,2.036,418.33
6,30,148.07,28.23,32.66,79.85,0.234,274.85
2,284,3.96,19.48,20.71,91.51,2.984,4.04
0,82,9.46,19.04,18.53,94.79,0.626,0.0
18,124,246.93,20.33,27.54,80.37,2.008,447.75
0,26,0.0,23.51,22.94,95.54,4.948,15.64
20,289,0.1,23.8,23.66,96.01,1.497,5.19
8,149,557.38,18.92,37.18,55.59,3.311,944.15
8,7,237.29,27.96,34.55,60.84,2.734,428.96
7,264,270.71,23.94,31.59,68.19,1.296,496.44
9,62,498.36,30.88,45.77,48.9,1.583,839.36
23,185,33.22,12.17,13.86,93.08,3.104,50.36
19,86,15.3,20.51,21.02,89.19,0.813,24.48
7,90,294.45,24.91,34.58,66.14,3.399,200.03
2,65,6.82,20.09,21.05,93.2,4.535,6.35
11,219,946.48,23.78,53.03,33.41,1.977,1482.46
21,45,0.0,22.98,22.4,91.11,0.729,6.87
21,265,0.0,18.95,19.62,93.27,5.996,6.43
14,140,854.49,22.51,48.68,37.35,3.161,595.87
23,219,0.0,14.1,14.86,92.22,1.517,3.18
9,42,442.86,28.93,44.54,51.11,4.729,328.67
15,247,601.0,24.65,42.92,47.4,4.722,428.82
22,94,3.4,15.98,14.27,98.36,1.341,9.22
0,151,0.0,14.09,14.33,93.17,2.63,3.88
2,280,17.42,18.8,18.55,98.9,2.821,24.09
19,302,10.09,26.16,26.38,87.96,3.094,33.96
15,145,687.66,20.8,41.62,48.42,1.324,451.13
12,66,699.11,29.1,52.5,31.78,1.611,1115.42
5,32,5.86,25.87,25.34,90.38,5.871,0.0
7,227,329.62,20.14,30.25,66.68,4.913,577.87
15,144,726.81,20.94,43.05,43.27,2.997,485.38
7,179,380.06,16.74,30.12,61.56,4.501,702.7
11,103,844.68,28.96,55.1,29.88,3.701,528.94
16,279,392.28,28.21,39.19,53.77,4.764,245.32
19,300,0.0,24.38,23.86,92.45,2.932,12.52
19,152,5.62,18.05,17.76,89.56,3.706,17.06
20,280,3.52,20.76,21.31,92.08,4.158,21.05
4,148,0.0,18.44,18.98,91.51,2.006,11.39
7,66,255.35,25.28,33.64,63.33,1.466,448.67
19,57,0.0,21.53,22.55,87.54,0.527,15.14
14,131,801.46,23.27,49.56,40.42,1.904,532.83
13,298,625.69,29.53,48.91,39.05,1.047,1021.99
21,50,0.0,20.41,17.87,97.15,2.14,1.39
19,118,8.5,17.01,16.74,87.97,1.189,30.65
4,315,0.0,23.06,23.55,96.63,2.026,1.54
20,307,17.97,25.04,25.94,100.0,3.058,27.11
23,227,7.21,17.17,15.92,95.48,2.885,13.24
0,139,0.0,18.12,18.09,98.42,3.116,8.89
21,2,0.0,24.88,24.94,100.0,3.602,0.0
22,38,0.0,20.24,19.81,95.45,3.751,12.64
17,22,176.81,31.23,36.23,74.3,2.42,207.66
21,359,4.15,23.61,24.88,94.66,3.5,9.91
7,29,199.63,27.65,33.45,68.12,1.581,372.93
7,257,273.87,23.5,32.02,67.35,1.852,467.6
21,96,0.0,19.96,20.61,95.71,1.848,0.0
3,67,3.09,21.51,21.64,89.04,2.437,21.74
18,52,160.19,26.23,31.61,70.9,1.282,129.11
0,306,17.61,20.32,21.13,98.88,2.594,17.15
19,351,2.85,24.14,23.27,88.01,2.979,18.51
19,263,0.0,20.95,20.25,91.65,4.302,3.76
13,196,984.3,23.78,54.87,36.98,1.452,1548.95
8,255,425.72,25.55,39.44,61.14,0.753,745.77
10,183,906.9,19.75,48.89,40.5,0.719,1486.82
10,69,630.86,25.6,44.28,40.99,1.994,411.37
16,337,314.88,34.42,43.83,54.89,4.898,485.3
21,135,10.98,19.0,19.62,92.39,1.117,7.11
11,156,1002.14,23.64,55.48,28.4,3.754,1580.46
23,116,7.64,14.66,14.64,91.88,1.013,30.44
8,258,425.38,27.21,40.8,57.22,1.342,306.36
19,129,6.72,18.8,18.25,95.73,1.612,0.0
4,207,6.09,15.27,15.99,97.85,2.562,0.0
21,185,10.52,13.75,13.46,94.67,0.676,0.03
13,244,846.55,24.57,51.0,34.42,3.716,1369.89
9,12,383.69,29.64,42.39,49.07,2.28,646.71
3,209,1.15,14.56,15.09,89.64,3.077,10.49
14,154,900.33,24.22,51.91,32.47,3.202,986.72
14,112,761.03,24.88,48.14,33.95,2.671,1272.09
2,8,0.0,25.27,24.97,94.7,1.045,0.0
13,325,539.41,29.96,45.01,37.76,2.933,384.17
6,320,150.72,26.52,30.65,83.63,1.873,263.46
6,124,223.2,18.68,23.94,77.43,1.635,176.81
10,198,864.83,24.11,51.48,38.83,1.979,605.9
21,54,0.0,23.78,25.48,97.06,2.838,6.28
5,269,0.0,19.34,19.33,92.98,4.034,0.0
15,130,673.82,22.85,45.34,46.99,3.119,121.19
5,330,7.05,26.92,25.97,94.97,2.775,1.11
11,345,491.51,33.46,48.5,43.34,1.932,548.15
1,223,0.0,16.66,17.01,97.38,1.155,0.0
2,95,5.68,17.54,17.17,91.54,0.735,14.25
4,139,0.0,15.29,16.5,94.26,5.353,8.51
11,261,785.04,28.27,53.43,30.23,5.089,1238.75
19,214,31.04,19.08,19.0,85.46,4.666,14.88
12,360,523.75,32.0,48.31,39.82,1.66,539.01
0,183,0.0,12.77,12.72,93.62,2.187,11.31
7,272,254.94,25.46,31.85,64.04,2.703,443.06
5,323,21.88,28.72,29.53,90.62,4.572,59.65
19,70,4.43,20.03,20.57,86.46,2.127,18.03
12,273,763.44,28.1,51.27,32.28,4.377,486.63
4,90,19.43,17.2,18.24,98.48,5.454,38.9
16,200,526.02,20.68,37.41,62.29,4.83,919.43
12,18,566.82,33.93,50.07,42.03,2.906,922.27
11,15,527.27,31.02,47.88,38.7,2.154,854.7
5,155,6.53,16.1,15.53,86.96,0.454,11.48
5,125,0.0,19.23,18.73,87.32,1.926,0.0
12,1,530.74,32.2,49.27,42.31,2.765,895.8
21,236,37.11,16.84,17.98,95.16,0.891,37.52
20,65,0.0,23.5,23.52,92.64,1.866,19.83
7,14,213.22,29.83,36.6,66.88,1.205,371.7
1,174,7.45,15.15,14.91,97.13,4.551,16.58
1,141,6.83,14.04,13.21,89.05,1.308,0.0
17,342,198.36,30.52,37.78,69.61,1.818,159.24
21,149,1.92,16.43,16.08,93.55,1.698,15.02
19,228,2.32,19.79,19.43,88.92,2.019,0.0
1,100,3.63,17.41,17.15,89.6,1.849,0.0
7,225,325.75,23.89,33.82,66.86,3.577,595.23
17,222,337.13,22.4,32.38,72.34,2.26,242.95
3,344,0.0,22.49,23.73,90.72,2.469,0.0
17,69,283.78,25.21,33.59,63.45,1.286,464.01
2,200,18.19,14.67,15.84,95.86,3.146,24.96
12,165,1033.19,21.09,54.16,26.54,3.206,678.69
5,56,2.54,27.1,26.55,89.42,2.744,0.0
21,358,32.16,23.84,22.7,97.89,3.235,25.36
12,41,618.47,31.46,50.78,34.8,3.598,413.15
